run_id,machine,operation,status,month,year,n_samples,is_fault,x_mean,x_std,x_rms,x_peak,x_crest,x_kurtosis,x_min,x_max,y_mean,y_std,y_rms,y_peak,y_crest,y_kurtosis,y_min,y_max,z_mean,z_std,z_rms,z_peak,z_crest,z_kurtosis,z_min,z_max
M01_Aug_2019_OP00_000,M01,OP00,good,Aug,2019,268288,0,-3.874869543177481,469.4061182277413,469.4221111575517,2252.0,4.797387993605106,6.768098628457065,-2012.0,2252.0,34.39363296159351,158.9310982260728,162.6100119046869,2051.0,12.612999507079454,6.686592515733086,-1868.0,2051.0,-1014.5148646230916,142.38992515003102,1024.4585405595687,1786.0,1.7433599597153735,4.033052724811183,-1786.0,-152.0
M01_Aug_2019_OP00_001,M01,OP00,good,Aug,2019,268288,0,-4.080831047232825,469.3369838917128,469.3547247345082,2246.0,4.78529325825037,6.760244120645253,-1940.0,2246.0,34.439658128578245,156.54428269044695,160.28787382419142,1932.0,12.053313540855099,6.863664370093487,-1887.0,1932.0,-1014.8889029699427,142.39309087887852,1024.8293895578788,1795.0,1.7515110498288697,3.990074027089471,-1795.0,-220.0
M01_Aug_2019_OP00_003,M01,OP00,good,Aug,2019,268288,0,-4.016683563931298,469.25508444772737,469.27227493950295,2260.0,4.81596744723807,6.776267817302337,-2260.0,2168.0,32.2775077528626,140.61105010581082,144.2681701505739,1842.0,12.767889119807156,9.181471820853657,-1823.0,1842.0,-1014.7422285007157,136.81332133041488,1023.9236666842202,1672.0,1.6329342258631938,4.045437503279463,-1672.0,-216.0
M01_Aug_2019_OP00_004,M01,OP00,good,Aug,2019,264192,0,-4.769266291182171,470.19903365382976,470.2232205558883,2324.0,4.94233355224911,6.705732026789197,-2022.0,2324.0,32.96749333817829,140.7669421834951,144.57588882207946,2131.0,14.739663835803832,9.545921805747401,-1879.0,2131.0,-1015.0247017320736,142.2544501315511,1024.944619825147,1768.0,1.7249712480091037,3.5604576555523626,-1768.0,-279.0
M01_Aug_2019_OP00_005,M01,OP00,good,Aug,2019,268288,0,-5.025476353769084,468.3226581179377,468.34962103030796,2008.0,4.2873953769465265,6.7705018210590735,-2008.0,2004.0,32.63177257275763,143.52404992973763,147.186906650945,2039.0,13.85313440165915,9.064430699952531,-1774.0,2039.0,-1015.0949613847805,142.54178472842665,1025.054116143306,1663.0,1.6223533702366082,3.502953536985494,-1663.0,-316.0
M01_Aug_2019_OP00_006,M01,OP00,good,Aug,2019,268288,0,-4.7303196564885495,468.3073245465711,468.33121415086146,2053.0,4.383649729011392,6.774830347959653,-1996.0,2053.0,32.98672695014313,147.8898066986323,151.52398846467224,1953.0,12.88904826086558,8.576484871710564,-1795.0,1953.0,-1015.3887836951336,141.02341440165122,1025.1351059559822,1713.0,1.6709992566321825,3.631188453680015,-1713.0,-322.0
M01_Aug_2019_OP00_007,M01,OP00,good,Aug,2019,269312,0,-4.491036418726236,467.60832897525785,467.6298950400277,2115.0,4.522807507460493,6.781157193054034,-1924.0,2115.0,31.903056677756656,139.06711709187786,142.67959938838567,1873.0,13.127314682889873,9.569153992706877,-1698.0,1873.0,-1015.1854020615494,141.20707532790084,1024.9589448761005,1645.0,1.6049423327866577,3.6452241238587484,-1645.0,-353.0
M01_Aug_2019_OP00_008,M01,OP00,good,Aug,2019,268288,0,-4.018841692509542,469.1177320293231,469.1349460367297,2012.0,4.288744671437194,6.7759617409727255,-1996.0,2012.0,34.13162347924618,157.23349774134792,160.89543353777165,2014.0,12.517446615582134,7.094964021406959,-1821.0,2014.0,-1015.1868328065362,142.65602516753356,1025.1609859043438,1717.0,1.6748588988541657,3.999222153974085,-1717.0,-144.0
M01_Aug_2019_OP00_009,M01,OP00,good,Aug,2019,263168,0,-3.7609929778696496,472.05156545267454,472.0665477604828,2213.0,4.687898370470496,6.658920647198077,-1950.0,2213.0,31.65757234922179,142.06153718144833,145.546151558199,1924.0,13.219174670040363,8.917967552346797,-1922.0,1924.0,-1014.960675310068,151.7597014501583,1026.2437232013215,1672.0,1.629242607968671,3.5779158302159253,-1672.0,-273.0
M01_Aug_2019_OP00_010,M01,OP00,good,Aug,2019,268288,0,-4.2706569060114505,469.0794897830413,469.0989301261805,2129.0,4.538488287379661,6.753295323409607,-2035.0,2129.0,33.734091722328245,144.14661613776676,148.0413316891575,1989.0,13.435437099257557,8.695669722895346,-1883.0,1989.0,-1014.7772542938932,134.8769495420151,1023.7014542091907,1655.0,1.6166822789936226,4.10222456549281,-1655.0,-257.0
M01_Aug_2019_OP00_011,M01,OP00,good,Aug,2019,268288,0,-4.051224803196565,468.65149055153023,468.66900048816655,2221.0,4.738952219341587,6.7593682588242405,-2006.0,2221.0,32.50433862118321,141.59977698696403,145.2825828238144,1998.0,13.752508808457748,9.55999382201439,-1870.0,1998.0,-1014.9802786557728,132.22839958398538,1023.5571873211054,1651.0,1.6130022049095887,4.051201027018587,-1651.0,-312.0
M01_Aug_2019_OP00_012,M01,OP00,good,Aug,2019,269312,0,-4.23169038141635,467.83170254049696,467.85084065909746,2096.0,4.4800603479673216,6.763004556181174,-2053.0,2096.0,33.10810881059886,146.5644961260066,150.25744039376102,2049.0,13.63659592916291,8.946783809233352,-1918.0,2049.0,-1014.8717212749525,138.12953762669434,1024.2286755449436,1682.0,1.6422113929832,3.9640588562480112,-1682.0,-286.0
M01_Aug_2019_OP00_013,M01,OP00,good,Aug,2019,268288,0,-3.9709528566316794,469.03345305687725,469.05026228864585,2102.0,4.481396065623483,6.726249674456601,-2102.0,2055.0,33.34975846851145,148.607140986027,152.3032788286219,1838.0,12.068026467560134,7.821289531686199,-1797.0,1838.0,-1015.1018271409828,138.64797693071048,1024.5267107166803,1723.0,1.6817521514834115,3.9859260754232975,-1723.0,-327.0
M01_Aug_2021_OP00_002,M01,OP00,good,Aug,2021,268288,0,-4.307740189646947,470.1178697838082,470.13760551098983,2215.0,4.7113865686037375,6.905933274882222,-1977.0,2215.0,32.21090395395992,178.83648171083934,181.71414233416894,2067.0,11.375008975354408,6.7848648330033665,-1926.0,2067.0,-1013.9626968034352,162.05262710608235,1026.8307574575656,2094.0,2.039284453442695,3.5423660960006678,-2094.0,-234.0
M01_Aug_2021_OP00_003,M01,OP00,good,Aug,2021,269312,0,-4.124049429657795,469.33703388180186,469.3551524769552,2199.0,4.685151507115858,6.911785896500133,-1983.0,2199.0,31.364387773288975,162.82868451632044,165.82190844912094,2151.0,12.971747944029907,7.810250945078494,-2014.0,2151.0,-1014.2620343690589,156.91457991229777,1026.328241719731,2053.0,2.000334704382647,3.9121766053357576,-2053.0,-263.0
M01_Feb_2019_OP00_000,M01,OP00,good,Feb,2019,266400,0,2.230003833770752,465.4129638671875,465.4183349609375,2264.0,4.8644409339610934,6.88230562210083,-1940.0,2264.0,30.156625747680664,145.96343994140625,149.04612731933594,1110.0,7.447358881199179,7.638971328735352,-1110.0,1054.0,-1036.9449462890625,136.8765106201172,1045.93994140625,1813.0,1.733369124007684,4.259602069854736,-1813.0,-374.0
M01_Feb_2019_OP00_001,M01,OP00,good,Feb,2019,265200,0,1.9404524564743042,465.6685791015625,465.672607421875,2160.0,4.638451920027053,6.813460826873779,-1938.0,2160.0,29.955347061157227,149.45086669921875,152.42337036132812,1138.0,7.466046691542822,7.5630412101745605,-1138.0,993.0,-1037.3057861328125,141.001953125,1046.84521484375,1868.0,1.7844089780539465,4.102053165435791,-1868.0,-306.0
M01_Feb_2019_OP00_002,M01,OP00,good,Feb,2019,266400,0,2.2265427112579346,464.0600280761719,464.06536865234375,2258.0,4.865693827913258,6.862216949462891,-1942.0,2258.0,29.913516998291016,150.0205841064453,152.9738311767578,1085.0,7.09271639242863,7.439567565917969,-1040.0,1085.0,-1037.0621337890625,138.7814483642578,1046.306884765625,1866.0,1.7834155802367562,4.138863563537598,-1866.0,-374.0
M01_Feb_2019_OP00_003,M01,OP00,good,Feb,2019,264000,0,1.8284810781478882,464.7282409667969,464.7318420410156,2010.0,4.3250748456840284,6.836414813995361,-1911.0,2010.0,29.82860565185547,153.24111938476562,156.11721801757812,1056.0,6.764148204851428,6.725540637969971,-1016.0,1056.0,-1037.0845947265625,143.53741455078125,1046.970703125,1889.0,1.8042529694113785,3.8815112113952637,-1889.0,-374.0
M01_Feb_2019_OP00_004,M01,OP00,good,Feb,2019,265200,0,1.898239016532898,464.55615234375,464.5600280761719,2227.0,4.793783075187107,6.839366436004639,-2006.0,2227.0,29.50137710571289,149.0126495361328,151.9049072265625,1054.0,6.938551355868869,7.358879089355469,-1054.0,1044.0,-1037.2347412109375,142.92323303222656,1047.0352783203125,1852.0,1.7688038200308185,3.9614248275756836,-1852.0,-370.0
M01_Feb_2020_OP00_001,M01,OP00,good,Feb,2020,273408,0,0.06582104400749064,466.44243958715947,466.44244423125855,2297.0,4.924508968701753,6.874772144964319,-2076.0,2297.0,37.8489766210206,144.24199895097715,149.1251128838877,2588.0,17.354555178208496,11.373288479266053,-2236.0,2588.0,-1013.0558688845974,191.71669146227094,1031.0370911207638,1778.0,1.7244772426831594,2.585507346022733,-1778.0,-214.0
M01_Feb_2020_OP00_002,M01,OP00,good,Feb,2020,271360,0,-0.040470224056603776,468.00299600870926,468.0029977585261,2311.0,4.938002557822074,6.842243773696884,-2115.0,2311.0,36.79090507075472,143.69424249285683,148.32938354055554,2559.0,17.252144780203512,13.251318005155067,-2559.0,2549.0,-1012.8486733490566,183.83307681801756,1029.3964422113197,1871.0,1.8175699111420784,2.7856008205101004,-1871.0,-156.0
M01_Feb_2021_OP00_003,M01,OP00,good,Feb,2021,269312,0,-5.534848057271863,469.30123787605334,469.3338752050752,2125.0,4.527693636159296,6.93623314520131,-2119.0,2125.0,32.76389837808935,170.55099990209166,173.66956153722802,1950.0,11.228219745243011,7.616251893175618,-1789.0,1950.0,-1013.4982733780894,192.30469690104604,1031.5812360597547,2006.0,1.9445875224157352,2.6954760706347454,-2006.0,-308.0
M01_Feb_2021_OP00_004,M01,OP00,good,Feb,2021,267264,0,-5.624304058908046,471.0805013742699,471.11407490243863,2039.0,4.328038809755895,6.870205701491082,-2039.0,2024.0,30.928157177921456,159.70572384534162,162.672889982894,2033.0,12.497472690217663,9.45385677102472,-1973.0,2033.0,-1013.8410298431513,174.74878080436383,1028.7909263723282,2106.0,2.0470631554129985,3.1477748406689505,-2106.0,-302.0
M01_Feb_2021_OP00_005,M01,OP00,good,Feb,2021,267264,0,-4.774485153256705,471.39185301241747,471.4160315421605,2172.0,4.607395282877116,6.842298325981571,-1977.0,2172.0,33.24403585967433,160.58145884120793,163.98649591905385,2121.0,12.93399183946803,8.640813544240636,-1926.0,2121.0,-1013.7606636135057,172.08342937903373,1028.26231563592,2067.0,2.010187447861183,3.2179765481794607,-2067.0,-281.0
M01_Feb_2021_OP00_006,M01,OP00,good,Feb,2021,268288,0,-4.368398884780534,470.27980848995196,470.30009694041365,2119.0,4.5056337725324225,6.873547031381928,-1989.0,2119.0,34.77754129890267,167.56744836334988,171.13832747167075,2104.0,12.294148430007791,7.814676596432091,-2002.0,2104.0,-1013.3616300393606,193.62523276757574,1031.6940069615255,2086.0,2.021917337819519,2.803641985959609,-2086.0,-228.0
M01_Feb_2021_OP00_007,M01,OP00,good,Feb,2021,270000,0,-4.118096296296296,468.8267563325122,468.844842320325,2272.0,4.845952850319979,6.914305153063927,-2061.0,2272.0,34.63088888888889,167.90228221141746,171.43650380545282,2065.0,12.045275971932877,7.795279938332804,-1883.0,2065.0,-1013.1278481481481,192.08939382880482,1031.1771777511442,2051.0,1.9889889383247885,2.854209151471428,-2051.0,-267.0
M01_Feb_2021_OP00_008,M01,OP00,good,Feb,2021,268288,0,-3.520869364265267,470.66893953754544,470.6821083985218,2080.0,4.419118472714253,6.910263546281436,-2004.0,2080.0,35.21975638120229,161.3545575991073,165.1536390684591,2188.0,13.248269988728708,8.581371815570728,-1895.0,2188.0,-1013.1140453542462,174.6074614485876,1028.0505019149427,2178.0,2.11857296498864,3.235277748687708,-2178.0,-286.0
M01_Feb_2021_OP00_009,M01,OP00,good,Feb,2021,268288,0,-3.8764275703721376,470.51657387684224,470.5325418964243,2047.0,4.350389861984498,6.872672166370034,-2010.0,2047.0,35.1002057490458,160.93095974061347,164.71429278195717,2205.0,13.386816424722166,8.686615930557457,-1963.0,2205.0,-1013.0206680880248,178.87108412593054,1028.6912747320712,2030.0,1.9733811784577697,3.112099360812138,-2030.0,-251.0
M01_Aug_2019_OP01_000,M01,OP01,bad,Aug,2019,38983,1,-0.5931046605110168,447.8716125488281,447.8719787597656,2428.0,5.421192026175758,7.256074905395508,-2385.0,2428.0,34.50934982299805,228.08737182617188,230.6832275390625,888.0,3.849434609846663,2.2782022953033447,-774.0,888.0,-1034.8624267578125,242.0322265625,1062.7886962890625,1717.0,1.61556102920105,2.572758674621582,-1717.0,-310.0
M01_Feb_2019_OP01_000,M01,OP01,bad,Feb,2019,47081,1,0.2420509308576584,457.5335998535156,457.5336608886719,2356.0,5.149347909012682,6.494692802429199,-2356.0,2258.0,31.681697845458984,176.2740020751953,179.0984344482422,876.0,4.891165032786236,2.9681589603424072,-876.0,858.0,-1037.5819091796875,223.64344787597656,1061.41064453125,1618.0,1.5243864458459018,2.6933209896087646,-1618.0,-370.0
M01_Aug_2019_OP01_000,M01,OP01,good,Aug,2019,60416,0,-3.491558527542373,424.5801668973687,424.5945231671609,2246.0,5.289752640346141,7.663355594430839,-2082.0,2246.0,34.48096530720339,169.52168220238698,172.99288339479068,2110.0,12.197033534522486,9.984439089669035,-2022.0,2110.0,-1015.7325211864406,168.82559372550307,1029.6672451294796,1704.0,1.6549035701196106,3.4547380583181426,-1704.0,-27.0
M01_Aug_2019_OP01_001,M01,OP01,good,Aug,2019,59392,0,-3.377727640086207,427.30591259984806,427.31926236339916,2108.0,4.933079750117426,7.482837962906935,-2030.0,2108.0,34.345837823275865,171.13701697111958,174.54946334364948,2082.0,11.92785105217425,10.404427403470207,-2082.0,2002.0,-1015.5819807381465,168.21097214384926,1029.4181321259093,1690.0,1.64170413096366,3.4749674933946566,-1690.0,-269.0
M01_Aug_2019_OP01_002,M01,OP01,good,Aug,2019,55296,0,-2.0031105324074074,434.6547903915793,434.6594060435743,2543.0,5.850557849759419,7.426303619841174,-2129.0,2543.0,34.27533637152778,164.6313802826351,168.1614999253604,2258.0,13.427568147300233,14.448706372363715,-2258.0,1856.0,-1015.748679832176,175.0373098250621,1030.7198651484325,1667.0,1.6173162625132267,3.3824041844748387,-1667.0,-234.0
M01_Aug_2019_OP01_003,M01,OP01,good,Aug,2019,59392,0,-3.1139547413793105,428.1703846750827,428.18170795462487,2322.0,5.422931332335351,7.474714287171301,-2322.0,2264.0,34.42153825431034,164.67861112406234,168.23759168967888,1922.0,11.424319503724279,10.0624341806226,-1922.0,1594.0,-1015.8061355064655,159.5072291984227,1028.253208650057,1745.0,1.6970528127900757,3.6617883211040585,-1745.0,-212.0
M01_Aug_2019_OP01_004,M01,OP01,good,Aug,2019,60416,0,-3.1384567002118646,424.6443685305822,424.6559662069944,2090.0,4.921631076251617,7.601223859768392,-2028.0,2090.0,34.01416843220339,159.9051113268111,163.48274613112588,1944.0,11.891163110514187,11.12483345043705,-1817.0,1944.0,-1015.9850205243644,158.74464696802207,1028.311929752298,1600.0,1.5559481065102603,3.6881706322715613,-1600.0,-218.0
M01_Aug_2019_OP01_005,M01,OP01,good,Aug,2019,60416,0,-3.1688294491525424,424.1427078766322,424.15454509529894,2155.0,5.080695291184054,7.560804725663627,-2035.0,2155.0,33.83328919491525,159.3781775651564,162.92972393561982,1963.0,12.048139238090537,12.48868149550066,-1848.0,1963.0,-1016.0207891949152,159.40931677573565,1028.4500835486208,1754.0,1.7054789805139612,3.628081292067536,-1754.0,-306.0
M01_Aug_2019_OP01_006,M01,OP01,good,Aug,2019,59392,0,-3.2915375808189653,427.5089136053914,427.521584755329,2141.0,5.007934280617191,7.505608206734944,-2117.0,2141.0,33.63916015625,173.98170067570686,177.2039087210807,2110.0,11.907186558289435,10.172305403522987,-1914.0,2110.0,-1015.7072332974138,170.9898112376487,1029.9993686016385,1622.0,1.5747582468929873,3.352653268624036,-1622.0,-257.0
M01_Aug_2019_OP01_007,M01,OP01,good,Aug,2019,64512,0,-2.6087394593253967,414.30158254074973,414.30979570526245,2514.0,6.0679231484752165,8.44150223641381,-2028.0,2514.0,32.682400173611114,161.30146986873237,164.57917080518308,1752.0,10.645332525547177,9.9602137897097,-1684.0,1752.0,-1015.344478546627,193.28618413575265,1033.5782307560864,1694.0,1.6389664077588009,3.244346763922193,-1694.0,-253.0
M01_Aug_2019_OP01_008,M01,OP01,good,Aug,2019,59392,0,-2.9328697467672415,428.49878950857317,428.50882643799065,2123.0,4.954390362615363,7.484748630578653,-2035.0,2123.0,34.623215247844826,161.0134078974297,164.6939117175941,2178.0,13.224532572489299,13.304319189721308,-2178.0,1778.0,-1015.6616042564655,164.08467014215287,1028.830536743771,1641.0,1.5950148653185718,3.6189917631305555,-1641.0,-93.0
M01_Aug_2019_OP01_009,M01,OP01,good,Aug,2019,59392,0,-2.6228616648706895,428.67163986301375,428.6796638822028,2158.0,5.0340619857185445,7.45964123605677,-2158.0,2139.0,33.331492456896555,160.47814159598232,163.9030881939212,2172.0,13.25173322805369,13.11178959684003,-2172.0,1987.0,-1015.6721107219828,162.9279211408357,1028.6570584921496,1604.0,1.5593146294560143,3.602692865540655,-1604.0,-189.0
M01_Aug_2019_OP01_010,M01,OP01,good,Aug,2019,60416,0,-2.9743445444915255,424.6573936132257,424.6678097947235,2348.0,5.529027503014602,7.594275724585706,-2217.0,2348.0,32.74382613877118,156.46814381343603,159.85755590095883,1957.0,12.242148886678066,13.52957346077,-1916.0,1957.0,-1015.892280190678,161.42580145786968,1028.6376496742332,1682.0,1.6351725027104393,3.6074055634743996,-1682.0,-357.0
M01_Aug_2019_OP01_011,M01,OP01,good,Aug,2019,60416,0,-3.0957858845338984,423.1716610456259,423.1829847741482,2242.0,5.297944578741865,7.566057914488578,-2242.0,2176.0,33.900473384533896,159.35377021626502,162.91981517861382,1985.0,12.18390775746821,12.233801866336952,-1985.0,1848.0,-1015.9929985434322,163.3315235149925,1029.0378805772912,1653.0,1.6063548594272017,3.5875696259652856,-1653.0,-253.0
M01_Aug_2019_OP01_012,M01,OP01,good,Aug,2019,59392,0,-2.9945783943965516,428.73896591433044,428.74942378159477,2283.0,5.32478849735542,7.44130990058525,-2283.0,2238.0,34.243669181034484,164.5824294120776,168.10712343669925,1846.0,10.98109325923426,11.279853753759108,-1846.0,1836.0,-1015.9978448275862,163.58038850332377,1029.0821950637367,1602.0,1.5567269628066778,3.5326675775856575,-1602.0,-318.0
M01_Aug_2019_OP01_013,M01,OP01,good,Aug,2019,59392,0,-2.5546369881465516,427.6287589493791,427.6363895305536,2172.0,5.079081325105089,7.465888957207997,-2037.0,2172.0,34.76224070581897,166.313118143008,169.90722952640786,1934.0,11.382682216588128,10.826837240850258,-1934.0,1916.0,-1015.6915914601293,166.2895736884814,1029.2140842799943,1768.0,1.717815590559895,3.5465521732861953,-1768.0,-366.0
M01_Feb_2019_OP01_000,M01,OP01,good,Feb,2019,58800,0,2.269676923751831,423.9693603515625,423.9754638671875,2373.0,5.597022003007595,7.615674018859863,-2184.0,2373.0,30.694965362548828,140.43368530273438,143.7490997314453,810.0,5.634817898082539,4.194265365600586,-675.0,810.0,-1037.598876953125,165.12486267089844,1050.65576171875,1608.0,1.5304727376828924,3.2834267616271973,-1608.0,-489.0
M01_Feb_2019_OP01_001,M01,OP01,good,Feb,2019,58800,0,2.1991496086120605,423.8206481933594,423.8263854980469,2196.0,5.181366887810527,7.468597412109375,-2194.0,2196.0,30.432992935180664,140.84036254882812,144.09085083007812,718.0,4.9829673144668645,4.008883953094482,-708.0,718.0,-1037.8104248046875,161.82595825195312,1050.3514404296875,1614.0,1.5366285396245374,3.3302252292633057,-1614.0,-515.0
M01_Feb_2019_OP01_002,M01,OP01,good,Feb,2019,58800,0,2.5973470211029053,423.2658386230469,423.2738037109375,2196.0,5.188131135797136,7.47860050201416,-2117.0,2196.0,30.199983596801758,142.76046752929688,145.91981506347656,772.0,5.290576880625653,4.0322723388671875,-757.0,772.0,-1037.7781982421875,163.20664978027344,1050.533203125,1667.0,1.5868132440185694,3.280824899673462,-1667.0,-507.0
M01_Feb_2019_OP01_003,M01,OP01,good,Feb,2019,56400,0,1.8289716243743896,422.83343505859375,422.8373718261719,2133.0,5.044492616127778,7.409417152404785,-1994.0,2133.0,30.350868225097656,140.77005004882812,144.00479125976562,819.0,5.687310768171819,3.9651663303375244,-694.0,819.0,-1037.5543212890625,167.72544860839844,1051.023681640625,1667.0,1.5860727299672728,3.227591037750244,-1667.0,-511.0
M01_Feb_2019_OP01_004,M01,OP01,good,Feb,2019,60000,0,2.6904666423797607,418.660400390625,418.6690673828125,2233.0,5.333568142396924,7.643453598022461,-2233.0,2162.0,30.44063377380371,139.16392517089844,142.45431518554688,823.0,5.777290768117777,4.018668174743652,-728.0,823.0,-1037.853515625,162.79354858398438,1050.54345703125,1672.0,1.591557197191,3.348832368850708,-1672.0,-495.0
M01_Feb_2020_OP01_000,M01,OP01,good,Feb,2020,66560,0,-1.5633413461538461,410.7892115628544,410.79218635776914,2295.0,5.58676643864211,8.085925069065832,-2028.0,2295.0,36.74842247596154,147.47307224125169,151.98274109498485,2865.0,18.850824635472637,33.18933231598638,-2395.0,2865.0,-1013.2813551682692,147.0186642952803,1023.8913967715582,2170.0,2.1193654003171116,4.004803528682133,-2170.0,-148.0
M01_Feb_2020_OP01_001,M01,OP01,good,Feb,2020,55296,0,0.19200303819444445,439.0416549376547,439.0416969213304,2338.0,5.325234519624531,6.96670986234581,-2295.0,2338.0,38.6044921875,181.4801468385586,185.5406977285564,2479.0,13.36095007913975,16.88099284016054,-2211.0,2479.0,-1013.7075737847222,181.38594944691323,1029.8077042852544,1618.0,1.57116711524603,3.2711342384598345,-1618.0,-52.0
M01_Feb_2020_OP01_002,M01,OP01,good,Feb,2020,60416,0,-0.4539360434322034,430.6005324599052,430.6007717279259,2274.0,5.280993786599207,7.320882117226146,-2028.0,2274.0,37.822944253177965,175.874181274421,179.89525494277748,2769.0,15.392290368530206,16.990989390196912,-2516.0,2769.0,-1013.576767743644,171.84223454786724,1028.0406692753245,1618.0,1.5738676964409817,3.5656390572031693,-1618.0,-163.0
M01_Feb_2020_OP01_003,M01,OP01,good,Feb,2020,59392,0,-0.13841931573275862,434.3814223867577,434.38144444100027,2330.0,5.363949196767478,7.160162043666232,-2114.0,2330.0,37.69723195043103,176.70290313301396,180.67926630457606,2492.0,13.792396056109538,19.071125421467777,-2414.0,2492.0,-1013.6151670258621,174.63897374860412,1028.5496964059791,1871.0,1.8190662119076617,3.498834163734698,-1871.0,-302.0
M01_Feb_2021_OP01_000,M01,OP01,good,Feb,2021,58368,0,-4.422748766447368,429.4741802555833,429.4969525070654,2117.0,4.929022168009852,7.156108096096592,-1854.0,2117.0,29.88500548245614,150.95689507966927,153.88663920165618,1747.0,11.352512531713009,11.9481227550251,-1747.0,1696.0,-1013.7424444901316,185.192020388489,1030.5192032060334,1776.0,1.7234031102717078,3.5064217707721994,-1776.0,-306.0
M01_Feb_2021_OP01_001,M01,OP01,good,Feb,2021,54272,0,-3.943783166273585,434.52556063393695,434.54345728580444,2285.0,5.258392369481997,6.937454762520169,-1916.0,2285.0,32.725456957547166,152.3064116258546,155.78253610538164,1846.0,11.849852019043029,14.04474750289007,-1846.0,1725.0,-1013.6698665978773,196.1205309927641,1032.467849923397,1729.0,1.674628415914628,3.308732275150734,-1729.0,-257.0
M01_Feb_2021_OP01_002,M01,OP01,good,Feb,2021,56320,0,-2.5329545454545452,426.6399414975623,426.64746048672635,2000.0,4.687711014893579,7.099240806286585,-1813.0,2000.0,34.09129971590909,160.76650881804858,164.3413735912647,2098.0,12.766109678613006,16.0407101408603,-1926.0,2098.0,-1012.9226740056819,193.27403791779318,1031.196973059885,1774.0,1.7203308837650921,3.3323912381641643,-1774.0,-372.0
M01_Feb_2021_OP01_003,M01,OP01,good,Feb,2021,60416,0,-5.060646186440678,421.23327974317834,421.26367764503397,2073.0,4.920908471360675,7.399046568151903,-1848.0,2073.0,30.355832891949152,149.89996820711224,152.94272476668252,2383.0,15.580996112337601,16.879135253033148,-2383.0,1893.0,-1013.7611063294491,182.3802138123048,1030.0359814572162,1731.0,1.6805238177710196,3.675269733509878,-1731.0,-265.0
M01_Feb_2021_OP01_004,M01,OP01,good,Feb,2021,59392,0,-3.7836408943965516,425.76945388170657,425.7862653927959,2002.0,4.701889569296269,7.277627240124894,-1955.0,2002.0,32.628098060344826,147.7928665465284,151.35165735820482,2012.0,13.293544551271006,15.703763476261809,-1895.0,2012.0,-1013.6662345096983,183.59767359924652,1030.1588910144521,1764.0,1.7123572056567853,3.6575645188049286,-1764.0,-355.0
M01_Feb_2021_OP01_005,M01,OP01,good,Feb,2021,60416,0,-3.948672537076271,422.0688683125952,422.08733884526777,2067.0,4.897090743481737,7.407304078382735,-1916.0,2067.0,31.50493246822034,146.03778654450002,149.39744264425704,2057.0,13.76864264603309,13.701950080084314,-2057.0,1670.0,-1013.3348450741526,184.0304681922425,1029.9100550361243,1717.0,1.6671358742485294,3.6255430224605805,-1717.0,-286.0
M01_Feb_2021_OP01_006,M01,OP01,good,Feb,2021,55296,0,-2.721661603009259,430.869082833487,430.87767867882366,2033.0,4.718276440389475,7.005993152537995,-1942.0,2033.0,34.773148148148145,157.64587327572082,161.43541492806864,2098.0,12.995909236736026,15.855874775417815,-2043.0,2098.0,-1012.9967990451389,199.24270037738324,1032.4050409259773,1747.0,1.6921653137542734,3.279548266231632,-1747.0,-333.0
M01_Feb_2021_OP01_007,M01,OP01,good,Feb,2021,59392,0,-3.5038725754310347,425.4723305373583,425.48675793250715,2088.0,4.907320759277799,7.252965421317562,-1881.0,2088.0,34.614796605603445,153.59419469916367,157.44637432895016,2096.0,13.312469143435855,14.127613157236825,-2096.0,2049.0,-1013.2382644127155,188.68058503402494,1030.6561713970736,1745.0,1.6930961541079408,3.523479378590166,-1745.0,-300.0
M01_Feb_2021_OP01_008,M01,OP01,good,Feb,2021,59392,0,-3.108954067887931,426.42028500277814,426.4316182663368,1998.0,4.685393658478925,7.292389992383637,-1998.0,1971.0,35.19947130926724,152.5274118298071,156.53630294583908,2088.0,13.33875887385969,15.73634496982188,-1992.0,2088.0,-1013.089321794181,184.28399141720624,1029.713825985672,1729.0,1.679107297937804,3.5901142421157974,-1729.0,-290.0
M01_Feb_2021_OP01_009,M01,OP01,good,Feb,2021,59392,0,-3.1242759967672415,426.16011089951024,426.1715631320171,1996.0,4.683559797681034,7.284384860500593,-1996.0,1885.0,34.98681640625,152.42180873076722,156.3856933961775,2035.0,13.012699280903282,13.93908971673336,-1932.0,2035.0,-1012.9491177262931,182.00478543719524,1029.1703731766258,1735.0,1.685823888074788,3.632536769510764,-1735.0,-417.0
M01_Feb_2021_OP01_010,M01,OP01,good,Feb,2021,59392,0,-3.023302801724138,425.21424116733914,425.22498897800796,2078.0,4.886824748927141,7.221259988906326,-1899.0,2078.0,34.01995218211207,159.26837760778716,162.86120855590465,2221.0,13.637378843578992,15.776817998971081,-2221.0,2084.0,-1013.0969322467672,191.12042932015385,1030.9667369179913,1889.0,1.8322608599837507,3.5506927552895253,-1889.0,-351.0
M01_Feb_2021_OP01_011,M01,OP01,good,Feb,2021,54272,0,-3.257849351415094,434.533129254453,434.5453417102336,2336.0,5.375733613450417,6.929006462318529,-1983.0,2336.0,30.554705925707548,147.56608549006356,150.69618323324323,1604.0,10.643932484456988,10.976981912255216,-1604.0,1456.0,-1013.6513856132076,184.9806756133721,1030.391664322822,1700.0,1.649858067434239,3.308133478019531,-1700.0,-333.0
M01_Feb_2021_OP01_012,M01,OP01,good,Feb,2021,60416,0,-4.14449814618644,422.0725630183901,422.0929107646759,2022.0,4.79041449982395,7.3786222660267,-1903.0,2022.0,30.30760063559322,154.77683890510568,157.7162658629212,1727.0,10.950043678443533,11.009746844385186,-1727.0,1704.0,-1013.7475503177966,182.66804355427965,1030.0736429553383,1754.0,1.7027908751918717,3.6440089747291675,-1754.0,-396.0
M01_Feb_2021_OP01_013,M01,OP01,good,Feb,2021,62500,0,-4.90072,414.92382948136594,414.9527699967793,2115.0,5.096965613740609,7.6601490929042715,-2063.0,2115.0,30.047744,148.17374264190826,151.18969848504892,1657.0,10.959741414947395,11.029219994264334,-1544.0,1657.0,-1013.601456,181.51644014435735,1029.726240147351,1713.0,1.6635489445766423,3.739808704810528,-1713.0,-357.0
M01_Feb_2021_OP01_014,M01,OP01,good,Feb,2021,59392,0,-4.587553879310345,425.37325673078414,425.39799387438245,2141.0,5.032933936759995,7.274067676281337,-1887.0,2141.0,31.08917025862069,154.04992778023626,157.15570863467073,1723.0,10.963648822998481,10.917910041870112,-1708.0,1723.0,-1013.4695581896551,178.3438979844732,1029.04183166936,1696.0,1.648135136789016,3.586460341027792,-1696.0,-331.0
M01_Feb_2019_OP02_000,M01,OP02,bad,Feb,2019,71711,1,-1.5081368684768677,409.1831359863281,409.1859436035156,2254.0,5.508498117384094,8.444509506225586,-1983.0,2254.0,33.00518798828125,399.44305419921875,400.8043212890625,1905.0,4.752942767366279,2.9128174781799316,-1905.0,1631.0,-1037.4097900390625,223.23403930664062,1061.1561279296875,1871.0,1.7631712721202633,2.5168440341949463,-1871.0,-189.0
M01_Aug_2019_OP02_000,M01,OP02,good,Aug,2019,93184,0,-3.3339199862637363,375.8315299680375,375.8463169176873,2508.0,6.67294020749781,11.100566585543849,-2508.0,2254.0,34.03870836195055,179.62946247916435,182.8260852764272,2244.0,12.273959684730675,8.090288015216604,-2244.0,1889.0,-1015.6329198145604,185.75025858472998,1032.4792425881226,2012.0,1.9487074577465657,3.03941189452817,-2012.0,-48.0
M01_Aug_2019_OP02_001,M01,OP02,good,Aug,2019,94208,0,-3.1681916610054346,375.06438042807537,375.0777611433353,2320.0,6.185384046572189,11.135126377283868,-2320.0,2291.0,34.12199600883152,186.3629547105814,189.4609761932122,2400.0,12.667516278141001,7.66565257704159,-2400.0,2063.0,-1015.5500912873641,185.6679670257739,1032.3829628065632,1817.0,1.7600057977133141,3.0356163352599284,-1817.0,13.0
M01_Aug_2019_OP02_002,M01,OP02,good,Aug,2019,89088,0,-3.5970613326149423,384.35321211831155,384.37004372855904,2502.0,6.5093522266446575,11.000568077039002,-2338.0,2502.0,33.27288748204023,166.98919565344102,170.27177248850063,2022.0,11.875133326262617,9.644085576892971,-1987.0,2022.0,-1015.5553722162356,182.033258641946,1031.7406754068886,1871.0,1.8134401837575433,3.0736941652096625,-1871.0,91.0
M01_Aug_2019_OP02_003,M01,OP02,good,Aug,2019,88064,0,-3.494469930959302,379.6321187315636,379.6482014875277,2342.0,6.168868944521893,10.836842142930365,-2264.0,2342.0,34.126226380813954,179.26148262327084,182.48089894366422,1977.0,10.834010635876703,7.6549262474236,-1912.0,1977.0,-1015.6900322492733,186.18549234952786,1032.613809307219,1959.0,1.8971274472053532,3.0174754916383333,-1959.0,-83.0
M01_Aug_2019_OP02_004,M01,OP02,good,Aug,2019,91136,0,-2.881331197331461,375.1909585134105,375.2020221423126,2420.0,6.44985862864594,11.236665193300095,-2192.0,2420.0,34.49371269311798,176.9335844633988,180.26455427072193,2266.0,12.570413574467409,8.244183128542197,-2266.0,1887.0,-1015.2536209620787,173.1726781044199,1029.9168370885434,1797.0,1.7448010706183934,3.212383080550602,-1797.0,226.0
M01_Aug_2019_OP02_005,M01,OP02,good,Aug,2019,98304,0,-3.1118265787760415,369.3835645919203,369.39667196022447,2281.0,6.174933812737791,11.214667436000354,-2252.0,2281.0,34.311177571614586,190.51721885412917,193.58219852626692,2160.0,11.158050773490478,7.3615599142388115,-2160.0,1903.0,-1015.5183817545573,176.85983648562066,1030.8040480339196,1903.0,1.8461316713197269,3.1513050622302217,-1903.0,-214.0
M01_Aug_2019_OP02_006,M01,OP02,good,Aug,2019,95232,0,-3.417139196908602,370.9093754362015,370.9251159287601,2434.0,6.561971393890389,11.327998897496919,-2143.0,2434.0,33.716796875,170.08479611578076,173.39452200475284,2158.0,12.445606556940985,9.190879415934612,-2158.0,2106.0,-1015.0890667002689,170.83020815731575,1029.363285411664,1819.0,1.7671117920944146,3.198059901818054,-1819.0,-132.0
M01_Aug_2019_OP02_007,M01,OP02,good,Aug,2019,94208,0,-3.2219025985054346,372.78729861997545,372.8012213884673,2215.0,5.9415041392579555,11.264267285711044,-2215.0,2160.0,33.26038128396739,178.43778782573298,181.51114865841214,2361.0,13.007465477744248,8.503150370238112,-2361.0,2219.0,-1015.2916312839674,186.24824598980373,1032.2332612784467,1784.0,1.728291527624746,2.9952071293179903,-1784.0,-165.0
M01_Aug_2019_OP02_008,M01,OP02,good,Aug,2019,95232,0,-3.3980804771505375,371.88239311641456,371.89791779589285,2453.0,6.5958960311960375,11.435871424782768,-2215.0,2453.0,33.978988155241936,172.15997553348421,175.48113520188986,2184.0,12.445782263075303,8.87489225290955,-2184.0,1934.0,-1015.2785933299731,171.35548181221756,1029.637471744879,1821.0,1.7685836519858156,3.217885025341677,-1821.0,-142.0
M01_Aug_2019_OP02_009,M01,OP02,good,Aug,2019,88064,0,-3.340491006540698,388.8138271641763,388.82817680078017,2285.0,5.876631726642438,10.4814856606007,-2285.0,2196.0,32.221032430959305,179.3695899980965,182.24062320734689,1948.0,10.689164499748419,7.4890080436941355,-1948.0,1932.0,-1015.6712050327035,190.30067192277144,1033.3452194048427,1971.0,1.9073974147141275,3.0962236512607957,-1971.0,17.0
M01_Aug_2019_OP02_010,M01,OP02,good,Aug,2019,91136,0,-3.4157852001404496,378.7670478786071,378.78244962934673,2533.0,6.687215847721135,11.00980432409626,-2155.0,2533.0,33.83149359199438,169.42108820014474,172.7659546484387,2297.0,13.295443565106119,9.859045164305382,-2297.0,2059.0,-1015.5677558813202,178.75424092137763,1031.1793953688168,1852.0,1.7960017513127329,3.1471949189475494,-1852.0,-138.0
M01_Aug_2019_OP02_011,M01,OP02,good,Aug,2019,89088,0,-3.1522202765804597,383.27218018301994,383.2851426743768,2266.0,5.912047579483403,10.748161971700377,-2266.0,2248.0,32.63015220905172,166.74614913596665,169.90881402934903,1994.0,11.735706657663847,9.396542328982335,-1994.0,1791.0,-1015.2401670258621,185.51924752381893,1032.0513494708023,1877.0,1.8187079557257069,3.0754684220744197,-1877.0,-158.0
M01_Aug_2019_OP02_012,M01,OP02,good,Aug,2019,90112,0,-3.3520063920454546,380.76096307737396,380.7757173855256,2352.0,6.176864470637083,10.787126232802164,-2352.0,1992.0,33.63021573153409,172.61002022900766,175.85565243576323,2110.0,11.998476993912625,9.028845390727998,-2110.0,2045.0,-1015.4947509765625,178.18433195952989,1031.0088483697969,1832.0,1.7769003659829967,3.086867669052482,-1832.0,-247.0
M01_Aug_2019_OP02_013,M01,OP02,good,Aug,2019,94208,0,-2.504702360733696,376.1605977546367,376.16893656579543,2502.0,6.651266909069662,11.153395789197123,-2469.0,2502.0,34.02566661005435,177.65378634440162,180.882873127228,2274.0,12.571671163142854,8.469021781975544,-2264.0,2274.0,-1015.5243609884511,174.48095575150705,1030.4044505343331,1852.0,1.7973524852688816,3.268807296870133,-1852.0,-288.0
M01_Aug_2019_OP02_014,M01,OP02,good,Aug,2019,89088,0,-3.1563397988505746,382.9356909819697,382.9486987949748,2342.0,6.115701678500474,10.720062137204433,-2342.0,2209.0,33.68698365660919,165.42225829997398,168.81746476281404,2043.0,12.101828462300295,9.01009986598641,-1870.0,2043.0,-1016.032821479885,172.916051447047,1030.641865621814,1797.0,1.7435736504996537,3.16103331443895,-1797.0,-279.0
M01_Aug_2019_OP02_015,M01,OP02,good,Aug,2019,89088,0,-3.7178071120689653,383.02340964080884,383.04145261654566,2227.0,5.813992153557857,10.900049932050567,-2223.0,2227.0,33.97899829382184,166.43729739457726,169.87038084687543,2330.0,13.716340590890349,9.565414949589949,-2330.0,1928.0,-1015.4875404094828,184.4586883347001,1032.1046228115922,1946.0,1.8854677684698606,3.037079313070125,-1946.0,31.0
M01_Aug_2021_OP02_000,M01,OP02,good,Aug,2021,89088,0,-3.337407956178161,379.4259701442873,379.4406476799758,2102.0,5.539733322859096,10.905624850458743,-1983.0,2102.0,32.24242322198276,145.2952877036284,148.82974999678527,1731.0,11.630739150185965,12.56884342192634,-1731.0,1659.0,-1014.1256734913793,140.35264154251732,1023.7918468235162,1702.0,1.662447308289021,4.473889730132018,-1702.0,-357.0
M01_Aug_2021_OP02_001,M01,OP02,good,Aug,2021,90112,0,-3.1339777166193183,376.1641800326759,376.1772350315522,2119.0,5.6329830799630045,10.724563154504892,-1885.0,2119.0,30.844870827414773,145.83991851357308,149.06605209907968,1770.0,11.873930885507955,10.831574708524563,-1559.0,1770.0,-1014.0219393643466,138.46360534993175,1023.4318069704167,1764.0,1.7236126412973505,5.192462934950759,-1764.0,-158.0
M01_Aug_2021_OP02_002,M01,OP02,good,Aug,2021,88064,0,-3.499920512354651,380.79515605720206,380.81123975038037,1985.0,5.21255622943576,10.493545826279854,-1940.0,1985.0,30.849961391715116,144.23648267027528,147.49875609971406,1940.0,13.152653292130108,14.202300868036033,-1940.0,1702.0,-1014.1435092659884,141.629955321247,1023.9854010827656,1825.0,1.7822519716299068,5.401192324778939,-1825.0,-150.0
M01_Aug_2021_OP02_003,M01,OP02,good,Aug,2021,86000,0,-1.2818255813953487,393.73234903801443,393.73443557277784,2297.0,5.833881399422131,9.549657519075927,-2043.0,2297.0,30.773151162790697,181.8069891909407,184.39297207638577,1782.0,9.664142726989601,5.961353418842789,-1782.0,1526.0,-1014.0072558139535,153.8795802776409,1025.6167120663388,1846.0,1.7998926677791862,3.9308297823069247,-1846.0,-290.0
M01_Aug_2021_OP02_004,M01,OP02,good,Aug,2021,88000,0,-2.145284090909091,389.7593810105342,389.76528492099635,2139.0,5.487918197829152,9.77909436140531,-2043.0,2139.0,29.246545454545455,174.32859304113734,176.76486860439005,1965.0,11.116462312416745,8.85643923617542,-1922.0,1965.0,-1014.0678409090909,151.10147414410008,1025.2634985478344,1803.0,1.758572310975411,4.143085207769511,-1803.0,-269.0
M01_Feb_2019_OP02_000,M01,OP02,good,Feb,2019,85200,0,3.5340845584869385,379.2303161621094,379.2467956542969,2256.0,5.94863299005026,10.831340789794922,-1942.0,2256.0,30.177536010742188,151.362060546875,154.34104919433594,1198.0,7.762030945452227,6.338432312011719,-958.0,1198.0,-1036.234619140625,166.58612060546875,1049.53955078125,1901.0,1.811270474357012,3.517594337463379,-1901.0,-109.0
M01_Feb_2019_OP02_001,M01,OP02,good,Feb,2019,87600,0,3.1615867614746094,376.1895446777344,376.2028503417969,2240.0,5.954234525243127,10.89380168914795,-1991.0,2240.0,29.89842414855957,154.2291259765625,157.1004180908203,1190.0,7.574772966626077,5.990847110748291,-1013.0,1190.0,-1037.048828125,164.38992309570312,1049.997314453125,1797.0,1.711432948698483,3.457695245742798,-1797.0,-113.0
M01_Feb_2019_OP02_002,M01,OP02,good,Feb,2019,86400,0,3.738229274749756,372.5657958984375,372.5845642089844,2115.0,5.6765636668020605,11.108966827392578,-2098.0,2115.0,29.8565616607666,153.95057678222656,156.81900024414062,1251.0,7.977349670973574,6.530827522277832,-1038.0,1251.0,-1037.7957763671875,160.35400390625,1050.111083984375,1821.0,1.734102256201969,3.5685040950775146,-1821.0,-167.0
M01_Feb_2019_OP02_003,M01,OP02,good,Feb,2019,88800,0,3.1980292797088623,373.75738525390625,373.77105712890625,2151.0,5.7548597168618185,11.08495807647705,-1992.0,2151.0,29.780473709106445,152.00657653808594,154.89634704589844,1161.0,7.495334926497497,6.1236090660095215,-958.0,1161.0,-1037.2720947265625,168.47952270507812,1050.86572265625,1834.0,1.745227730298633,3.5333776473999023,-1834.0,17.0
M01_Feb_2019_OP02_004,M01,OP02,good,Feb,2019,87600,0,3.2576255798339844,375.3189392089844,375.33306884765625,2184.0,5.818831809052409,10.943072319030762,-1953.0,2184.0,29.796096801757812,157.47097778320312,160.26513671875,1286.0,8.024203057067908,6.254005432128906,-983.0,1286.0,-1037.5181884765625,167.4770050048828,1050.9483642578125,1891.0,1.7993272213097151,3.4197330474853516,-1891.0,-109.0
M01_Feb_2020_OP02_000,M01,OP02,good,Feb,2020,92160,0,-0.3426540798611111,388.22484055822963,388.2249917744622,2383.0,6.138193188202563,10.233020197819023,-2197.0,2383.0,37.91473524305555,167.26928178866206,171.51250618729188,2330.0,13.585015179334135,14.405779351174424,-2071.0,2330.0,-1013.2982747395833,177.25121985645083,1028.6842997396316,1965.0,1.910207048457294,3.4832233134655772,-1965.0,-5.0
M01_Feb_2020_OP02_001,M01,OP02,good,Feb,2020,95232,0,-0.30092825940860213,392.34461491650046,392.3447303224479,2389.0,6.089032973723399,9.854987912351806,-2389.0,2326.0,37.54730552755376,173.36365723420772,177.38308206252177,2502.0,14.105065550265534,13.316313411559598,-2502.0,2127.0,-1013.3599630376344,181.76152456177334,1029.5317705144682,1903.0,1.8484130888443104,3.4281761136311792,-1903.0,0.0
M01_Feb_2020_OP02_002,M01,OP02,good,Feb,2020,91136,0,-0.26663448033707865,391.68924385930075,391.6893346122879,2281.0,5.823492749063077,9.919832673940244,-2281.0,2141.0,37.19327159410113,167.02146603429577,171.11256402765397,2475.0,14.464162898055857,14.842073321837303,-2475.0,2274.0,-1013.2115409936798,176.42300074546318,1028.4564657752028,1936.0,1.8824326205589392,3.463590614387256,-1936.0,-150.0
M01_Feb_2020_OP02_003,M01,OP02,good,Feb,2020,89088,0,-0.5442371587643678,400.3336639803784,400.33403391422956,2348.0,5.865102142435015,9.55095894988154,-2233.0,2348.0,36.3182583512931,170.71773896422263,174.53813991998348,2510.0,14.380810985786272,14.46427481602472,-2510.0,2080.0,-1013.4052060883621,192.82760923521087,1031.5874168534447,1996.0,1.9348820733857084,3.3681909909923626,-1996.0,50.0
M01_Feb_2021_OP02_000,M01,OP02,good,Feb,2021,89088,0,-4.775053879310345,378.4542363868443,378.4843592259787,2022.0,5.342360789056385,10.919457996758648,-2022.0,1905.0,29.281530621408045,149.82272315593687,152.65731692058839,1721.0,11.273616192895988,13.649592576153655,-1721.0,1684.0,-1013.7605850395115,144.59013112190948,1024.0199362304934,1762.0,1.7206696253259244,3.969989765069272,-1762.0,-306.0
M01_Feb_2021_OP02_001,M01,OP02,good,Feb,2021,88064,0,-4.984965479651163,379.72858992799263,379.76130910024904,2030.0,5.345462929885052,10.88329943665288,-2018.0,2030.0,31.77651480741279,150.92585112720474,154.2347542928535,1967.0,12.753286436759613,14.504177534479908,-1813.0,1967.0,-1013.6033566497093,142.01359858334663,1023.5036037035482,1684.0,1.6453288429141288,3.8947019762552393,-1684.0,-308.0
M01_Feb_2021_OP02_002,M01,OP02,good,Feb,2021,88064,0,-2.340354742005814,382.36128102520536,382.3684433730829,2041.0,5.337783583799995,10.427763708787566,-1991.0,2041.0,33.11722156613372,151.5517524555534,155.1279602025687,2119.0,13.65969098822014,15.720874973238091,-2119.0,1916.0,-1013.0546875,145.24757116501289,1023.4142156502704,1706.0,1.666969223127333,4.281003661911341,-1706.0,-189.0
M01_Feb_2021_OP02_003,M01,OP02,good,Feb,2021,88064,0,-4.875840297965116,380.4320906070572,380.4633351352893,2125.0,5.5852950961604995,10.764899460334162,-2049.0,2125.0,30.529910065406977,152.1928047378179,155.22475711871934,1819.0,11.718491520065891,13.896824513510458,-1819.0,1721.0,-1013.71630859375,149.0401371328564,1024.6139354827844,1727.0,1.685512894362754,3.6229109315160355,-1727.0,-271.0
M01_Feb_2021_OP02_004,M01,OP02,good,Feb,2021,88064,0,-4.055698128633721,380.894473834409,380.9160654066745,2065.0,5.4211417882712825,10.748283420140128,-2004.0,2065.0,32.37193404796512,147.40697072110098,150.91970425089403,1719.0,11.390162792409638,13.341255854932863,-1719.0,1626.0,-1013.6118277616279,144.36466809339456,1023.8408542209986,1737.0,1.6965527336000055,4.072130606569925,-1737.0,-259.0
M01_Feb_2021_OP02_005,M01,OP02,good,Feb,2021,88064,0,-4.055982013081396,380.54010988560486,380.56172458858583,2065.0,5.426189410488958,10.843236998801855,-1996.0,2065.0,31.37353515625,147.50337707232563,150.80300048719567,1668.0,11.060787879625948,12.45648663729469,-1668.0,1631.0,-1013.3813590116279,142.977863099082,1023.4180221828389,1665.0,1.6269011918011145,4.12521395857697,-1665.0,-281.0
M01_Feb_2021_OP02_006,M01,OP02,good,Feb,2021,88064,0,-3.0109579396802326,382.50578390225314,382.51763434695624,2020.0,5.28080229150375,10.414681649242477,-1971.0,2020.0,33.857932867005815,152.0545840770979,155.77854844902717,2045.0,13.127609804819508,15.70259265637845,-2045.0,1842.0,-1013.2376794149709,142.80447895727238,1023.2515400411052,1680.0,1.6418250393569038,4.273017434571692,-1680.0,-242.0
M01_Feb_2021_OP02_007,M01,OP02,good,Feb,2021,88064,0,-2.984885992005814,382.27919263180286,382.29084564452796,2248.0,5.880339604287298,10.505179202216006,-2028.0,2248.0,33.73865597747093,148.82178928356825,152.5982367942989,1928.0,12.634484123161444,14.662091004585267,-1928.0,1762.0,-1013.3395371547965,142.3778975558746,1023.2929606293245,1723.0,1.6837797837877788,4.307827384650511,-1723.0,-269.0
M01_Feb_2021_OP02_008,M01,OP02,good,Feb,2021,90000,0,-3.4062111111111113,377.46027579553896,377.4756443504372,2164.0,5.732820202807592,10.84939927375783,-1952.0,2164.0,34.324822222222224,147.02933660959394,150.98284420570585,2008.0,13.299524264254885,15.251346778686472,-2008.0,1897.0,-1013.201,138.94295295831947,1022.6834361510788,1721.0,1.6828276856395281,4.563546524822802,-1721.0,-341.0
M01_Feb_2021_OP02_009,M01,OP02,good,Feb,2021,83968,0,-2.7034227324695124,383.5464159630215,383.5559433675217,2041.0,5.321257655612241,10.523764154617712,-2041.0,1983.0,34.6669326410061,148.0876782131517,152.0912773872914,1871.0,12.30182316922495,14.606764187981021,-1871.0,1762.0,-1013.1944907583842,144.89571477086017,1023.50273290407,1711.0,1.671710240719374,4.207921410299268,-1711.0,-308.0
M01_Feb_2021_OP02_010,M01,OP02,good,Feb,2021,89088,0,-2.775749820402299,379.7958814840478,379.8060246748468,1948.0,5.128933912166583,10.556800264461579,-1948.0,1938.0,33.09024784482759,148.79494660484852,152.42998601840728,2227.0,14.609986251203027,16.31919033697545,-2227.0,2037.0,-1013.1185906070402,143.6557917688514,1023.2527865304502,1713.0,1.67407313476104,4.440865043470535,-1713.0,-52.0
M01_Feb_2021_OP02_011,M01,OP02,good,Feb,2021,88064,0,-5.116086028343023,379.3647372972025,379.3992333160741,1953.0,5.147611878205808,10.866407513172518,-1875.0,1953.0,29.51029932776163,147.2560715764409,150.18391519247317,1780.0,11.852134749042746,12.82001213663376,-1633.0,1780.0,-1013.6125090843024,143.88412257838152,1023.7738809436025,1708.0,1.6683371511937313,3.835650558486478,-1708.0,-359.0
M01_Feb_2021_OP02_012,M01,OP02,good,Feb,2021,88064,0,-5.104912336482558,379.6387969965525,379.6731177143738,2037.0,5.365141499252589,10.830338382634995,-1934.0,2037.0,29.625669967296513,149.7533684036168,152.65566373128954,1694.0,11.096869638468474,13.274817496180562,-1694.0,1663.0,-1013.7755496002907,145.9423238020483,1024.2265505463688,1719.0,1.6783396203535317,3.726293144587984,-1719.0,-288.0
M01_Feb_2021_OP02_013,M01,OP02,good,Feb,2021,89088,0,-5.440990930316092,376.37158422514665,376.4109108334274,2033.0,5.401012408218051,11.0219753120852,-2033.0,1994.0,29.758934985632184,144.13694356564594,147.17694354730054,1838.0,12.488369140573255,14.13278247163094,-1717.0,1838.0,-1013.6707861889367,138.80822547203047,1023.1305812219628,1692.0,1.6537478510115313,4.17356696273219,-1692.0,-329.0
M01_Feb_2021_OP02_014,M01,OP02,good,Feb,2021,89088,0,-5.25055001795977,377.65207492070255,377.68857272547046,2018.0,5.343026360151009,10.97297916166751,-2018.0,1961.0,30.015669899425287,144.59504266002233,147.67757717867985,1696.0,11.484478770585158,13.467964893504236,-1696.0,1440.0,-1013.4751369432471,141.90573805776066,1023.3616622171515,1747.0,1.7071188656951042,3.930783282245247,-1747.0,-343.0
M01_Aug_2019_OP03_000,M01,OP03,bad,Aug,2019,139653,1,-0.22319605946540833,349.6187744140625,349.61883544921875,2430.0,6.950426446211738,11.42540168762207,-2430.0,2324.0,34.315303802490234,231.1159210205078,233.6495361328125,1151.0,4.926181404211055,2.824587821960449,-1149.0,1151.0,-1037.0562744140625,212.66616821289062,1058.6370849609375,1723.0,1.6275643697703797,2.587010383605957,-1723.0,-275.0
M01_Aug_2019_OP03_000,M01,OP03,good,Aug,2019,177152,0,-3.055782604768786,327.73564058956225,327.74988622420346,2248.0,6.858888727309011,11.92065665432702,-1963.0,2248.0,34.2212789017341,174.2192453605521,177.54841982870622,2114.0,11.90661117704978,5.624775787688004,-2114.0,1942.0,-1015.9004470736994,146.5737580772256,1026.4197898138088,1729.0,1.6844959705167397,4.066719934447203,-1729.0,-64.0
M01_Aug_2019_OP03_001,M01,OP03,good,Aug,2019,176128,0,-3.288284656613372,328.6299812745221,328.6464322162583,2274.0,6.91929008529034,11.900960391489411,-2274.0,2254.0,34.231059229651166,177.40927765057256,180.6815353390651,2073.0,11.473225507575135,5.34047310305522,-2073.0,1807.0,-1015.9818200399709,146.77751047266653,1026.5294424575875,1854.0,1.8060855571384165,4.0759291278743595,-1854.0,-226.0
M01_Aug_2019_OP03_002,M01,OP03,good,Aug,2019,178176,0,-1.4691989942528736,331.13313363662786,331.13639295265864,2369.0,7.154151734505024,11.98907061533028,-2164.0,2369.0,34.64547413793103,171.047358943677,174.52079497827512,2098.0,12.021490047997807,6.289419832205481,-2098.0,1791.0,-1016.2077777029454,149.28468767286884,1027.1144850685073,1836.0,1.787531990533208,3.931062107855453,-1836.0,-150.0
M01_Aug_2019_OP03_003,M01,OP03,good,Aug,2019,177152,0,-2.425357884754335,329.833657924192,329.84257496648615,2295.0,6.9578646729676565,11.841735017613892,-1965.0,2295.0,35.23959650469653,169.3482866409143,172.97592708243278,1987.0,11.487147567378452,5.876993069680012,-1987.0,1631.0,-1016.049607117052,136.9452489438732,1025.2369508221088,1702.0,1.6601040360818187,4.334431182399758,-1702.0,-222.0
M01_Aug_2019_OP03_004,M01,OP03,good,Aug,2019,177152,0,-2.4043928377890174,329.678027001242,329.68679468906555,2428.0,7.364565518281972,11.851658199802163,-2071.0,2428.0,35.17568528721098,170.6250244676652,174.21316772855104,1893.0,10.865998389682943,5.785700395956049,-1893.0,1743.0,-1016.2156509664018,140.5635679177117,1025.8910107291244,1706.0,1.662944681411631,4.14515046613655,-1706.0,-171.0
M01_Aug_2019_OP03_005,M01,OP03,good,Aug,2019,177152,0,-2.377353910765896,329.3659327210661,329.3745124456883,2231.0,6.773444561433323,11.819658697468743,-2088.0,2231.0,35.03089437319364,169.43468119652732,173.01813417314006,2000.0,11.559481955796556,6.08755876281304,-2000.0,1870.0,-1016.0898889089596,140.8631292771947,1025.8075275278425,1692.0,1.6494322322606234,4.150477541398563,-1692.0,-162.0
M01_Aug_2019_OP03_006,M01,OP03,good,Aug,2019,177152,0,9.775898663294798,308.1372901474923,308.29232519495986,6668.0,21.62882256567123,15.596149648871732,-6668.0,6074.0,18.09832798952312,305.7460802124928,306.28126785900645,2916.0,9.520660601882945,4.233659307766855,-2365.0,2916.0,-1020.5116679461705,207.95898068153375,1041.4849984807163,2721.0,2.612615643978842,6.180491688701445,-2721.0,786.0
M01_Aug_2019_OP03_007,M01,OP03,good,Aug,2019,178176,0,-2.1119847790948274,328.5759721868242,328.5827597093672,2293.0,6.978454992672677,11.82743414137606,-2032.0,2293.0,35.26788680854885,165.5312543143921,169.24662476645307,2131.0,12.591093045079104,6.7641171030918645,-2131.0,1928.0,-1015.9351203304598,140.09079047246837,1025.5484378107485,1708.0,1.6654503454230691,4.154813933578927,-1708.0,-183.0
M01_Aug_2019_OP03_008,M01,OP03,good,Aug,2019,178176,0,-1.7250190822557472,329.47435288201063,329.47886866664726,2318.0,7.0353525535055,11.765010883382208,-1944.0,2318.0,34.29477595186781,166.50076446451382,169.99598884931467,2176.0,12.800302023177839,6.1844377766865595,-2176.0,1614.0,-1015.9264547413793,139.90703205740652,1025.5147678422286,1731.0,1.6879327868112257,4.229974791556005,-1731.0,-265.0
M01_Aug_2019_OP03_009,M01,OP03,good,Aug,2019,178176,0,-2.143964394755747,328.4511378140684,328.4581351019976,2246.0,6.838009962221029,11.767230541228622,-1989.0,2246.0,34.726214529454026,165.12204708348037,168.73411157375608,1813.0,10.744715357733174,6.309040476594094,-1811.0,1813.0,-1016.108505073635,141.308424623777,1025.8872086894498,1592.0,1.5518275172119047,4.144485808893573,-1592.0,-163.0
M01_Aug_2019_OP03_010,M01,OP03,good,Aug,2019,178176,0,-1.8947501346982758,328.6459516963027,328.651413574385,2387.0,7.263014554050414,11.704726741851866,-1981.0,2387.0,34.70270406788793,165.17609435271032,168.7821667571514,2104.0,12.465771949872495,6.429763393721628,-2104.0,1834.0,-1016.0515726023707,140.28868966648594,1025.690847495526,1663.0,1.6213462409853998,4.198987505709086,-1663.0,-228.0
M01_Aug_2019_OP03_011,M01,OP03,good,Aug,2019,177152,0,-1.7487750632225434,330.2866613845479,330.2912909883831,2287.0,6.924191047109497,11.66114893587781,-2016.0,2287.0,34.97799065209538,170.89511386525407,174.43795393513486,1973.0,11.310611913813576,5.976560550476481,-1973.0,1731.0,-1015.944533507948,140.43417312971403,1025.6047250999327,1719.0,1.6760843216986,4.18729991164934,-1719.0,-136.0
M01_Aug_2019_OP03_012,M01,OP03,good,Aug,2019,176128,0,-1.608829941860465,331.4255523420782,331.4294571685405,2420.0,7.301704624189053,11.578778810962229,-1950.0,2420.0,35.15364394077035,169.28138032357103,172.89292757822093,2147.0,12.418090375782695,6.214851190869812,-2147.0,1899.0,-1015.8302825218024,144.97495203923745,1026.123238021196,1616.0,1.5748595686384985,4.075135888701759,-1616.0,-78.0
M01_Aug_2019_OP03_013,M01,OP03,good,Aug,2019,164864,0,-2.0023837829968945,325.7877769527215,325.79393050302616,2209.0,6.780359586777144,11.94575937519186,-2020.0,2209.0,35.085185364906835,167.44885728412572,171.08503744585434,2049.0,11.976500286581025,5.678675759086485,-2049.0,1871.0,-1015.9452518439441,143.85297089752407,1026.0791548317795,1711.0,1.6675126786690349,4.08204967630579,-1711.0,-218.0
M01_Feb_2019_OP03_000,M01,OP03,good,Feb,2019,162000,0,1.9229753017425537,341.1117248535156,341.1171569824219,2434.0,7.135378418170349,10.987622261047363,-2121.0,2434.0,31.114276885986328,156.93568420410156,159.99034118652344,782.0,4.88779506438024,4.003104209899902,-718.0,782.0,-1037.7047119140625,142.55487060546875,1047.45068359375,1692.0,1.6153505138732012,4.011641979217529,-1692.0,-525.0
M01_Feb_2019_OP03_001,M01,OP03,good,Feb,2019,162000,0,1.8013395071029663,336.7402038574219,336.7450256347656,2207.0,6.553920123511244,11.094075202941895,-2207.0,2127.0,30.364505767822266,158.16578674316406,161.0540771484375,931.0,5.780667068378109,3.8574254512786865,-931.0,866.0,-1037.85009765625,145.1803436279297,1047.9552001953125,1647.0,1.5716320694749553,3.9445693492889404,-1647.0,-448.0
M01_Feb_2019_OP03_002,M01,OP03,good,Feb,2019,156000,0,1.7127628326416016,344.0379333496094,344.042236328125,2248.0,6.534081466253476,10.570075035095215,-2242.0,2248.0,30.29319953918457,155.90228271484375,158.81813049316406,800.0,5.037208267820745,4.025522232055664,-747.0,800.0,-1037.885498046875,146.1913299560547,1048.130859375,1581.0,1.5083994387330124,3.889296531677246,-1581.0,-497.0
M01_Feb_2020_OP03_000,M01,OP03,good,Feb,2020,179200,0,1.1733258928571428,338.3367546141965,338.33878911014307,2395.0,7.078703586718607,10.945913184019176,-2059.0,2395.0,39.39541852678571,195.8070894053026,199.7308570608878,2576.0,12.897356161720714,5.678054663171458,-2576.0,2344.0,-1013.825234375,159.26378477234564,1026.2585244447598,1610.0,1.568805482878755,3.4726949437807537,-1610.0,-306.0
M01_Feb_2020_OP03_001,M01,OP03,good,Feb,2020,178176,0,1.4570256375718391,339.71810523311154,339.72122975593385,2336.0,6.876226138938253,10.82766678909872,-1989.0,2336.0,39.283786817528735,199.34213519929614,203.17603887402547,2467.0,12.142179824312873,5.7092969362557,-2467.0,2207.0,-1013.8258295168822,160.59609048395996,1026.4667149373752,1809.0,1.7623562202992302,3.473249645246339,-1809.0,-281.0
M01_Feb_2020_OP03_002,M01,OP03,good,Feb,2020,178176,0,1.3555585488505748,340.0682162541235,340.07091796453375,2309.0,6.78976024712824,10.837456318625298,-2030.0,2309.0,38.849137931034484,211.90021680896348,215.43202501408712,2793.0,12.964646272147169,5.808544962885836,-2793.0,2276.0,-1013.5880365481322,155.05826233141724,1025.3798186773213,1778.0,1.7339916074157904,3.6312868376564755,-1778.0,-242.0
M01_Feb_2020_OP03_003,M01,OP03,good,Feb,2020,179200,0,1.4468415178571428,339.0476120300553,339.0506991198524,2418.0,7.131676785439251,10.975313007976986,-2231.0,2418.0,38.992477678571426,213.23514008187325,216.77093504722907,2769.0,12.773852727980818,5.99051064933241,-2682.0,2769.0,-1013.5660379464285,157.87823585833368,1025.7883069308994,1702.0,1.6592117384261162,3.596577499144344,-1702.0,-165.0
M01_Feb_2021_OP03_002,M01,OP03,good,Feb,2021,178176,0,-3.334062948994253,324.8998634304123,324.91696975204053,2020.0,6.216972913238595,11.413847800597383,-1965.0,2020.0,34.98321883979885,142.5198931888585,146.75062369529095,2272.0,15.482046636595696,9.808851448461771,-2272.0,1784.0,-1013.232421875,176.3389186974991,1028.46261720399,1741.0,1.692817970120427,3.381129117816358,-1741.0,-154.0
M01_Feb_2021_OP03_003,M01,OP03,good,Feb,2021,178176,0,-3.4264940283764367,324.85111690611683,324.86918754550743,2203.0,6.781190966876184,11.411710920994352,-1967.0,2203.0,34.706105199353445,139.19135309556236,143.4529418125753,2276.0,15.865830085057778,10.005905554960192,-2276.0,1766.0,-1013.1716785650144,172.14301747880793,1027.6916214083667,1745.0,1.6979801758124886,3.4720464726190037,-1745.0,-187.0
M01_Feb_2021_OP03_004,M01,OP03,good,Feb,2021,179200,0,-3.4370703125,324.23192545812475,324.2501425421677,2250.0,6.939087157710023,11.550651920385148,-2147.0,2250.0,35.58638950892857,143.30423623073457,147.65668030927472,2156.0,14.601438929035544,8.79591155173746,-2156.0,1862.0,-1013.0965290178572,174.85495928643095,1028.0753055564992,1747.0,1.6992918617516501,3.4116773430179066,-1747.0,-148.0
M01_Feb_2021_OP03_005,M01,OP03,good,Feb,2021,177152,0,-2.7860029804913293,324.47681141455416,324.4887716984417,2303.0,7.097317999466111,11.486987296331034,-1854.0,2303.0,35.89140963692196,146.65900194841856,150.98694029031643,2301.0,15.239728651866555,9.520162995662286,-2301.0,1871.0,-1013.1933932442197,175.67331813829483,1028.3102483294886,1745.0,1.6969586784093507,3.4467407393544964,-1745.0,-165.0
M01_Feb_2021_OP03_006,M01,OP03,good,Feb,2021,158720,0,-4.407113155241936,343.65231941113245,343.6805774014792,2211.0,6.433299247566045,10.347983599011584,-1963.0,2211.0,31.430286038306452,156.8404196684581,159.95868254717473,1887.0,11.79679633485034,6.581143337505233,-1887.0,1497.0,-1013.7222026209678,166.0827375183829,1027.237158492773,1647.0,1.6033298507392217,3.6092689614087896,-1647.0,-222.0
M01_Feb_2021_OP03_007,M01,OP03,good,Feb,2021,158720,0,-4.351203377016129,344.1584557335643,344.1859608173173,2315.0,6.726015188134668,10.350664009490227,-1883.0,2315.0,31.48240297379032,150.58756609802995,153.84328636743516,1948.0,12.662236006499818,6.996341976577059,-1948.0,1491.0,-1013.7318359375,168.90310831828384,1027.7064246139519,1680.0,1.6347080837127939,3.5423427163232453,-1680.0,-206.0
M01_Aug_2019_OP04_000,M01,OP04,bad,Aug,2019,67730,1,-0.8720507621765137,428.4622802734375,428.46319580078125,2389.0,5.57574144853924,7.398237705230713,-2197.0,2389.0,34.418190002441406,298.1319274902344,300.1120910644531,1655.0,5.514606206400949,3.742976427078247,-1655.0,1620.0,-1037.0340576171875,246.3673858642578,1065.8970947265625,1938.0,1.8181867739278907,2.622307777404785,-1938.0,109.0
M01_Feb_2019_OP04_000,M01,OP04,bad,Feb,2019,124781,1,0.4409485459327698,441.1543884277344,441.15460205078125,2256.0,5.1138534869921,7.168785572052002,-2110.0,2256.0,31.833524703979492,218.444580078125,220.7519073486328,1522.0,6.894617665052878,3.206451654434204,-1450.0,1522.0,-1037.1351318359375,244.98912048339844,1065.6776123046875,2002.0,1.878616925873459,3.2848751544952393,-2002.0,115.0
M01_Aug_2019_OP04_000,M01,OP04,good,Aug,2019,138240,0,-2.4291594328703705,431.36881971759834,431.37565930416633,2451.0,5.681822669256776,7.536916011189193,-2162.0,2451.0,35.073046875,181.94417499660636,185.29382459297358,2084.0,11.247001914811932,6.24326428624767,-2069.0,2084.0,-1015.2785011574074,165.57915393833255,1028.691834871535,1772.0,1.7225761301209226,3.582770116692006,-1772.0,183.0
M01_Aug_2019_OP04_001,M01,OP04,good,Aug,2019,138240,0,-2.254998553240741,430.3220055807309,430.32791392785305,2541.0,5.904799381492165,7.580018813112017,-2010.0,2541.0,35.000737847222226,181.34489441811084,184.69169548565452,2279.0,12.33948280136405,6.643260408230403,-2022.0,2279.0,-1015.2266203703704,164.6632859693289,1028.4936015624312,1805.0,1.7549939029838812,3.6056807359773426,-1805.0,-185.0
M01_Aug_2019_OP04_002,M01,OP04,good,Aug,2019,137216,0,-2.151454640858209,434.7853441235036,434.7906671280619,2596.0,5.970689336888141,7.555933732640847,-2320.0,2596.0,33.977560925839555,175.56374661138943,178.82142984188806,2092.0,11.698821566574674,7.34041716082243,-1957.0,2092.0,-1015.417626224347,169.69492208695698,1029.4995494069854,2088.0,2.0281699017767756,3.7552645944231107,-2088.0,87.0
M01_Aug_2019_OP04_003,M01,OP04,good,Aug,2019,137216,0,-2.557209071828358,433.7108155712399,433.7183543057719,2377.0,5.480515123241043,7.45411773041541,-2149.0,2377.0,34.70284077658582,179.7747824665347,183.0935814518219,1985.0,10.841450499029756,6.28637189471011,-1801.0,1985.0,-1015.4015931086753,161.9761862210642,1028.2396025199364,1852.0,1.8011366178284227,3.750827380962625,-1852.0,21.0
M01_Aug_2019_OP04_004,M01,OP04,good,Aug,2019,137216,0,-2.49336083255597,433.4889510297543,433.49612168174934,2537.0,5.852416833990814,7.444531246985012,-2010.0,2537.0,34.50166890158582,175.93307455832192,179.28416516953948,2141.0,11.941935853483605,6.921959641542578,-1936.0,2141.0,-1015.3203999533582,161.2901044659199,1028.0515611388732,2094.0,2.036862818125845,3.8061544854812324,-2094.0,-5.0
M01_Aug_2019_OP04_005,M01,OP04,good,Aug,2019,137216,0,-2.3695123017723883,433.0379188935303,433.04440163589226,2250.0,5.195772053628397,7.410913053868807,-1991.0,2250.0,34.32053842117537,173.26674848052298,176.63313813249252,2117.0,11.985293486729757,7.567723557234604,-2100.0,2117.0,-1015.4443140741605,162.80652885729103,1028.412913582916,1955.0,1.9009874090251568,3.7428574625230637,-1955.0,-132.0
M01_Aug_2019_OP04_006,M01,OP04,good,Aug,2019,99328,0,-2.7485301224226806,448.4900352096571,448.49845718819734,2277.0,5.07694054127935,7.248061086755627,-2201.0,2277.0,34.028984777706185,177.86200011135068,181.08799763819653,2301.0,12.706529587881725,8.628876604874582,-1858.0,2301.0,-1014.6348663015464,175.49565936252793,1029.700266276476,1961.0,1.9044376933990894,3.61569628119597,-1961.0,-93.0
M01_Aug_2019_OP04_007,M01,OP04,good,Aug,2019,138240,0,-2.586689814814815,431.315698322834,431.3234547110927,2535.0,5.8772597972859675,7.538211588879087,-2197.0,2535.0,34.06124855324074,183.63352889407005,186.76573986439513,2246.0,12.025760193656243,6.3642571193150514,-2088.0,2246.0,-1015.1662905092593,166.22514711099825,1028.6852759315664,1823.0,1.7721649591505144,3.5613687921045827,-1823.0,-163.0
M01_Aug_2019_OP04_008,M01,OP04,good,Aug,2019,99328,0,-2.4033102448453607,448.8851669812542,448.89160054062205,2471.0,5.50466971764242,7.236911784386452,-2053.0,2471.0,33.213685969716494,190.79049874666603,193.65991672955073,1836.0,9.480536969165406,5.695011793605204,-1698.0,1836.0,-1015.3042445231958,183.98106630149488,1031.8390095864047,2098.0,2.033262922324431,3.4735501244295164,-2098.0,-142.0
M01_Aug_2019_OP04_009,M01,OP04,good,Aug,2019,138240,0,-2.251359953703704,431.99856577814865,432.00443221802544,2412.0,5.583276050239003,7.477020621822838,-2078.0,2412.0,34.92282986111111,173.85467268144518,177.3275253836261,2186.0,12.327471413537522,7.380689662889327,-1965.0,2186.0,-1015.3920211226852,162.89512215013508,1028.3753095927182,2223.0,2.1616621667826754,3.7883658687931927,-2223.0,35.0
M01_Aug_2019_OP04_010,M01,OP04,good,Aug,2019,138240,0,-2.4325737847222224,431.13319088267036,431.14005345814394,2225.0,5.160736011774903,7.4814543325596485,-2172.0,2225.0,34.68292824074074,171.65829756666466,175.12702999490958,2178.0,12.436686672887149,7.5964550086631455,-1996.0,2178.0,-1015.3801142939815,165.28800550026446,1028.745304371259,2026.0,1.9693893050022093,3.6677310360863777,-2026.0,-148.0
M01_Aug_2019_OP04_011,M01,OP04,good,Aug,2019,137216,0,-1.9141863922574627,434.04091890907665,434.0451398149505,2459.0,5.6653093755372135,7.391566906723661,-2063.0,2459.0,33.5990773670709,172.46912064598467,175.71139853839202,2024.0,11.518888454796327,7.267041702539178,-2024.0,1895.0,-1015.1868440998135,164.65583097779032,1028.4531448288374,1903.0,1.8503516757846183,3.749122953592796,-1903.0,117.0
M01_Aug_2019_OP04_012,M01,OP04,good,Aug,2019,137216,0,-2.0812951842350746,433.53888220272677,433.5438780230136,2240.0,5.1667204025911655,7.3991634993757645,-2080.0,2240.0,33.59578329057836,173.65546046020592,176.87536742733184,2035.0,11.50527645312775,7.508888976791157,-1969.0,2035.0,-1015.401512943097,167.1187763936696,1029.0621545419149,1936.0,1.881324652213847,3.687880339795686,-1936.0,183.0
M01_Aug_2019_OP04_013,M01,OP04,good,Aug,2019,137216,0,-1.9761179454291045,433.47358117574714,433.47808551236045,2240.0,5.167504597959952,7.380991653283838,-2076.0,2240.0,34.33874329524254,173.61604355185014,176.97932045777128,2149.0,12.142661608381353,7.441509403273002,-2149.0,2006.0,-1015.5008963969217,165.10662807690093,1028.8353946175625,1926.0,1.8720195767719776,3.653428291549879,-1926.0,-27.0
M01_Aug_2019_OP04_014,M01,OP04,good,Aug,2019,137216,0,-2.192980410447761,434.0643519326972,434.0698915864046,2385.0,5.494506866816975,7.380494636979959,-2164.0,2385.0,34.67690356809702,182.57210781727355,185.83611649491937,2088.0,11.2357061661751,5.867551420790195,-1647.0,2088.0,-1015.740088619403,163.92591090394194,1028.8827104652112,1793.0,1.7426670520970187,3.7450046178814493,-1793.0,-40.0
M01_Aug_2021_OP04_000,M01,OP04,good,Aug,2021,137216,0,-2.8217336170708953,433.9072610896084,433.9164359722864,2178.0,5.019399634216911,7.181478568059727,-1905.0,2178.0,32.73894443796642,211.22934757385016,213.7514345200674,1959.0,9.164850773509476,4.582517019920923,-1850.0,1959.0,-1013.9504722481344,176.83076238072186,1029.254428553194,2006.0,1.9489835985644495,3.928641281570671,-2006.0,-265.0
M01_Aug_2021_OP04_001,M01,OP04,good,Aug,2021,137216,0,-2.801182077891791,433.94878626184055,433.95782712051425,2201.0,5.0719214228823235,7.160551781217343,-2049.0,2201.0,32.65987202658582,208.45174597355597,210.9947810734116,2104.0,9.971810626292001,4.893276300132487,-1914.0,2104.0,-1014.1970469916045,185.9192072527513,1031.0972804502892,2131.0,2.066730307997102,3.7716470829368713,-2131.0,-247.0
M01_Feb_2019_OP04_000,M01,OP04,good,Feb,2019,138000,0,1.4794420003890991,424.8141174316406,424.8166809082031,2287.0,5.383498583696595,7.754032611846924,-2238.0,2287.0,30.776832580566406,160.2489776611328,163.1776580810547,940.0,5.760592541002623,4.328556537628174,-794.0,940.0,-1037.435546875,161.0703887939453,1049.864990234375,1887.0,1.797373964797836,3.7495198249816895,-1887.0,-300.0
M01_Feb_2019_OP04_001,M01,OP04,good,Feb,2019,135600,0,1.3439749479293823,427.7801208496094,427.7822570800781,2235.0,5.224620617169782,7.518833160400391,-2235.0,2229.0,30.25103187561035,162.61012268066406,165.40005493164062,907.0,5.48367411591768,4.205570220947266,-774.0,907.0,-1037.3055419921875,155.14816284179688,1048.843994140625,1856.0,1.7695672667894922,3.868933916091919,-1856.0,-331.0
M01_Feb_2019_OP04_002,M01,OP04,good,Feb,2019,135600,0,1.4771534204483032,427.49542236328125,427.4979553222656,2332.0,5.454996850785034,7.526548862457275,-2121.0,2332.0,30.180316925048828,164.63589477539062,167.37930297851562,954.0,5.699629422655995,4.231827735900879,-759.0,954.0,-1037.6302490234375,157.1596221923828,1049.46435546875,2004.0,1.909545559653525,3.817479372024536,-2004.0,-273.0
M01_Feb_2019_OP04_003,M01,OP04,good,Feb,2019,133200,0,1.6624174118041992,427.88507080078125,427.8883056640625,2225.0,5.199955153125544,7.544246673583984,-1860.0,2225.0,29.86630630493164,164.27052307128906,166.96347045898438,892.0,5.34248597940545,4.116693019866943,-856.0,892.0,-1037.1966552734375,161.62242126464844,1049.7135009765625,2024.0,1.928145154003493,3.8342301845550537,-2024.0,-273.0
M01_Feb_2019_OP04_004,M01,OP04,good,Feb,2019,135600,0,1.5217478275299072,425.364501953125,425.3672180175781,2272.0,5.341267271579237,7.613494873046875,-2272.0,2207.0,30.093177795410156,163.8148651123047,166.55601501464844,870.0,5.223467912122444,4.1403703689575195,-745.0,870.0,-1037.401123046875,158.63485717773438,1049.4599609375,1936.0,1.844758325291933,3.7631373405456543,-1936.0,-318.0
M01_Feb_2021_OP04_000,M01,OP04,good,Feb,2021,137392,0,-3.932230406428322,431.29395432224294,431.3118795846994,2207.0,5.116946934373964,7.4092084224485975,-1969.0,2207.0,30.819530977058346,174.7642017244045,177.46089623918337,1971.0,11.106672183958029,6.131179565947835,-1971.0,1938.0,-1013.6917506113894,188.887463591161,1031.1398737123327,2067.0,2.0045777034674654,3.6560818175243126,-2067.0,-242.0
M01_Feb_2021_OP04_001,M01,OP04,good,Feb,2021,136192,0,-3.7352634515977443,433.09549080127886,433.1115980269444,2197.0,5.072595631261119,7.335400371930119,-2006.0,2197.0,33.52560355968045,180.6367408426995,183.72152360655363,1989.0,10.826167565753027,6.010906671874849,-1829.0,1989.0,-1013.505741893797,198.1593505181215,1032.6959944966668,2039.0,1.9744436028279582,3.513919222360267,-2039.0,-277.0
M01_Feb_2021_OP04_002,M01,OP04,good,Feb,2021,136192,0,-3.9492628054511276,432.2321929872768,432.2502346226049,2035.0,4.707921099861857,7.320897139211921,-2035.0,2030.0,31.98308270676692,178.7936054501067,181.631690322136,2395.0,13.186024948357343,7.26968417661036,-2092.0,2395.0,-1013.6475931038534,190.19568056240936,1031.336918717561,2076.0,2.012921250391626,3.68812856823466,-2076.0,-306.0
M01_Feb_2021_OP04_003,M01,OP04,good,Feb,2021,140000,0,-3.40335,430.3487016879356,430.36215892630975,2242.0,5.209565835419777,7.375584388395755,-2033.0,2242.0,34.478635714285716,179.7531491498315,183.0299728186616,2186.0,11.943399030965255,6.167926279354228,-1936.0,2186.0,-1013.5792285714285,188.52391514069595,1030.9627147338688,2033.0,1.9719432826674006,3.7301823893274113,-2033.0,-212.0
M01_Feb_2021_OP04_004,M01,OP04,good,Feb,2021,140000,0,-2.9202357142857145,430.9935767691093,431.0034698153336,2326.0,5.396708293315111,7.34169570102359,-1959.0,2326.0,35.32505,184.12025835131408,187.47834193009373,2178.0,11.617341915751128,6.219978270858387,-2166.0,2178.0,-1012.94935,198.76326054309018,1032.2660603774314,2123.0,2.056640319283344,3.6020076727519736,-2123.0,-236.0
M01_Feb_2021_OP04_005,M01,OP04,good,Feb,2021,137216,0,-2.6942922108208953,432.3176786792068,432.326074287794,2252.0,5.209031177936477,7.334333305080918,-1899.0,2252.0,35.57850396455224,185.05503134146554,188.44414177454937,2318.0,12.30072730397322,6.381727873688483,-2110.0,2318.0,-1013.1204451375933,196.34058378900517,1031.9702811604618,2067.0,2.0029646567686386,3.6264275562930126,-2067.0,-175.0
M01_Feb_2021_OP04_006,M01,OP04,good,Feb,2021,137216,0,-2.7922326842350746,432.02797871762243,432.0370018391912,2318.0,5.3652811915003165,7.3676919924151765,-2020.0,2318.0,36.31325792910448,184.85074067431282,188.38378122669616,2348.0,12.463917990766294,6.18804854267907,-2033.0,2348.0,-1013.108150652985,191.16094666170574,1030.9852726630536,1996.0,1.9360121360844427,3.618515743177578,-1996.0,-238.0
M01_Feb_2021_OP04_007,M01,OP04,good,Feb,2021,137216,0,-2.730038770988806,432.4443553319276,432.4529726688644,2190.0,5.064134457174642,7.332955614390212,-1985.0,2190.0,36.170242537313435,185.32685054798813,188.82353661353872,2240.0,11.862927896454785,6.060074562712447,-2012.0,2240.0,-1012.9441100163247,189.79245130996603,1030.5711739569517,1996.0,1.9367900543309544,3.641184287817731,-1996.0,-269.0
M01_Feb_2021_OP04_008,M01,OP04,good,Feb,2021,137216,0,-3.4199072994402986,431.6154385614687,431.62898717596073,2073.0,4.802735825420611,7.3649279370891465,-1994.0,2073.0,31.340871326958954,179.40291894059035,182.11989880278605,1780.0,9.773780963537247,5.595344328405441,-1715.0,1780.0,-1013.5238820545709,184.93767283263068,1030.258512378188,2033.0,1.9732911454496431,3.6484036274014393,-2033.0,-281.0
M01_Feb_2021_OP04_009,M01,OP04,good,Feb,2021,137216,0,-3.519990380130597,430.40196666831326,430.4163603352318,2063.0,4.793033420925782,7.427431098299725,-1950.0,2063.0,31.659245277518657,181.5949211043239,184.33399898669725,1965.0,10.659997671627616,6.002593989860992,-1879.0,1965.0,-1013.6808243936567,191.07966151235647,1031.5329615611322,2061.0,1.9979972301426627,3.580815234710224,-2061.0,-222.0
M01_Feb_2021_OP04_010,M01,OP04,good,Feb,2021,136192,0,-3.6451406837406015,433.47555855439606,433.4908844654636,2067.0,4.768266355932287,7.292321023876144,-2026.0,2067.0,31.9710702537594,185.61878739541942,188.35202034307127,1797.0,9.540646268231571,5.144647179127712,-1608.0,1797.0,-1013.4857847744361,192.04024824671146,1031.519700677846,2139.0,2.073639503534825,3.5417269489496155,-2139.0,-238.0
M01_Feb_2021_OP04_011,M01,OP04,good,Feb,2021,137216,0,-3.7339377332089554,432.0516998462891,432.0678345249313,2135.0,4.941353716708587,7.3631401499045115,-1928.0,2135.0,31.808447994402986,179.41086060584018,182.20876561554567,1856.0,10.186118070280424,5.6305789704739855,-1713.0,1856.0,-1013.4083926072761,188.37267970545753,1030.7671107802566,2076.0,2.0140339930215045,3.601387240214273,-2076.0,-337.0
M01_Aug_2019_OP05_000,M01,OP05,bad,Aug,2019,26793,1,1.720076084136963,302.999267578125,303.0041809082031,2318.0,7.6500594580978785,15.542303085327148,-2166.0,2318.0,33.60706329345703,139.2424774169922,143.24070739746094,987.0,6.890499341512575,4.537558078765869,-819.0,987.0,-1035.1953125,158.43881225585938,1047.249755859375,1503.0,1.4351877301385814,3.186450242996216,-1503.0,-452.0
M01_Feb_2019_OP05_000,M01,OP05,bad,Feb,2019,29831,1,2.7861955165863037,339.26678466796875,339.2781982421875,2266.0,6.678884796430267,11.701298713684082,-1838.0,2266.0,29.590492248535156,128.0388641357422,131.4136505126953,1009.0,7.678045591637566,4.122063159942627,-1009.0,1001.0,-1037.752685546875,153.21823120117188,1049.0025634765625,1497.0,1.4270699158624571,3.2494211196899414,-1497.0,-573.0
M01_Feb_2019_OP05_001,M01,OP05,bad,Feb,2019,29621,1,3.0708281993865967,339.2449645996094,339.25885009765625,2188.0,6.449352756369304,11.650023460388184,-1873.0,2188.0,29.774112701416016,120.5186996459961,124.14208221435547,874.0,7.040320126827492,4.084396839141846,-843.0,874.0,-1037.9608154296875,157.13275146484375,1049.7872314453125,1536.0,1.4631536315080589,3.1905901432037354,-1536.0,-558.0
M01_Feb_2021_OP05_000,M01,OP05,bad,Feb,2021,30000,1,-8.5653,331.872655802257,331.9831682982337,2133.0,6.425024530411859,11.729910892739827,-1698.0,2133.0,35.5186,174.11415198284908,177.7000530857171,1048.0,5.8975784295037705,3.6322479735023885,-866.0,1048.0,-1013.7226,162.23878877313322,1026.6230731545697,1825.0,1.7776728847445509,3.7661458955939398,-1825.0,-335.0
M01_Aug_2019_OP05_000,M01,OP05,good,Aug,2019,46080,0,-7.154861111111111,304.93268300660344,305.01661135604564,2279.0,7.471724211569989,15.660720378580628,-1955.0,2279.0,32.98253038194444,145.44559846329886,149.13842369672227,2199.0,14.744691176780416,26.059528121311793,-2065.0,2199.0,-1015.9734809027777,118.38709510777316,1022.8477981526694,1651.0,1.6141208916730474,5.396243132677185,-1651.0,-359.0
M01_Aug_2019_OP05_001,M01,OP05,good,Aug,2019,41984,0,-5.202767721036586,392.8156690950415,392.8501224112629,2170.0,5.523735074029817,9.65987535939423,-1854.0,2170.0,32.663895769817074,157.35258767545386,160.7070842714249,1916.0,11.922312004391715,15.213823802752325,-1778.0,1916.0,-1014.6775914634146,165.70127542694607,1028.1184403054508,1760.0,1.7118650254703236,4.630491028106706,-1760.0,-191.0
M01_Aug_2019_OP05_002,M01,OP05,good,Aug,2019,47104,0,-6.615382982336956,384.0829823406082,384.13994925763575,2033.0,5.292342032972217,10.112671692537164,-1975.0,2033.0,32.08481233016305,150.99858085475472,154.3697075284257,1959.0,12.690313607281203,18.132050452010468,-1844.0,1959.0,-1014.3471891983696,156.2771642194329,1026.3151427758926,1791.0,1.7450780226781522,5.365635238255278,-1791.0,-105.0
M01_Aug_2019_OP05_003,M01,OP05,good,Aug,2019,43008,0,-5.723330543154762,401.8724654542582,401.9132182484052,2276.0,5.662914023875927,9.206669415639238,-1889.0,2276.0,32.86283947172619,157.48668009049368,160.8789004937252,1918.0,11.922010867266016,16.70095864086294,-1817.0,1918.0,-1014.9252697172619,164.11663958024192,1028.1087367091907,1805.0,1.7556508718888162,4.7713799538948125,-1805.0,-146.0
M01_Aug_2019_OP05_004,M01,OP05,good,Aug,2019,46080,0,-6.462044270833333,388.583093904496,388.6368213185012,2080.0,5.352040480732959,9.858471370558833,-1871.0,2080.0,31.971419270833334,154.65163201997103,157.92181273222502,1860.0,11.777980304429816,16.800196727654054,-1778.0,1860.0,-1015.0176866319445,157.18359343122896,1027.1161503060976,1743.0,1.6969843181616386,5.160259005977267,-1743.0,-240.0
M01_Aug_2019_OP05_005,M01,OP05,good,Aug,2019,45056,0,12.251598011363637,411.8369781809707,412.0191721887045,3757.0,9.118507714197573,10.070842615349093,-3757.0,2931.0,16.926979758522727,218.81085820254467,219.46460833373465,2746.0,12.512268018286678,15.814470517184729,-2229.0,2746.0,-1020.0155362215909,227.6074909725865,1045.101365457081,2668.0,2.5528624190756224,7.594236031748,-2668.0,277.0
M01_Aug_2019_OP05_006,M01,OP05,good,Aug,2019,41984,0,-6.6838557545731705,319.22071147373777,319.2906772230396,2289.0,7.169016082486572,14.040325108427302,-1799.0,2289.0,33.82862519054878,157.4716558862009,161.06426757609736,1844.0,11.44884602743295,16.63366309367074,-1723.0,1844.0,-1015.6970036204268,122.57241052461353,1023.0661752718285,1620.0,1.5834752816156457,4.958315717999623,-1620.0,-384.0
M01_Aug_2019_OP05_007,M01,OP05,good,Aug,2019,41984,0,-6.118735708841464,319.1791788424159,319.2378222159674,2266.0,7.098156428554476,13.935670060862122,-1864.0,2266.0,33.977610518292686,160.40863887322055,163.96770853339407,1965.0,11.984066970112004,14.551771364574146,-1965.0,1758.0,-1015.706864519817,122.59416892309945,1023.0785721960085,1655.0,1.6176665653817677,5.002345845034343,-1655.0,-392.0
M01_Aug_2019_OP05_008,M01,OP05,good,Aug,2019,47104,0,-5.752972146739131,385.1845778338184,385.22753755350624,2108.0,5.4720906334667445,10.06105718440657,-1879.0,2108.0,32.00955332880435,155.56688701990123,158.8259041887446,1838.0,11.572419558309381,14.671970816827514,-1762.0,1838.0,-1014.8353430706521,157.24192220382506,1026.9448844235421,1799.0,1.7517980052160615,5.19784570361138,-1799.0,-220.0
M01_Aug_2019_OP05_009,M01,OP05,good,Aug,2019,41984,0,-6.348156440548781,319.2066936212391,319.2698111986118,2356.0,7.379338469725771,14.149764399012932,-1989.0,2356.0,33.567549542682926,160.79100516679125,164.2575043182124,1729.0,10.526155302167789,14.249153019412667,-1711.0,1729.0,-1015.4973323170732,123.18137518854377,1022.941094656204,1616.0,1.5797586082345385,5.020666763609584,-1616.0,-486.0
M01_Aug_2019_OP05_010,M01,OP05,good,Aug,2019,41984,0,-6.747094131097561,317.92933729958867,318.0009226322614,2338.0,7.352179926545937,14.20928009751704,-2039.0,2338.0,33.38698075457317,165.8153074086042,169.14315432472034,1803.0,10.659609649578888,10.7162830274061,-1803.0,1760.0,-1016.0551400533536,124.92350454259633,1023.7059781089706,1606.0,1.5688098285473193,4.881945477167215,-1606.0,-472.0
M01_Aug_2019_OP05_011,M01,OP05,good,Aug,2019,46080,0,-5.863519965277778,387.4540875207902,387.4984526458801,2303.0,5.943249538868799,9.90211084838115,-1971.0,2303.0,32.43454861111111,146.59107875525572,150.13641901362945,2156.0,14.36027323792955,22.588572956615476,-1862.0,2156.0,-1014.7446831597222,152.80408415230127,1026.1851003276886,1733.0,1.6887791485635548,5.248430490485729,-1733.0,-259.0
M01_Aug_2019_OP05_012,M01,OP05,good,Aug,2019,37888,0,-4.420740076013513,413.2634628376885,413.2871068148839,2231.0,5.398184369200007,8.65083619922412,-2016.0,2231.0,32.781593116554056,161.19825092154284,164.49774754513808,1852.0,11.258512822443434,15.828589697938735,-1782.0,1852.0,-1014.7212837837837,167.70433129572157,1028.4862791982962,1692.0,1.6451361911399653,4.2946267727416405,-1692.0,-283.0
M01_Aug_2019_OP05_013,M01,OP05,good,Aug,2019,43008,0,-5.109095982142857,400.8267638723556,400.8593238258777,2080.0,5.188852738033093,9.192840025830348,-1899.0,2080.0,32.29120163690476,152.21012828854586,155.59770196494173,1920.0,12.339513860125017,16.521184165229517,-1530.0,1920.0,-1015.2172154017857,157.77866834243684,1027.4045467254214,1715.0,1.6692548280675865,4.825488231535961,-1715.0,-238.0
M01_Aug_2019_OP05_014,M01,OP05,good,Aug,2019,41984,0,-5.364281631097561,406.75247035369347,406.78784108703394,2166.0,5.32464292495059,8.992776967578296,-1946.0,2166.0,32.41470560213415,153.07135902173874,156.46582403846236,1889.0,12.072923985851677,18.443889396225885,-1657.0,1889.0,-1014.6793540396342,157.46209781737699,1026.8244756351196,1721.0,1.6760410769674277,4.841512971879822,-1721.0,-300.0
M01_Aug_2019_OP05_015,M01,OP05,good,Aug,2019,47104,0,-5.974206012228261,383.47108930726495,383.51762341772104,2115.0,5.514740055886238,10.111317324667462,-1957.0,2115.0,32.07334833559783,149.1600026330009,152.56934835979808,1850.0,12.125633489875177,16.689284823208144,-1686.0,1850.0,-1014.7831606657609,151.52962168621082,1026.03415606848,1709.0,1.6656365578983097,5.347709276041375,-1709.0,-195.0
M01_Aug_2021_OP05_000,M01,OP05,good,Aug,2021,41984,0,-6.169969512195122,319.5075472042908,319.5671153987587,2125.0,6.649620369569022,13.78837726681108,-2125.0,2002.0,33.56909775152439,171.67683917209882,174.92804644188445,1914.0,10.941641657422153,8.580917639922212,-1914.0,1645.0,-1014.2558117378048,133.04857700098074,1022.9451478382892,1698.0,1.6599130496764678,5.200134119713828,-1698.0,-343.0
M01_Aug_2021_OP05_001,M01,OP05,good,Aug,2021,39936,0,-5.467097355769231,316.18833916586374,316.23560042785306,2076.0,6.564725784166178,13.763028054684996,-1957.0,2076.0,32.18329326923077,159.56504304537083,162.77827658420628,1940.0,11.918052216239218,11.318158940039922,-1840.0,1940.0,-1014.0815805288462,139.72086163471596,1023.6617464493972,1848.0,1.805283831705,5.0929261563414805,-1848.0,-376.0
M01_Feb_2019_OP05_000,M01,OP05,good,Feb,2019,40800,0,5.893627643585205,318.11712646484375,318.1717224121094,2178.0,6.845360057418814,13.820828437805176,-1909.0,2178.0,29.437231063842773,135.0348358154297,138.20620727539062,648.0,4.688646138076786,3.850726842880249,-622.0,648.0,-1037.6822509765625,126.08570098876953,1045.314208984375,1551.0,1.483764390332882,4.7398786544799805,-1551.0,-501.0
M01_Feb_2019_OP05_001,M01,OP05,good,Feb,2019,40800,0,5.4729413986206055,317.9554748535156,318.0025634765625,2166.0,6.811265847420249,13.672647476196289,-1887.0,2166.0,29.145122528076172,137.0516815185547,140.1163787841797,636.0,4.539083906668945,3.6362404823303223,-636.0,636.0,-1037.6212158203125,132.00933837890625,1045.98486328125,1555.0,1.4866371919780672,4.527670383453369,-1555.0,-591.0
M01_Feb_2019_OP05_002,M01,OP05,good,Feb,2019,39600,0,6.809823036193848,316.5316162109375,316.6048583984375,2059.0,6.503374617861397,13.847086906433105,-1852.0,2059.0,28.962575912475586,134.61741638183594,137.69778442382812,831.0,6.034955489495867,4.185418605804443,-831.0,687.0,-1037.79638671875,129.35147094726562,1045.826416015625,1520.0,1.4533960671895008,4.6085124015808105,-1520.0,-599.0
M01_Feb_2020_OP05_000,M01,OP05,good,Feb,2020,41984,0,-1.7540967987804879,329.05033727259286,329.05501259635383,2336.0,7.099116897105382,12.826927366937936,-1992.0,2336.0,36.63202648628049,153.5619214640548,157.87073537620608,2682.0,16.98858242225066,38.30767522830287,-2682.0,2223.0,-1013.8661633003048,126.977264798898,1021.7865838134155,1667.0,1.631456143981241,4.903683497335109,-1667.0,-290.0
M01_Feb_2020_OP05_001,M01,OP05,good,Feb,2020,40960,0,-1.30361328125,332.7092030960893,332.71175697955414,2359.0,7.0902213417873465,12.572913119468703,-1844.0,2359.0,36.7302490234375,156.96780983143591,161.20795425971252,2359.0,14.633272972371795,31.836457613651113,-2028.0,2359.0,-1013.6818359375,128.84419355576557,1021.837409142304,1661.0,1.625503221098734,4.71435864731522,-1661.0,-222.0
M01_Feb_2020_OP05_002,M01,OP05,good,Feb,2020,41984,0,-1.6185451600609757,326.7006352436664,326.7046445293521,2397.0,7.336902122873391,13.052805184439194,-1871.0,2397.0,36.40282012195122,160.22152971399137,164.3049113591026,2518.0,15.325165749286054,36.915160942373774,-2465.0,2518.0,-1013.5348227896342,128.01912389006824,1021.5878489336077,1739.0,1.702252040111155,4.875598758800112,-1739.0,-378.0
M01_Feb_2020_OP05_003,M01,OP05,good,Feb,2020,41984,0,-1.7175828887195121,326.40101125772355,326.4055303469048,2406.0,7.371198635767279,13.129635480240287,-1973.0,2406.0,36.61085175304878,160.43713227056531,164.56131950518196,2535.0,15.404592085324,35.282175211945706,-2535.0,2480.0,-1013.4953791920732,127.91326115599887,1021.5354550984742,1686.0,1.6504566646073704,4.760578464466073,-1686.0,-421.0
M01_Feb_2021_OP05_000,M01,OP05,good,Feb,2021,41984,0,-6.288514672256097,319.14034079426455,319.2022909364256,2596.0,8.132773710314742,14.004221031746368,-1994.0,2596.0,32.88033536585366,144.3758208261231,148.07259737367954,2194.0,14.81705622049142,26.196600939837424,-1942.0,2194.0,-1013.2081030868902,127.18357180697244,1021.1593025079454,1616.0,1.5825150846015295,5.3871385570505215,-1616.0,-435.0
M01_Feb_2021_OP05_001,M01,OP05,good,Feb,2021,41984,0,-5.5592844893292686,317.6160979416913,317.66474673110855,2153.0,6.777585558848413,13.842438449592098,-2153.0,2119.0,33.77610518292683,145.61771965968043,149.48359629141058,2209.0,14.777541180462826,22.096750403940955,-2033.0,2209.0,-1013.0289872332318,127.88567677940796,1021.0692803625591,1614.0,1.5806958754325704,5.373720303715063,-1614.0,-327.0
M01_Feb_2021_OP05_002,M01,OP05,good,Feb,2021,40960,0,-8.08603515625,320.2584677298001,320.3605314597719,1969.0,6.146200316961486,13.583009052483714,-1942.0,1969.0,30.3216552734375,140.77559932400752,144.00406988538444,2028.0,14.082935306023806,20.780412206884638,-1981.0,2028.0,-1013.7854736328125,127.86739766517634,1021.8175267309572,1618.0,1.5834529724464363,4.899864765907123,-1618.0,-277.0
M01_Feb_2021_OP05_003,M01,OP05,good,Feb,2021,41984,0,-7.259003429878049,317.4066358848417,317.48963075119076,2096.0,6.60179041136177,13.941070054707547,-1850.0,2096.0,31.593083079268293,140.8325616094278,144.33271738565318,1881.0,13.032388179694685,20.082513622857093,-1881.0,1829.0,-1013.4317835365854,126.75027479472583,1021.3273775057061,1553.0,1.5205702247919262,5.158830052406961,-1553.0,-445.0
M01_Feb_2021_OP05_004,M01,OP05,good,Feb,2021,41984,0,-6.458770007621951,317.65759044198495,317.72324509770954,2248.0,7.075340047306491,13.880748174522292,-1940.0,2248.0,33.407917301829265,141.05686751282175,144.95905908557634,2035.0,14.038446529917396,20.051853285598533,-1989.0,2035.0,-1013.4477419969512,125.37926527032337,1021.173974364038,1571.0,1.538425419604314,5.200232160950349,-1571.0,-407.0
M01_Feb_2021_OP05_005,M01,OP05,good,Feb,2021,40960,0,-6.418310546875,322.05590853050865,322.1198580182344,2219.0,6.888740152972463,13.542672976642944,-1840.0,2219.0,33.5011962890625,139.0520438433265,143.0307695910383,1877.0,13.123050413325922,17.376061492007207,-1696.0,1877.0,-1013.1958740234375,126.57164410473126,1021.0711337754545,1571.0,1.538580367257235,5.091268298237948,-1571.0,-396.0
M01_Feb_2021_OP05_006,M01,OP05,good,Feb,2021,44032,0,-6.691156431686046,310.5281078059789,310.6001888472622,2233.0,7.189306639791127,14.65602457161209,-1870.0,2233.0,33.76626090116279,138.57164401823843,142.6262980700361,1842.0,12.914869311797553,17.788638100720686,-1780.0,1842.0,-1013.1353333938954,121.63684771979358,1020.4110576107884,1610.0,1.5777955246483584,5.60175790576898,-1610.0,-464.0
M01_Feb_2021_OP05_007,M01,OP05,good,Feb,2021,49248,0,-7.0699317738791425,383.8644919813356,383.9295926851383,2020.0,5.261381353472816,10.241522352074883,-2020.0,1953.0,29.132370857699804,149.86577721155385,152.6710392019837,1684.0,11.030251767475487,13.954335630718376,-1481.0,1684.0,-1013.6117405782976,163.64161747408187,1026.7362561085001,1797.0,1.7502060429919233,4.918754500462721,-1797.0,-206.0
M01_Feb_2021_OP05_008,M01,OP05,good,Feb,2021,47104,0,-6.976604959239131,384.58272754414537,384.6460026336575,1963.0,5.103393734913165,10.215809107718307,-1963.0,1948.0,29.34525730298913,149.49715137544138,152.35006529552348,1774.0,11.644235245707675,14.802846433074764,-1551.0,1774.0,-1013.5097868546196,173.44924898318703,1028.2444894201612,1793.0,1.7437487080636758,4.581162991820389,-1793.0,-140.0
M01_Aug_2019_OP06_000,M01,OP06,bad,Aug,2019,170156,1,-0.41949740052223206,338.4054260253906,338.40570068359375,2268.0,6.702014757489441,10.573908805847168,-2153.0,2268.0,34.20170211791992,235.7935028076172,238.26104736328125,1360.0,5.708024937565147,3.2170567512512207,-1360.0,1247.0,-1037.008056640625,205.2874755859375,1057.13232421875,1985.0,1.8777214115243046,2.877578020095825,-1985.0,-173.0
M01_Aug_2021_OP06_000,M01,OP06,bad,Aug,2021,176000,1,-0.7606818181818182,377.2904061432214,377.2911729745946,2141.0,5.674662312187641,7.877155583252671,-2035.0,2141.0,36.29505681818182,539.0728079710076,540.2932754006678,2500.0,4.627116630585609,4.655315013157248,-2500.0,2196.0,-1014.1739715909091,418.11502639391654,1096.9817774005471,2504.0,2.282626796165731,3.3487910133524976,-2504.0,571.0
M01_Aug_2021_OP06_001,M01,OP06,bad,Aug,2021,160000,1,-0.3475625,342.8257853309879,342.8259615132728,2055.0,5.994295154687225,9.649245267636005,-1840.0,2055.0,36.4172125,266.11751435452317,268.5977379139668,2084.0,7.758814412158287,3.589728488228427,-2078.0,2084.0,-1012.8841625,264.2769827882738,1046.7935088999166,1953.0,1.86569746888517,2.6635421178261263,-1953.0,50.0
M01_Aug_2021_OP06_002,M01,OP06,bad,Aug,2021,180000,1,-1.0005944444444443,372.67310132292437,372.6744445744689,2074.0,5.565179019366774,8.040437061895751,-2065.0,2074.0,33.99421666666667,530.3497415279612,531.4381009163302,2285.0,4.299654082121882,4.213175421266373,-2203.0,2285.0,-1014.1709444444444,415.65528655926363,1096.0438046903053,2311.0,2.1084923705699783,3.1475091116861336,-2311.0,318.0
M01_Aug_2019_OP06_000,M01,OP06,good,Aug,2019,159744,0,-1.9227576622596154,347.59615976211194,347.6014776700402,2303.0,6.625403365477395,10.583910573587428,-2030.0,2303.0,34.4914300380609,170.54936481563246,174.00213959916164,2098.0,12.057323000929975,6.8025773770598175,-2098.0,1887.0,-1015.8144406049679,145.67375371300048,1026.2065193041894,1700.0,1.656586630489027,4.125764343852651,-1700.0,-236.0
M01_Aug_2019_OP06_001,M01,OP06,good,Aug,2019,165888,0,-2.4898365162037037,345.06855088992654,345.07753346045473,2389.0,6.9230818246641235,10.804303971478289,-1994.0,2389.0,34.62401138117284,171.59150916997334,175.0499019804142,2082.0,11.893751304316346,6.402460109268681,-2082.0,1791.0,-1015.6675648630401,144.69562041829673,1025.9227187673805,1698.0,1.655095426719961,4.19221662172945,-1698.0,-247.0
M01_Aug_2019_OP06_002,M01,OP06,good,Aug,2019,165888,0,-2.2023835358796298,345.01886669589317,345.02589594022885,2258.0,6.544436306285742,10.822330091472876,-2051.0,2258.0,34.37349898726852,170.4673543401738,173.8984080673717,2223.0,12.783325763044166,6.498477495948339,-2223.0,1811.0,-1015.7403669945987,143.9819347547659,1025.8943857327847,1670.0,1.6278478791041808,4.191909003456616,-1670.0,-242.0
M01_Aug_2019_OP06_003,M01,OP06,good,Aug,2019,162816,0,-2.6671825864779874,346.8880512312736,346.8983049107913,2361.0,6.806029221178112,10.767640586706747,-1992.0,2361.0,33.76846870086478,181.9366236822036,185.04389888694266,2115.0,11.429720259473207,5.352064410367599,-2115.0,1747.0,-1016.0261829304245,159.6604762535622,1028.4943714370452,1665.0,1.618871280426755,3.8544577490988217,-1665.0,-119.0
M01_Aug_2021_OP06_000,M01,OP06,good,Aug,2021,190464,0,-2.6212355090725805,334.63467697308675,334.6449430493103,2088.0,6.239448834857579,10.59220701400513,-1961.0,2088.0,32.709105132728496,190.68066237351408,193.46576069626883,1934.0,9.996600912945414,4.8782730436855,-1838.0,1934.0,-1014.1296150453629,155.55709931558462,1025.990685756715,1992.0,1.9415380935264621,4.03718152184279,-1992.0,-259.0
M01_Feb_2019_OP06_000,M01,OP06,good,Feb,2019,188400,0,0.9398407936096191,327.4449462890625,327.4463195800781,2020.0,6.168950081926336,11.482004165649414,-1871.0,2020.0,31.139284133911133,146.42515563964844,149.6996307373047,993.0,6.633282895283371,4.048404216766357,-726.0,993.0,-1037.698974609375,125.86668395996094,1045.304443359375,1631.0,1.5603109796016272,4.43109130859375,-1631.0,-388.0
M01_Feb_2019_OP06_001,M01,OP06,good,Feb,2019,190800,0,0.863611102104187,327.0779724121094,327.0791320800781,2014.0,6.157531320301157,11.347319602966309,-1971.0,2014.0,30.407981872558594,145.4449462890625,148.58961486816406,976.0,6.568426742783839,3.9703664779663086,-774.0,976.0,-1037.815673828125,130.69126892089844,1046.01220703125,1608.0,1.5372669546216495,4.223670959472656,-1608.0,-400.0
M01_Feb_2019_OP06_002,M01,OP06,good,Feb,2019,186000,0,0.9420430064201355,328.05792236328125,328.0592956542969,2035.0,6.203146891299942,11.33666706085205,-1928.0,2035.0,30.316204071044922,146.232177734375,149.3416290283203,1005.0,6.729536878223134,4.08903694152832,-720.0,1005.0,-1037.8553466796875,126.0870590209961,1045.4862060546875,1612.0,1.5418663495170775,4.391222953796387,-1612.0,-316.0
M01_Feb_2020_OP06_000,M01,OP06,good,Feb,2020,189440,0,1.057791385135135,353.0474782560792,353.0490629156112,2233.0,6.324899948916592,9.937933602375145,-1944.0,2233.0,39.230922719594595,181.84141338050918,186.02517280640282,2404.0,12.922982216508155,6.6183906314330745,-2231.0,2404.0,-1013.7445945945946,168.40740157649785,1027.6376579200992,1844.0,1.7944067987272754,3.628371439782723,-1844.0,39.0
M01_Feb_2020_OP06_001,M01,OP06,good,Feb,2020,189440,0,1.3167915962837837,353.7908733712554,353.79332387836786,2242.0,6.337033088761129,9.857952894781091,-1936.0,2242.0,38.963888302364865,176.62734736502085,180.8740015282542,2420.0,13.379479524711977,7.083809970586694,-2348.0,2420.0,-1013.8671030405405,167.7987565177553,1027.6589537958218,1762.0,1.714576604905521,3.6576374773020515,-1762.0,-39.0
M01_Feb_2020_OP06_002,M01,OP06,good,Feb,2020,189440,0,1.1555268158783785,357.1339945288143,357.13586390942226,2194.0,6.143320292684042,9.640051922641774,-2008.0,2194.0,38.49937711148649,188.96244711193526,192.84451886559643,2465.0,12.782318183064302,6.194913590681093,-2465.0,2332.0,-1013.4750897381757,171.14167731549384,1027.8235409028944,1774.0,1.7259772027031264,3.691983718492623,-1774.0,62.0
M01_Feb_2020_OP06_003,M01,OP06,good,Feb,2020,189440,0,1.2339210304054054,357.1151850671282,357.1173168114906,2393.0,6.700879199490567,9.674964317341027,-2032.0,2393.0,38.76064717060811,187.54025542000784,191.50387769464655,2500.0,13.054565944540595,6.714580618304834,-2455.0,2500.0,-1013.5869087837838,170.4347295265521,1027.816335094289,1801.0,1.7522585879458528,3.69449201136919,-1801.0,165.0
M01_Feb_2021_OP06_000,M01,OP06,good,Feb,2021,191488,0,-1.8226155163770053,336.59631625845327,336.6012508088483,2080.0,6.179418510780301,10.833804958971902,-1950.0,2080.0,35.222181024398395,176.2691251769982,179.75373856134325,2328.0,12.951051914870412,6.369195943541273,-2121.0,2328.0,-1013.058040190508,178.68835945054656,1028.6963218548808,1950.0,1.8956031615665565,3.2047995032339744,-1950.0,-165.0
M01_Feb_2021_OP06_001,M01,OP06,good,Feb,2021,191488,0,-2.0536064923128343,336.3517215312032,336.35799065375176,2012.0,5.981722022091518,10.837045392649733,-1965.0,2012.0,36.368028283756686,178.17240188281323,181.8461940045456,2129.0,11.70769623007222,6.14724645684132,-2004.0,2129.0,-1013.0441228693181,186.4153777389599,1030.0529539483032,1916.0,1.8600985441144233,3.107475756534346,-1916.0,-167.0
M01_Feb_2021_OP06_002,M01,OP06,good,Feb,2021,190464,0,-3.6011529737903225,333.079236647251,333.09870337222276,2000.0,6.004226314159771,11.010092727766832,-1887.0,2000.0,31.510400915658604,162.73718292336588,165.7597540770937,2063.0,12.445723097782308,7.232517697997543,-2033.0,2063.0,-1013.7598076276881,170.65265297031397,1028.0229936762767,1873.0,1.8219436836738747,3.3028099162698954,-1873.0,-284.0
M01_Feb_2021_OP06_003,M01,OP06,good,Feb,2021,190464,0,-2.822921917002688,336.6253632122206,336.6371994386671,2174.0,6.45799098740449,11.014854447486048,-1942.0,2174.0,33.02660870295699,163.31914029465062,166.62502353788886,2057.0,12.34508452766855,6.833494641606152,-1928.0,2057.0,-1013.4522219422043,174.44971883607326,1028.3569956788235,1928.0,1.8748353034028982,3.359892531703485,-1928.0,-103.0
M01_Feb_2021_OP06_004,M01,OP06,good,Feb,2021,190464,0,-2.305821572580645,336.6492886443373,336.6571852164497,2108.0,6.261562481266178,10.911480832508863,-2032.0,2108.0,35.65273227486559,173.34478230772498,176.97324902926943,2043.0,11.544117606509616,5.98546581857284,-2043.0,1994.0,-1013.2847624747984,185.6175127119699,1030.1455581076816,1948.0,1.8909949032623743,3.132091625053051,-1948.0,-97.0
M01_Feb_2021_OP06_005,M01,OP06,good,Feb,2021,190464,0,-2.197984921034946,336.9332071684827,336.940376373258,2110.0,6.262235540636336,10.855856270185702,-1924.0,2110.0,35.45725701444893,176.75247398304188,180.27383097420042,1996.0,11.07204517268873,5.895092168902796,-1840.0,1996.0,-1013.0978557627689,185.56980334657104,1029.9531141101545,1991.0,1.9330977038893253,3.1868313712766265,-1991.0,-103.0
M01_Feb_2021_OP06_006,M01,OP06,good,Feb,2021,192512,0,-2.428259017619681,334.2712093712002,334.28002910186154,2121.0,6.34497970368936,11.11149408334082,-1924.0,2121.0,36.097354970079785,180.29986020261066,183.8778361437748,2057.0,11.18677510644417,6.093555572484995,-1864.0,2057.0,-1012.9374584441489,181.77235320107013,1029.1178178943103,1864.0,1.8112600594302717,3.219363240627281,-1864.0,-81.0
M01_Aug_2019_OP07_000,M01,OP07,bad,Aug,2019,32199,1,-1.7638436555862427,445.2774963378906,445.281005859375,2559.0,5.746932760047175,7.6925048828125,-2276.0,2559.0,33.996707916259766,212.73974609375,215.43902587890625,1352.0,6.275557524846639,4.409903049468994,-1128.0,1352.0,-1032.7716064453125,182.545654296875,1048.7802734375,1873.0,1.785884085959229,3.253927707672119,-1873.0,-220.0
M01_Aug_2021_OP07_000,M01,OP07,bad,Aug,2021,42000,1,-0.2363095238095238,579.2643460547092,579.2643942556637,2723.0,4.7007895306580485,4.609572916172846,-2188.0,2723.0,29.295761904761903,343.7742310090273,345.02023646654203,2129.0,6.1706525443369395,5.387544973775351,-1838.0,2129.0,-1015.2703333333334,364.70873397023905,1078.7892798785833,2742.0,2.5417382719159107,5.621892529230156,-2742.0,1450.0
M01_Aug_2021_OP07_001,M01,OP07,bad,Aug,2021,46000,1,-1.2635,581.1268521460192,581.1282257104634,3050.0,5.24841139194572,4.70530039413488,-3050.0,2529.0,30.706108695652173,393.3722175785726,394.5688364201018,4026.0,10.203542774760532,8.83013072264993,-3724.0,4026.0,-1014.1222608695653,459.2510831305982,1113.263453701695,4040.0,3.628970291413644,4.658255025307472,-4040.0,1768.0
M01_Feb_2019_OP07_000,M01,OP07,bad,Feb,2019,37511,1,-0.7727599740028381,471.1910400390625,471.1916809082031,2233.0,4.739048014803618,6.456358432769775,-2039.0,2233.0,31.71491050720215,244.55856323242188,246.60643005371094,1438.0,5.831153711956348,5.243949890136719,-1438.0,1397.0,-1037.5311279296875,220.0895538330078,1060.617919921875,2201.0,2.075205367227932,3.7986228466033936,-2201.0,-115.0
M01_Aug_2019_OP07_000,M01,OP07,good,Aug,2019,49152,0,-4.787251790364583,412.2694830741592,412.29727679665655,2279.0,5.5275650077213445,9.131237856825168,-1969.0,2279.0,34.91351318359375,194.17756697824078,197.2913604809145,2153.0,10.912794127182655,10.672245132039246,-2153.0,1994.0,-1015.8857014973959,142.08644573693292,1025.7740085267371,1717.0,1.6738579703984047,4.269509023367639,-1717.0,-148.0
M01_Aug_2019_OP07_001,M01,OP07,good,Aug,2019,50176,0,-4.895547672193878,409.3800547759414,409.40932529116077,2223.0,5.429773731751379,9.180973675072375,-2059.0,2223.0,34.65732621173469,181.9362457403365,185.20779620262937,2317.0,12.510272502055212,12.59703357477677,-2215.0,2317.0,-1015.8758370535714,138.99332710231414,1025.3403636296903,1750.0,1.7067503261112484,4.28202088037715,-1750.0,-156.0
M01_Aug_2019_OP07_002,M01,OP07,good,Aug,2019,50176,0,-4.766860650510204,410.5570891607379,410.5847615542977,2531.0,6.164378800661574,9.284104888152692,-2071.0,2531.0,33.982003348214285,185.99649428272468,189.07530890367914,2156.0,11.402863824479237,11.901562716406076,-2059.0,2156.0,-1015.9054328762755,138.72619635449684,1025.333509694538,1953.0,1.904746096303658,4.438020658575033,-1953.0,-193.0
M01_Aug_2019_OP07_003,M01,OP07,good,Aug,2019,50176,0,-4.626255580357143,408.85584428557115,408.8820167813229,2258.0,5.522375422071001,9.156174634944893,-2002.0,2258.0,34.70752949617347,195.0247327510878,198.08901783885184,2043.0,10.313545002590748,8.940513781211902,-1821.0,2043.0,-1015.8102877869898,137.18509838280713,1025.0318492574695,1864.0,1.8184800807411758,4.417616678335051,-1864.0,-126.0
M01_Aug_2019_OP07_004,M01,OP07,good,Aug,2019,50176,0,-4.725924744897959,410.9004304717871,410.9276069170753,2166.0,5.271001421029121,9.122910451170823,-2098.0,2166.0,34.63277264030612,196.8215315244176,199.84530070124853,2332.0,11.669025950658398,10.291813382723419,-2010.0,2332.0,-1015.7816485969388,138.53159964573834,1025.1845500819459,1850.0,1.8045531410438485,4.34139981292397,-1850.0,-210.0
M01_Aug_2019_OP07_005,M01,OP07,good,Aug,2019,49152,0,-4.762105305989583,414.7915905419699,414.8189258354572,2162.0,5.211912633073985,8.854168815910231,-1856.0,2162.0,34.641886393229164,191.41895049723357,194.52833958666216,2215.0,11.386515737020519,11.699989016422775,-2088.0,2215.0,-1016.0526326497396,137.11804228594983,1025.2630442158725,1791.0,1.746868776851084,4.391176611196603,-1791.0,-122.0
M01_Aug_2019_OP07_006,M01,OP07,good,Aug,2019,50176,0,-4.259745695153061,410.7097185240616,410.73180826848716,2174.0,5.2929915731749215,9.044857474253087,-2100.0,2174.0,34.22381218112245,189.20003296794604,192.27043921331384,2301.0,11.967518300861437,12.217742979200736,-2033.0,2301.0,-1015.4434789540817,135.88749459294965,1024.4954222138415,1832.0,1.7881973508883178,4.467771955041118,-1832.0,-128.0
M01_Aug_2019_OP07_007,M01,OP07,good,Aug,2019,49152,0,-4.560546875,412.36995103668164,412.3951686256694,2192.0,5.315290204065596,9.019959042720513,-1992.0,2192.0,33.87115478515625,187.437310647684,190.473096654925,2459.0,12.909959690816097,12.193258069445662,-2129.0,2459.0,-1015.7420450846354,140.2474634379016,1025.378590157549,1784.0,1.7398451821837717,4.40081184751515,-1784.0,-224.0
M01_Aug_2019_OP07_008,M01,OP07,good,Aug,2019,50176,0,-4.564732142857143,410.91398332624374,410.93933673058916,2277.0,5.540963827205464,9.096630855867465,-1946.0,2277.0,34.12788982780612,186.72542540640637,189.81859065250245,2248.0,11.842886369941361,12.725886252492362,-2073.0,2248.0,-1015.5603475765306,136.72274719138844,1024.722366872766,1768.0,1.7253453785687909,4.450394130252914,-1768.0,-99.0
M01_Aug_2019_OP07_009,M01,OP07,good,Aug,2019,50176,0,-4.842853156887755,409.2412449424477,409.2698984640131,2219.0,5.421850002474872,9.112303532584287,-2028.0,2219.0,33.26642219387755,189.17896071882143,192.08158168922571,1877.0,9.771889545541393,8.443183257277164,-1686.0,1877.0,-1015.9930444834183,138.0204640217168,1025.3250776838804,1793.0,1.748713689955024,4.410808716766278,-1793.0,-68.0
M01_Aug_2019_OP07_010,M01,OP07,good,Aug,2019,49152,0,-4.096516927083333,414.1971547490291,414.21741205932545,2205.0,5.323291430549987,8.929600946432169,-1932.0,2205.0,34.975056966145836,191.39338091409502,194.56279415014842,2196.0,11.286844484281502,10.855102842716141,-2020.0,2196.0,-1015.7352294921875,139.32516116839423,1025.2460958063414,1801.0,1.7566514101997524,4.378654238025764,-1801.0,-70.0
M01_Aug_2019_OP07_011,M01,OP07,good,Aug,2019,50176,0,-4.219447544642857,410.2948544636066,410.3165501620598,2213.0,5.393396876450504,9.080783961115479,-2151.0,2213.0,33.63745615433673,189.49109698440745,192.45351203053954,2071.0,10.76104030604213,9.940110643240496,-1905.0,2071.0,-1015.6988002232143,139.6402377020555,1025.2528706423423,1870.0,1.8239402722456228,4.395813594091795,-1870.0,-204.0
M01_Aug_2019_OP07_012,M01,OP07,good,Aug,2019,50176,0,-4.380141900510204,408.4195406062536,408.4430275963734,2041.0,4.997024951095339,9.170571043002449,-2018.0,2041.0,34.35640545280612,188.0036654342222,191.11708665721272,2125.0,11.118838389428761,11.096721505662998,-1979.0,2125.0,-1015.9631497130102,137.7903913255268,1025.2645090494561,1823.0,1.7780777388755424,4.405005474359715,-1823.0,-175.0
M01_Aug_2019_OP07_013,M01,OP07,good,Aug,2019,49152,0,-4.04266357421875,412.34648001255596,412.3662967648054,2248.0,5.4514639475547515,8.966008973238852,-1991.0,2248.0,34.798380533854164,192.80138775713013,195.91657002115508,2231.0,11.387500300556999,10.777232605831898,-2098.0,2231.0,-1015.858642578125,139.58213642079284,1025.4033130961025,1729.0,1.6861658021949022,4.217482475315044,-1729.0,-169.0
M01_Aug_2019_OP07_014,M01,OP07,good,Aug,2019,49152,0,-3.8749593098958335,414.11400302479393,414.1321320676197,2174.0,5.249532290928414,8.954918286847581,-2057.0,2174.0,34.685384114583336,191.79472412553875,194.90585438505357,1825.0,9.363495035888214,7.8221771856133415,-1733.0,1825.0,-1016.0989379882812,137.5834182524871,1025.3712736170016,1784.0,1.7398575968555587,4.25235936740487,-1784.0,-286.0
M01_Aug_2019_OP07_015,M01,OP07,good,Aug,2019,50176,0,-4.460160235969388,409.28508798900265,409.309389434809,2235.0,5.460417126238366,9.161635912180035,-2041.0,2235.0,34.543666294642854,182.39828325889744,185.64050909450938,2223.0,11.97475707669102,12.959341591669514,-2039.0,2223.0,-1015.7994459502551,137.76506446403053,1025.098886634662,1840.0,1.7949487839564526,4.5036443401506885,-1840.0,-128.0
M01_Aug_2021_OP07_000,M01,OP07,good,Aug,2021,50176,0,-4.543965242346939,415.72071585190736,415.7455486334711,2084.0,5.01268145107019,8.851102110642794,-2032.0,2084.0,34.19029017857143,207.45373085250222,210.25229222797392,1887.0,8.974931878288155,6.588084674240542,-1741.0,1887.0,-1014.3366948341836,145.8011474815374,1024.7618772642106,1624.0,1.5847584068364888,4.023264301950983,-1624.0,-316.0
M01_Aug_2021_OP07_001,M01,OP07,good,Aug,2021,51200,0,-3.74947265625,420.5914185026619,420.60813099996204,2090.0,4.968995713495107,8.196512245342667,-2090.0,2078.0,32.03380859375,218.87047184767235,221.20227923745213,1825.0,8.250367068057797,5.881644429689243,-1760.0,1825.0,-1013.99484375,147.9980634004651,1024.738488552994,1856.0,1.81119380284116,4.5751221879826165,-1856.0,-93.0
M01_Aug_2021_OP07_002,M01,OP07,good,Aug,2021,50176,0,-3.9677335778061225,419.89360581188095,419.9123517014565,2235.0,5.322539313130302,8.410464057313566,-1848.0,2235.0,31.934630102040817,200.3486508650223,202.87780189855363,2065.0,10.178540878674228,8.034969249033297,-1928.0,2065.0,-1014.1452686543367,146.73051173873543,1024.7050644010149,1702.0,1.6609657345598208,4.506690098149942,-1702.0,-101.0
M01_Feb_2019_OP07_000,M01,OP07,good,Feb,2019,49200,0,4.242438793182373,407.9537353515625,407.9757995605469,2176.0,5.3336496977121906,9.387974739074707,-1981.0,2176.0,29.959897994995117,167.52052307128906,170.17849731445312,1579.0,9.278493023018935,6.224067687988281,-1229.0,1579.0,-1037.6136474609375,142.7829132080078,1047.3914794921875,1791.0,1.709962354160395,4.4812493324279785,-1791.0,-11.0
M01_Feb_2019_OP07_001,M01,OP07,good,Feb,2019,50400,0,4.522698402404785,401.76513671875,401.7905578613281,2022.0,5.0324726662637564,9.542835235595703,-2022.0,2006.0,29.82261848449707,166.12408447265625,168.77972412109375,1649.0,9.77013091227059,6.18818473815918,-1376.0,1649.0,-1037.529052734375,134.07391357421875,1046.1558837890625,1911.0,1.8266876185588772,4.917643070220947,-1911.0,23.0
M01_Feb_2019_OP07_002,M01,OP07,good,Feb,2019,50400,0,4.837103366851807,402.0829772949219,402.1120910644531,2133.0,5.304491079473929,9.563003540039062,-2133.0,1992.0,29.788433074951172,171.18809509277344,173.760498046875,1616.0,9.300157505096786,6.419051170349121,-1462.0,1616.0,-1037.944580078125,135.47596740722656,1046.74853515625,1893.0,1.8084572716573504,4.754446506500244,-1893.0,-29.0
M01_Feb_2019_OP07_003,M01,OP07,good,Feb,2019,50400,0,3.8535516262054443,401.311279296875,401.32977294921875,2231.0,5.559019415891415,9.630141258239746,-2203.0,2231.0,29.45940399169922,167.82618713378906,170.3921661376953,1358.0,7.9698499689392355,6.10770845413208,-1280.0,1358.0,-1037.6351318359375,136.94219970703125,1046.632568359375,1815.0,1.7341329277045734,4.719985008239746,-1815.0,66.0
M01_Feb_2019_OP07_004,M01,OP07,good,Feb,2019,51600,0,4.824573516845703,396.0595703125,396.0888977050781,2133.0,5.385154727533413,9.870227813720703,-2008.0,2133.0,29.95668601989746,169.47921752929688,172.10638427734375,1577.0,9.162937253151032,6.223232746124268,-1278.0,1577.0,-1037.841064453125,135.5395050048828,1046.654296875,1889.0,1.8047983996626153,4.853591442108154,-1889.0,-15.0
M01_Feb_2020_OP07_000,M01,OP07,good,Feb,2020,50176,0,-0.7013113839285714,420.3466501507097,420.34723518845743,2434.0,5.790450837410044,8.730396164896053,-2082.0,2434.0,37.795579559948976,185.94570007747643,189.74801503988192,2818.0,14.851275252643369,23.815270918754294,-2678.0,2818.0,-1013.6909877232143,138.04631278648728,1023.0475077264059,1748.0,1.7086205545671185,4.54445577891882,-1748.0,-158.0
M01_Feb_2020_OP07_001,M01,OP07,good,Feb,2020,50176,0,-0.6410634566326531,420.17395745943327,420.1744464974959,2434.0,5.792832049377153,8.704152431904408,-2018.0,2434.0,37.47514748086735,180.7337534404439,184.57810355343867,2769.0,15.00177944562273,24.31404117881108,-2440.0,2769.0,-1013.676737882653,137.33182728488143,1022.9372217833417,1823.0,1.7821230483937869,4.52784600254925,-1823.0,-177.0
M01_Feb_2020_OP07_002,M01,OP07,good,Feb,2020,50176,0,-0.6225486288265306,419.93394407664255,419.93440553800775,2580.0,6.143816667497342,8.666003194166597,-2190.0,2580.0,37.132393973214285,185.83977567762116,189.5131576067756,2633.0,13.893494431997492,22.149682701773934,-2633.0,2525.0,-1013.5178172831633,137.71477038187547,1022.8312294468527,1829.0,1.7881737938223918,4.5708444201542,-1829.0,-62.0
M01_Feb_2020_OP07_003,M01,OP07,good,Feb,2020,51200,0,-0.9391015625,414.7246920049104,414.7257552531703,2328.0,5.613348027008516,8.896039646192689,-2190.0,2328.0,36.630390625,177.24222917513876,180.98782644231213,2758.0,15.23859396631343,27.639333518982447,-2658.0,2758.0,-1013.75501953125,136.99214024343215,1022.9692498375898,1840.0,1.798685542397413,4.604497773902217,-1840.0,-76.0
M01_Feb_2021_OP07_000,M01,OP07,good,Feb,2021,50000,0,-4.83576,413.85644547985765,413.88469655207115,2201.0,5.317906214788231,8.925037921105243,-1903.0,2201.0,30.7983,191.57549680768153,194.0353221967588,1901.0,9.797185267496387,8.49372251962476,-1803.0,1901.0,-1013.75984,144.47496157872615,1024.0029432184265,1750.0,1.7089794629884316,4.308662315026082,-1750.0,-158.0
M01_Feb_2021_OP07_001,M01,OP07,good,Feb,2021,49152,0,-4.8243408203125,418.4541491078459,418.48195799809804,2443.0,5.83776660692049,8.724713836692354,-1868.0,2443.0,33.594462076822914,200.7909371352203,203.5818958499775,1918.0,9.421269961123667,8.082668890885758,-1819.0,1918.0,-1013.5849609375,138.6161011080304,1023.019499582029,1739.0,1.6998698467727118,4.089618125890898,-1739.0,-402.0
M01_Feb_2021_OP07_002,M01,OP07,good,Feb,2021,49152,0,-3.3826904296875,416.28528593031547,416.2990293966917,2203.0,5.291869172005105,8.794923512788687,-1827.0,2203.0,34.070332845052086,182.90867828472526,186.0547558436434,2213.0,11.894347929809221,14.036872585779925,-2213.0,2199.0,-1013.141357421875,139.21434490264656,1022.6612557173136,1801.0,1.761091456170152,4.448240583489485,-1801.0,-216.0
M01_Feb_2021_OP07_003,M01,OP07,good,Feb,2021,50176,0,-5.018514827806122,411.7420314158675,411.7726143462458,2367.0,5.748318167680935,9.055426518004158,-1903.0,2367.0,31.374581473214285,172.56999101954693,175.39887731426865,2233.0,12.73098228558813,13.020444739981972,-2123.0,2233.0,-1013.7122727997449,136.88384857202325,1022.9123911776184,1852.0,1.8105167323937705,4.447999311401076,-1852.0,-257.0
M01_Feb_2021_OP07_004,M01,OP07,good,Feb,2021,49152,0,-4.419881184895833,415.9626346947047,415.9861161287104,2440.0,5.865580377314897,8.871534253784596,-1920.0,2440.0,33.942036946614586,181.88242272264856,185.0223704516445,2051.0,11.085146055546986,9.75024445085321,-1987.0,2051.0,-1013.6816813151041,147.1192028482939,1024.302011557399,1862.0,1.8178232386451374,4.206167877032752,-1862.0,-195.0
M01_Feb_2021_OP07_005,M01,OP07,good,Feb,2021,50176,0,-5.018913424744898,412.02772262240575,412.0582892035679,2131.0,5.171598426326593,8.986316877017885,-1903.0,2131.0,32.477220184948976,176.23122853130047,179.19881623658432,1858.0,10.368372063055403,8.796876694182696,-1659.0,1858.0,-1013.3677654655612,143.29404317343284,1023.4487827408142,1643.0,1.6053563477793353,4.3605588595082425,-1643.0,-124.0
M01_Feb_2021_OP07_006,M01,OP07,good,Feb,2021,50176,0,-3.314473054846939,412.60466656151243,412.6179790071782,2178.0,5.278490300496843,8.962513294167758,-2030.0,2178.0,34.77676578443877,174.2636245374377,177.6998432057574,2176.0,12.245368148583141,13.961694964430212,-2176.0,2158.0,-1013.1928611288265,141.18602408489318,1022.9825351585029,1731.0,1.6921109994627577,4.285954851099658,-1731.0,-210.0
M01_Feb_2021_OP07_007,M01,OP07,good,Feb,2021,50176,0,-3.8413982780612246,414.63827434770144,414.656068199623,2359.0,5.6890521589191705,8.909901888188827,-1889.0,2359.0,35.15937898596939,185.68223734281497,188.98167952294344,2289.0,12.112285200228113,11.836806823829624,-2037.0,2289.0,-1013.2299904336735,142.55383551562807,1023.2089764727627,1747.0,1.70737360614477,4.243140203313471,-1747.0,-191.0
M01_Feb_2021_OP07_008,M01,OP07,good,Feb,2021,50288,0,-3.8879852052179444,412.15830307260956,412.1766407993654,2494.0,6.050803837799243,9.028651881458616,-1891.0,2494.0,35.88756761056315,190.13116036894198,193.48843803246507,2205.0,11.396029770161395,10.66046790477033,-2061.0,2205.0,-1013.2708996181992,137.9964750796045,1022.6245367423327,1633.0,1.5968715215870686,4.342227028444378,-1633.0,-341.0
M01_Feb_2021_OP07_009,M01,OP07,good,Feb,2021,50176,0,-3.5245535714285716,413.5311942572701,413.54621398547704,2141.0,5.177172290773742,8.991760149260205,-2092.0,2141.0,35.471560108418366,183.504990290675,186.9018807773369,2190.0,11.717378075018022,11.917363794132532,-2008.0,2190.0,-1013.1619897959183,138.21853719949715,1022.5466158531813,1663.0,1.6263317233830403,4.320030049795844,-1663.0,-329.0
M01_Feb_2021_OP07_010,M01,OP07,good,Feb,2021,50176,0,-3.697285554846939,413.1600308335861,413.1765736327314,2223.0,5.3802663119424645,8.952947671203532,-2086.0,2223.0,34.4172512755102,183.67602929557492,186.87276667066956,2264.0,12.11519495502468,13.546480472442816,-2264.0,2192.0,-1013.0993702168367,139.3979599050415,1022.6446719948424,1854.0,1.8129464229090029,4.501150824473597,-1854.0,-203.0
M01_Feb_2021_OP07_011,M01,OP07,good,Feb,2021,50176,0,-5.181879783163265,411.5418275514655,411.57444976879606,2340.0,5.685484123989005,9.017338708232888,-1893.0,2340.0,31.01397082270408,189.959184807334,192.47430550299023,1694.0,8.801174762382413,7.7887989350713305,-1618.0,1694.0,-1013.5892259247449,142.2903247664883,1023.5280433055443,1639.0,1.60132398005115,4.212719690817223,-1639.0,-349.0
M01_Feb_2021_OP07_012,M01,OP07,good,Feb,2021,51200,0,-5.9545703125,407.48059248097144,407.52409763871634,2324.0,5.7027302519428025,9.221230539494206,-1907.0,2324.0,31.0032421875,176.60911693568008,179.30973540479474,1815.0,10.12214978680665,9.758758926486767,-1815.0,1815.0,-1013.7726171875,139.78803029674637,1023.3648483182513,1653.0,1.6152597020666293,4.420327005060136,-1653.0,-271.0
M01_Feb_2021_OP07_013,M01,OP07,good,Feb,2021,49152,0,-4.91357421875,416.64445776252705,416.67343015343965,2219.0,5.325513554302838,8.839247271597223,-1959.0,2219.0,31.6064453125,174.46608768677305,177.30590271624018,1747.0,9.853027864480595,9.075407353406305,-1608.0,1747.0,-1013.5180867513021,142.44452144421348,1023.4790441731042,1739.0,1.6991066010589246,4.253353860496584,-1739.0,-325.0
M01_Feb_2021_OP07_014,M01,OP07,good,Feb,2021,50176,0,-6.126554528061225,412.47343389974316,412.51893089097274,2317.0,5.616711928821455,8.987908766744866,-2147.0,2317.0,31.040477519132654,177.69807047024238,180.388789822048,1811.0,10.039426517504419,9.964472595216806,-1700.0,1811.0,-1013.5320471938776,138.22573769492584,1022.9142511717778,1797.0,1.7567454925390713,4.344237909315207,-1797.0,-286.0
M01_Feb_2019_OP08_000,M01,OP08,bad,Feb,2019,64231,1,0.5748625993728638,327.5816345214844,327.5821228027344,1942.0,5.928284435623634,11.861851692199707,-1901.0,1942.0,30.36027717590332,170.90682983398438,173.58251953125,827.0,4.76430462141734,3.9861671924591064,-825.0,827.0,-1037.8365478515625,161.2582244873047,1050.2899169921875,1688.0,1.6071752881662256,3.5282773971557617,-1688.0,-398.0
M01_Feb_2019_OP08_001,M01,OP08,bad,Feb,2019,64181,1,0.7354512810707092,327.9971923828125,327.9980163574219,1963.0,5.9847922917341805,11.837319374084473,-1963.0,1809.0,30.943471908569336,164.6437530517578,167.5263214111328,843.0,5.032045071479611,4.088376045227051,-774.0,843.0,-1037.9659423828125,159.4368133544922,1050.1397705078125,1684.0,1.6035960614896756,3.554327964782715,-1684.0,-425.0
M01_Feb_2019_OP08_002,M01,OP08,bad,Feb,2019,64591,1,0.6253038644790649,326.43609619140625,326.43670654296875,2088.0,6.396339499048209,11.892206192016602,-2088.0,1897.0,30.892879486083984,166.60548400878906,169.4454345703125,981.0,5.789474366704921,4.092209339141846,-819.0,981.0,-1037.785400390625,159.00706481933594,1049.8961181640625,1668.0,1.588728609566446,3.5497233867645264,-1668.0,-437.0
M01_Aug_2019_OP08_000,M01,OP08,good,Aug,2019,75776,0,-3.06763355152027,321.4073256836077,321.4219646799128,2071.0,6.44324354765985,12.427006835076108,-1905.0,2071.0,34.1722313133446,198.27647046907643,201.199652421686,2225.0,11.058667215471699,6.168280194502725,-2057.0,2225.0,-1015.8504935599663,136.75021294544376,1025.0135833278753,1795.0,1.7511963052940598,4.278666180406857,-1795.0,-206.0
M01_Aug_2019_OP08_001,M01,OP08,good,Aug,2019,76800,0,-2.49390625,320.10911101944265,320.118825635172,2188.0,6.834961972819385,12.419199962742711,-2188.0,1912.0,34.7573828125,178.83444058543225,182.18076956550374,2035.0,11.170223975084859,7.348153106456264,-1676.0,2035.0,-1015.7336458333333,138.37576075611256,1025.1159400003048,1626.0,1.5861620491429647,4.241980828186483,-1626.0,-310.0
M01_Aug_2019_OP08_002,M01,OP08,good,Aug,2019,77824,0,-2.4504523026315788,319.5889831494422,319.5983774473549,2100.0,6.5707467502581975,12.922239198457305,-2086.0,2100.0,34.17785002055921,177.67962272542576,180.93693311172672,2281.0,12.606602536981798,8.272070789185236,-1944.0,2281.0,-1015.9731830797697,139.04198450796963,1025.4434076013915,1702.0,1.6597698004428523,4.2590598208926185,-1702.0,-378.0
M01_Aug_2019_OP08_003,M01,OP08,good,Aug,2019,75776,0,-2.833984375,322.31530927453576,322.32776805633324,1903.0,5.903928201641667,12.312716044340137,-1830.0,1903.0,34.55653505067568,173.15733556983017,176.57184649980684,1864.0,10.556609317681,9.260484464611379,-1827.0,1864.0,-1015.7593169341217,127.76209473392456,1023.7627375467783,1633.0,1.595096148852931,4.602911621728447,-1633.0,-368.0
M01_Aug_2019_OP08_004,M01,OP08,good,Aug,2019,76800,0,-2.9750651041666667,320.250592823451,320.2644114105497,1932.0,6.032515419027788,12.483155017229643,-1791.0,1932.0,34.25932291666667,172.751064400845,176.11539245146443,2096.0,11.901287961400852,8.950568765043023,-2096.0,1852.0,-1015.9353255208333,126.39512861881154,1023.767705184964,1631.0,1.593134840784343,4.639051625236684,-1631.0,-365.0
M01_Aug_2019_OP08_005,M01,OP08,good,Aug,2019,76800,0,-2.8812630208333334,320.3335879285462,320.34654552807467,1920.0,5.9935093004826365,12.451863568962176,-1836.0,1920.0,34.05587239583333,172.27094353095714,175.6048986494611,2258.0,12.858411225232238,9.207464465355175,-1778.0,2258.0,-1015.9837239583334,128.165006846183,1024.0357397708954,1596.0,1.5585393536724301,4.5860377192733965,-1596.0,-353.0
M01_Aug_2019_OP08_006,M01,OP08,good,Aug,2019,75776,0,10.904837943412161,328.8754835065036,329.05622489509085,6433.0,19.54985049151086,17.042488221634507,-6433.0,5479.0,17.82416596283784,279.3863224677499,279.9543142627459,2041.0,7.2904752526316035,4.899625728220829,-2041.0,1678.0,-1020.5035235430744,196.98550513893076,1039.3414890201727,2455.0,2.362072548758179,8.018984269220697,-2455.0,706.0
M01_Aug_2019_OP08_007,M01,OP08,good,Aug,2019,76800,0,-3.2058333333333335,319.61012451913797,319.6262020900352,1973.0,6.172835603272061,12.603941581246003,-1885.0,1973.0,34.001302083333336,197.3683586817331,200.2757038486779,2110.0,10.535476642709744,5.905527251281998,-1981.0,2110.0,-1015.920390625,136.17273130435873,1025.0059769769841,1739.0,1.6965754727877536,4.2814796080679685,-1739.0,-253.0
M01_Aug_2019_OP08_008,M01,OP08,good,Aug,2019,78848,0,-2.7151988636363638,315.2313793480766,315.2430726131188,1905.0,6.042955945737486,12.803222363814463,-1805.0,1905.0,34.60134689529221,170.70662056909254,174.17807988690333,2262.0,12.986708783727284,10.21375762758821,-2262.0,2080.0,-1015.7627460430194,130.0938778896015,1024.0597508510966,1663.0,1.6239286805461104,4.480590304744067,-1663.0,-310.0
M01_Aug_2019_OP08_009,M01,OP08,good,Aug,2019,75776,0,-2.275773331925676,321.3572028660441,321.3652610008526,2010.0,6.254565268629539,12.245001945746779,-1840.0,2010.0,33.812724345439186,174.56978917737484,177.81426157958688,2246.0,12.631157816296561,9.186586749165414,-1957.0,2246.0,-1015.677760768581,129.35186019858972,1023.8814469735812,1649.0,1.6105380216373317,4.519685214038193,-1649.0,-269.0
M01_Aug_2019_OP08_010,M01,OP08,good,Aug,2019,77824,0,-2.71435546875,317.2617928153872,317.2734040319869,1864.0,5.875059101430623,12.55339275666212,-1854.0,1864.0,33.75913599917763,171.93221797310807,175.2152015110656,2082.0,11.882530636866646,8.44905145407977,-1957.0,2082.0,-1015.7549856085526,133.48983888116246,1024.4890081758563,1641.0,1.601774139989912,4.4424418596147595,-1641.0,-388.0
M01_Aug_2019_OP08_011,M01,OP08,good,Aug,2019,76800,0,-2.601015625,320.386573189668,320.39713101477673,2084.0,6.504427781233428,12.44828663248075,-2084.0,1926.0,34.06614583333333,171.4501401943008,174.80175303635642,1987.0,11.367162888731045,9.341605566586129,-1987.0,1916.0,-1015.8516796875,132.70649276670326,1024.4831127677774,1626.0,1.5871418276550648,4.4421608155516195,-1626.0,-337.0
M01_Aug_2019_OP08_012,M01,OP08,good,Aug,2019,76800,0,-2.8679296875,320.38762280477545,320.4004585939095,2147.0,6.700989160322046,12.46530948933116,-2147.0,1991.0,34.3317578125,174.09771502480442,177.45051133021332,1862.0,10.493066410696612,8.109594341109677,-1727.0,1862.0,-1015.8359895833333,131.01528924995696,1024.2498541615712,1622.0,1.5835979799359934,4.447430556851696,-1622.0,-275.0
M01_Aug_2019_OP08_013,M01,OP08,good,Aug,2019,76800,0,-2.3073958333333335,320.54756324057166,320.555867790624,2088.0,6.513685163185998,12.352539003422661,-2088.0,1987.0,34.74196614583333,175.85318915128022,179.2521920266365,2266.0,12.641407473908476,8.294041249823106,-1782.0,2266.0,-1015.6250651041667,137.92389379114624,1024.9474490657335,1616.0,1.5766662002749765,4.306934467371202,-1616.0,-294.0
M01_Aug_2021_OP08_000,M01,OP08,good,Aug,2021,72704,0,-3.574741417253521,316.1799745776633,316.2001820052165,1905.0,6.024664463882479,12.417335330497476,-1850.0,1905.0,32.66645576584507,185.77045348490856,188.6206741592514,1928.0,10.221573051807674,7.525752976840753,-1737.0,1928.0,-1014.1392495598592,147.37669084779554,1024.7918356930254,1711.0,1.6696073684495345,4.1771740559584485,-1711.0,-195.0
M01_Feb_2019_OP08_000,M01,OP08,good,Feb,2019,75600,0,1.9803704023361206,317.1859436035156,317.192138671875,1893.0,5.967991539532596,12.850471496582031,-1893.0,1856.0,30.964576721191406,151.23179626464844,154.36923217773438,929.0,6.0180386136169135,4.5761919021606445,-720.0,929.0,-1037.7198486328125,117.87776947021484,1044.393310546875,1583.0,1.5157125041054647,5.267449855804443,-1583.0,-400.0
M01_Feb_2019_OP08_001,M01,OP08,good,Feb,2019,75600,0,2.019087314605713,317.24652099609375,317.2529602050781,1834.0,5.780875925679208,12.613737106323242,-1834.0,1827.0,30.031442642211914,153.12374877929688,156.04092407226562,962.0,6.165049365860451,4.509385585784912,-755.0,962.0,-1037.714599609375,127.24236297607422,1045.486572265625,1629.0,1.5581261808746816,4.804246425628662,-1629.0,-497.0
M01_Feb_2019_OP08_002,M01,OP08,good,Feb,2019,73200,0,2.0338525772094727,312.0440673828125,312.05072021484375,1922.0,6.159255132232102,12.87240982055664,-1868.0,1922.0,30.332021713256836,148.306396484375,151.3764190673828,882.0,5.8265349744294825,4.6686224937438965,-630.0,882.0,-1037.7435302734375,119.98916625976562,1044.6573486328125,1622.0,1.5526622218498538,5.181042671203613,-1622.0,-435.0
M01_Feb_2020_OP08_000,M01,OP08,good,Feb,2020,77824,0,0.003842002467105263,329.61284707325433,329.61284709564575,2133.0,6.471228348029331,11.61962341472479,-2133.0,2000.0,38.75070672286184,192.85668026251835,196.7112513136971,2764.0,14.051051892259208,9.788790788652017,-2190.0,2764.0,-1013.7437294407895,147.35154855579322,1024.3968117103404,1678.0,1.6380371168848122,3.84153352600986,-1678.0,-296.0
M01_Feb_2020_OP08_001,M01,OP08,good,Feb,2020,75776,0,0.5041437922297297,333.2495840523239,333.24996538936074,2203.0,6.610653349734249,11.286949823287355,-2203.0,1961.0,38.79587204391892,196.7855316251393,200.57334106165962,2785.0,13.88519523710703,10.770121992482402,-2594.0,2785.0,-1013.741870777027,148.7492348499973,1024.5969526769861,1739.0,1.69725275432108,3.8267585174311654,-1739.0,-327.0
M01_Feb_2020_OP08_002,M01,OP08,good,Feb,2020,78848,0,0.006785206980519481,328.8487165949911,328.8487166649915,2086.0,6.343342376868916,11.504972809094271,-1868.0,2086.0,37.723036728896105,196.9232844983775,200.5038839466173,2785.0,13.890005246688817,10.809450376011634,-2785.0,2582.0,-1013.5331397118506,143.74871105991218,1023.6762755996389,1762.0,1.721247275138689,3.947676626506706,-1762.0,-261.0
M01_Feb_2020_OP08_003,M01,OP08,good,Feb,2020,75776,0,0.34947740709459457,335.4933367373892,335.4935187595213,2127.0,6.339913831612987,11.217044903402153,-2127.0,2041.0,38.290817673141895,199.59957242917937,203.23920889431994,2568.0,12.635357192987822,10.931470152034189,-2568.0,2512.0,-1013.5382047086149,146.1701194829979,1024.0241189706599,1815.0,1.772419190501511,3.9030790644369056,-1815.0,-327.0
M01_Feb_2021_OP08_000,M01,OP08,good,Feb,2021,77824,0,-3.6303068462171053,316.26737088887,316.28820562385147,1987.0,6.2822450052502345,12.675317945078321,-1829.0,1987.0,34.154875102796055,159.1811923984556,162.80419990492183,2123.0,13.040204130113588,13.669198937985863,-2063.0,2123.0,-1013.1469469572369,153.33817320811096,1024.6849913468875,1708.0,1.6668537300960518,3.937942430479582,-1708.0,-316.0
M01_Feb_2021_OP08_001,M01,OP08,good,Feb,2021,73728,0,-3.447604709201389,313.9956077618803,314.01453417315497,1989.0,6.3341017167798315,12.7331818173419,-1989.0,1916.0,35.54181586371528,161.48526031688039,165.35026451294496,2188.0,13.23251587437712,12.071098062193183,-2188.0,2129.0,-1013.0454779730903,164.56860984183444,1026.3254687412764,1715.0,1.6710098815956886,3.635852453356381,-1715.0,-306.0
M01_Feb_2021_OP08_002,M01,OP08,good,Feb,2021,77824,0,-5.311343544407895,315.4345426727513,315.4792561824224,2436.0,7.721585341228933,12.88080831859103,-1955.0,2436.0,30.17078279194079,149.24004081050225,152.25920634036828,2090.0,13.726591975843506,14.147770973446915,-2002.0,2090.0,-1013.8530016447369,149.4387998566153,1024.8072325304054,1725.0,1.6832433898233836,4.094421583557206,-1725.0,-376.0
M01_Feb_2021_OP08_003,M01,OP08,good,Feb,2021,77824,0,-4.639584189967105,316.42971204632374,316.4637236827867,2020.0,6.383038082509529,12.78709666845234,-1981.0,2020.0,31.71449681332237,145.76123225781294,149.1715325973368,1975.0,13.239791571567324,11.87532451472941,-1975.0,1926.0,-1013.5026469983553,149.06832540332843,1024.4066483146355,1756.0,1.7141630258735527,4.109404316137663,-1756.0,-372.0
M01_Feb_2021_OP08_004,M01,OP08,good,Feb,2021,77824,0,-4.164499383223684,315.5983651737042,315.6258404431228,2026.0,6.418992808559648,12.839397627007507,-1836.0,2026.0,34.52625154194079,155.06699587900317,158.86420382350502,2043.0,12.860039900931568,11.757218762210707,-2043.0,1967.0,-1013.3649259868421,155.94593094784037,1025.2939123000324,1817.0,1.7721747668665473,3.8121231375706457,-1817.0,-327.0
M01_Feb_2021_OP08_005,M01,OP08,good,Feb,2021,76800,0,-3.617395833333333,318.37209737992634,318.39264743820377,2102.0,6.601911246734971,12.550967985617158,-1862.0,2102.0,34.4771875,154.97684277755232,158.76554492460994,1782.0,11.224097777928993,10.219630254990344,-1758.0,1782.0,-1013.1496484375,160.00015930536128,1025.7057380685605,1772.0,1.7275909983078943,3.7650125818615257,-1772.0,-353.0
M01_Feb_2021_OP08_006,M01,OP08,good,Feb,2021,75776,0,-3.6210805532094597,320.3121828254429,320.33265005424096,2082.0,6.4994935722208185,12.528469396062889,-2082.0,2053.0,35.4315086570946,159.89511260534562,163.77374283075392,2190.0,13.372106921090378,11.561076052993531,-2190.0,2166.0,-1012.9872255067568,160.30239778845439,1025.5925008387126,1801.0,1.7560580820620002,3.7621756016296173,-1801.0,-331.0
M01_Feb_2021_OP08_007,M01,OP08,good,Feb,2021,76800,0,-5.029231770833333,317.96413101425355,318.0039021519298,2037.0,6.40558177498967,12.533748779113743,-2037.0,2028.0,30.918033854166666,156.0825769284113,159.11535324418205,1936.0,12.167273368202064,10.16463701261379,-1936.0,1629.0,-1013.726953125,148.82778560578237,1024.5936000485347,1700.0,1.6591944356469448,4.048097117151408,-1700.0,-396.0
M01_Feb_2021_OP08_008,M01,OP08,good,Feb,2021,77824,0,-5.3205309416118425,315.7354476616468,315.7802732274471,2115.0,6.697695135872622,12.781128688996978,-2065.0,2115.0,30.288741262335527,150.10440859390624,153.12981854159906,1813.0,11.839627430287084,10.938527887294185,-1645.0,1813.0,-1013.6519582648026,148.44340305703338,1024.4636335201078,1678.0,1.6379302740442907,4.115719904113502,-1678.0,-413.0
M01_Aug_2019_OP09_000,M01,OP09,bad,Aug,2019,193906,1,-0.5061473250389099,401.80059814453125,401.8009338378906,2309.0,5.746626763519624,9.97972297668457,-2172.0,2309.0,32.2099609375,132.74615478515625,136.59803771972656,1126.0,8.243163802325915,8.7892427444458,-1126.0,1120.0,-1036.881591796875,153.27610778808594,1048.1492919921875,1709.0,1.630492920289773,3.642693519592285,-1709.0,-253.0
M01_Aug_2019_OP09_000,M01,OP09,good,Aug,2019,208896,0,-4.115789675245098,400.87686978816186,400.89799757021206,2272.0,5.667276997566168,9.708074204720283,-1985.0,2272.0,34.44210994944853,150.90577169160517,154.78633940890506,2135.0,13.793206869243726,9.314615183294785,-2043.0,2135.0,-1014.9752269071691,151.12775971611956,1026.1648556601774,1747.0,1.7024554976364663,4.074784614777993,-1747.0,-204.0
M01_Aug_2019_OP09_001,M01,OP09,good,Aug,2019,214016,0,-4.263242000598086,399.21470641680213,399.23746949880496,2246.0,5.625724466242072,9.796813004024344,-1955.0,2246.0,33.77514765251196,158.58858004535765,162.1453000236263,1774.0,10.940804326375844,6.282009732503383,-1604.0,1774.0,-1015.1673706638755,154.30729931222362,1026.8278984725916,1768.0,1.7218075225944904,4.005429734867004,-1768.0,-39.0
M01_Aug_2019_OP09_002,M01,OP09,good,Aug,2019,213120,0,-5.45205518018018,399.31193843240226,399.34915685441274,2238.0,5.604118505290567,9.785494386476861,-1928.0,2238.0,32.88664132882883,136.11238343101863,140.02896879275968,1950.0,13.925689925532225,10.203027446646889,-1682.0,1950.0,-1015.078125,148.05152111847207,1025.8181382482028,1727.0,1.6835342792331696,3.9481811078757425,-1727.0,-144.0
M01_Aug_2019_OP09_003,M01,OP09,good,Aug,2019,212992,0,-5.36865234375,399.39891303563434,399.43499366234084,2248.0,5.627949567934773,9.773579246636432,-2041.0,2248.0,33.44679612379808,142.01879568458858,145.90416888714262,1782.0,12.213496115922384,8.755419150578575,-1782.0,1770.0,-1015.3497408353365,145.33435182423395,1025.6983816086263,1711.0,1.6681317146241368,4.091255130626336,-1711.0,-150.0
M01_Aug_2019_OP09_004,M01,OP09,good,Aug,2019,208896,0,-5.287104587928922,400.4357379230168,400.4706402233186,2153.0,5.376174390210979,9.710415643537118,-1784.0,2153.0,33.36252010569853,143.5030518790616,147.330185795063,1756.0,11.918806662217916,8.36354461996251,-1668.0,1756.0,-1015.4198213465073,150.39585880388188,1026.4971154020502,1801.0,1.7545105319605294,3.860368779946656,-1801.0,-167.0
M01_Aug_2019_OP09_005,M01,OP09,good,Aug,2019,203904,0,9.729328507532957,383.3404721274092,383.463919298899,4788.0,12.486181252082527,10.383725930565195,-4788.0,4315.0,17.23128040646579,223.46003311051493,224.1234111426084,3129.0,13.961058258251459,12.062900310575348,-3070.0,3129.0,-1020.2900188323918,200.68858111657337,1039.8401940296335,3324.0,3.1966450413103304,6.97558368490602,-3324.0,310.0
M01_Aug_2019_OP09_006,M01,OP09,good,Aug,2019,206904,0,9.529815759965974,384.2364751203498,384.3546359826171,6289.0,16.362492893891954,11.085574823986258,-6289.0,5260.0,17.555470169740556,226.13602919293876,226.8164417145069,2818.0,12.424143411732942,10.418795056436368,-2818.0,2592.0,-1020.3726655840389,199.72021070615384,1039.734840829905,2678.0,2.5756566913372354,6.958289359193861,-2678.0,366.0
M01_Aug_2019_OP09_007,M01,OP09,good,Aug,2019,214144,0,-5.360561117752541,397.9218084213507,397.95791389645126,2352.0,5.910172703870367,9.817327998530748,-1936.0,2352.0,31.41939069037657,127.86601853659559,131.6696502910049,1903.0,14.452837049343973,12.298010960252178,-1657.0,1903.0,-1015.1580245068739,151.85891413615687,1026.4535764092361,1733.0,1.6883374366159072,3.767687536875325,-1733.0,-142.0
M01_Aug_2019_OP09_008,M01,OP09,good,Aug,2019,212992,0,-5.404226449819712,399.21542694120774,399.25200409186635,2219.0,5.557893203435033,9.778168235232831,-1815.0,2219.0,31.699261005108173,130.4985962587551,134.29343533388197,1998.0,14.877867968993034,12.522318822935706,-1686.0,1998.0,-1015.1688842773438,151.6395747543632,1026.4318897211792,1745.0,1.7000640933652336,3.7979628481691625,-1745.0,-177.0
M01_Aug_2019_OP09_009,M01,OP09,good,Aug,2019,213120,0,-4.856728603603604,398.96694951855574,398.99650953469614,2209.0,5.536389284648387,9.794461313703302,-1961.0,2209.0,33.84809496996997,159.163305000621,162.72262040606654,1852.0,11.381330975241317,6.261195448240235,-1604.0,1852.0,-1015.1173423423423,153.75284052014106,1026.6952589216492,1829.0,1.7814438939954018,4.031398665986512,-1829.0,-74.0
M01_Aug_2019_OP09_010,M01,OP09,good,Aug,2019,212024,0,-5.132593479983398,398.657666892797,398.69070579615857,2164.0,5.42776635757946,9.814845785253057,-1829.0,2164.0,31.774501943176244,131.8317703523224,135.6069122425711,1789.0,13.192542846192607,11.458558118300857,-1733.0,1789.0,-1014.9026855450327,152.06738667862766,1026.2319188262402,1782.0,1.73644959517355,3.8378370058299667,-1782.0,-144.0
M01_Aug_2019_OP09_011,M01,OP09,good,Aug,2019,213644,0,-4.544883076519818,399.26532669630694,399.2911933214755,2221.0,5.562356588746096,9.725895640067945,-1983.0,2221.0,33.51774447211248,157.42207861497238,160.95076896354482,1711.0,10.63057984138951,6.356348318235143,-1561.0,1711.0,-1015.6601589560203,152.28848855703325,1027.0137984650225,1729.0,1.6835216845033316,3.956659719280798,-1729.0,-122.0
M01_Aug_2019_OP09_012,M01,OP09,good,Aug,2019,213644,0,-4.750645934358091,398.84921299051734,398.87750417885024,2160.0,5.415196338150699,9.772584391272225,-1924.0,2160.0,32.27626331654528,126.66132627880619,130.7090232095136,2037.0,15.584233972392948,14.14310612252586,-1963.0,2037.0,-1015.168794817547,139.7643470107129,1024.744726586403,1667.0,1.6267466001538329,4.23958823461809,-1667.0,-29.0
M01_Aug_2019_OP09_013,M01,OP09,good,Aug,2019,207952,0,-4.359231938139571,399.678540470403,399.702312497241,2367.0,5.921907194410687,9.730442989691017,-1850.0,2367.0,32.50727090867123,137.40150107101584,141.19452949210927,1846.0,13.074160922808023,9.943258115282651,-1733.0,1846.0,-1015.1928041086404,143.52431157393687,1025.2880851383852,1745.0,1.7019606735842188,4.167789547713825,-1745.0,-37.0
M01_Aug_2019_OP09_014,M01,OP09,good,Aug,2019,213048,0,-4.498366565281064,397.8656319793411,397.891060985386,2377.0,5.973996988304555,9.798495797548982,-1932.0,2377.0,33.76693515076415,150.99913617761047,154.72861737849422,1772.0,11.452309404829535,7.128869147808162,-1620.0,1772.0,-1015.6031363824114,154.44586447805582,1027.2795411591555,1727.0,1.6811392915031658,3.8588631150110935,-1727.0,-25.0
M01_Aug_2019_OP09_015,M01,OP09,good,Aug,2019,214016,0,-4.776484001196172,398.7186195151593,398.7472286392572,2262.0,5.672766699142152,9.814328277369182,-1862.0,2262.0,31.97297398325359,131.08549217154803,134.92841555132406,1846.0,13.681328669407065,11.90379809358912,-1620.0,1846.0,-1015.3823686079545,142.66885015570685,1025.356404029668,1741.0,1.6979461903761857,4.238978354648697,-1741.0,-140.0
M01_Aug_2019_OP09_016,M01,OP09,good,Aug,2019,214016,0,-4.52671295604067,398.9087373223427,398.93442047821867,2240.0,5.614957960546052,9.786114346864863,-1940.0,2240.0,33.16833320873206,139.7055801580526,143.58895310971363,1881.0,13.0998935451724,9.273936457483854,-1676.0,1881.0,-1015.2397811378588,139.67544496954943,1024.802928924527,1698.0,1.6569039295993773,4.39577614294129,-1698.0,-220.0
M01_Aug_2021_OP09_000,M01,OP09,good,Aug,2021,206848,0,-5.572652382425742,399.97927090966795,400.01808910598646,2096.0,5.239763043427409,9.881875056622782,-1955.0,2096.0,34.18279606280941,160.88477323604877,164.47605845802133,1698.0,10.323690973135612,6.096071049052553,-1590.0,1698.0,-1014.2608920560025,179.62186182714345,1030.0432856926388,1981.0,1.9232201476541861,3.300491944879386,-1981.0,-21.0
M01_Aug_2021_OP09_001,M01,OP09,good,Aug,2021,210944,0,-4.494429801274272,398.42196759330136,398.4473166682846,2080.0,5.220263540466108,9.765033682031634,-1961.0,2080.0,31.994775864684467,159.1777052875271,162.36134867398158,1786.0,11.000154991236572,6.432783619331479,-1696.0,1786.0,-1014.0391904960559,184.11876181258722,1030.61884240164,2184.0,2.1191151472746688,3.4526423992182194,-2184.0,-154.0
M01_Feb_2019_OP09_000,M01,OP09,good,Feb,2019,214800,0,2.328789472579956,392.0019836425781,392.0088806152344,2030.0,5.178454112605911,10.051918029785156,-1987.0,2030.0,29.667984008789062,126.45606994628906,129.88966369628906,997.0,7.675745487579427,8.192358016967773,-907.0,997.0,-1037.4786376953125,143.0220184326172,1047.2904052734375,1901.0,1.8151603322515564,4.199047565460205,-1901.0,-357.0
M01_Feb_2019_OP09_001,M01,OP09,good,Feb,2019,212400,0,1.9937852621078491,394.640869140625,394.6459045410156,2180.0,5.523939245069328,9.87704086303711,-1858.0,2180.0,29.436676025390625,133.89932250976562,137.0968475341797,1110.0,8.096466256988625,7.74769401550293,-979.0,1110.0,-1037.101318359375,158.3082733154297,1049.1142578125,2032.0,1.9368719706821138,3.8128156661987305,-2032.0,-322.0
M01_Feb_2019_OP09_002,M01,OP09,good,Feb,2019,213600,0,2.434929847717285,392.91607666015625,392.92364501953125,2065.0,5.255473999019209,9.920130729675293,-1862.0,2065.0,29.197851181030273,129.9536590576172,133.19334411621094,1106.0,8.303718232609409,8.276212692260742,-962.0,1106.0,-1037.34814453125,144.96981811523438,1047.428955078125,1926.0,1.838788197196959,4.1357645988464355,-1926.0,-337.0
M01_Feb_2020_OP09_000,M01,OP09,good,Feb,2020,219136,0,-0.3363208235981308,398.71311967555937,398.7132615215016,2459.0,6.167339382232694,9.790462353379615,-2073.0,2459.0,37.56747864339953,145.67605123069183,150.4421063193062,2196.0,14.596977227499693,13.310486576738985,-2014.0,2196.0,-1013.2865161360982,189.8565005092561,1030.9195189581253,1901.0,1.8439848747079706,2.8978888976764603,-1901.0,-122.0
M01_Feb_2020_OP09_001,M01,OP09,good,Feb,2020,218112,0,-0.16826676203051644,399.4890761787395,399.4891116161315,2268.0,5.677251104103478,9.715249899809871,-2096.0,2268.0,37.289961120892016,145.03713025951575,149.75416640051583,2268.0,15.144820705250094,12.038538256950613,-1873.0,2268.0,-1013.3540933098592,190.00489499165232,1031.0132775811549,1887.0,1.8302383112146363,2.9135946586525683,-1887.0,-132.0
M01_Feb_2020_OP09_002,M01,OP09,good,Feb,2020,212992,0,0.07143460787259616,404.47873326574506,404.4787395737444,2391.0,5.911311933279188,9.51201648926342,-2030.0,2391.0,35.97712120643029,146.2205897911337,150.58158628852723,2695.0,17.897274603258257,14.753358434459283,-2301.0,2695.0,-1013.0568659855769,188.1242222827748,1030.3761142078256,1852.0,1.7974019141775777,2.982793795579878,-1852.0,-138.0
M01_Feb_2020_OP09_003,M01,OP09,good,Feb,2020,214016,0,0.02818948116028708,403.2760304420407,403.27603142728003,2307.0,5.720647447940395,9.594007041971333,-1891.0,2307.0,36.36600067284689,144.9621331935675,149.45402659335448,2326.0,15.563314371775022,14.004198621903162,-1996.0,2326.0,-1012.9242907072369,187.40468752567878,1030.1146225597208,1926.0,1.869694845428078,2.9696015259309565,-1926.0,-169.0
M01_Feb_2021_OP09_000,M01,OP09,good,Feb,2021,218112,0,-4.078546801643192,394.40022273019605,394.42131057238964,2121.0,5.377498484861215,9.896723783150906,-1940.0,2121.0,34.453170848004696,148.87748563690124,152.8120633688569,2112.0,13.82089838615729,8.695064440098239,-1963.0,2112.0,-1013.0438261076878,184.54567198190273,1029.715931051936,2153.0,2.0908679132511243,3.435630571512814,-2153.0,40.0
M01_Feb_2021_OP09_001,M01,OP09,good,Feb,2021,219136,0,-4.156473605432243,393.25925715464103,393.2812220417506,2041.0,5.1896706112841775,9.949576551758925,-1920.0,2041.0,35.55846597546729,153.33406677261698,157.40311475811978,2022.0,12.845997381355462,7.856277980184714,-1905.0,2022.0,-1013.0650874342874,196.25762501112865,1031.900153480582,2326.0,2.2540940537264587,3.1825297898619898,-2326.0,-40.0
M01_Feb_2021_OP09_002,M01,OP09,good,Feb,2021,219136,0,-5.992383725175234,393.13930042514505,393.18496690677557,2082.0,5.29521770982064,10.012921305008247,-1911.0,2082.0,31.884514639310748,143.97276462803626,147.46111090190647,2012.0,13.644275346185443,8.600544251199391,-1873.0,2012.0,-1013.7316962981893,187.93874414897962,1031.0057825404763,2121.0,2.05721445594,3.2252824104870106,-2121.0,-81.0
M01_Feb_2021_OP09_003,M01,OP09,good,Feb,2021,218112,0,-5.383101342429577,394.7728970747546,394.80959720459896,2127.0,5.3874070312879,9.989334786572131,-1907.0,2127.0,33.26136572036385,146.60461031973782,150.33040350037638,1805.0,12.006885885831345,8.343303877013339,-1770.0,1805.0,-1013.3704564627348,191.6947229113228,1031.342110467492,2073.0,2.010002286302787,3.065628793322727,-2073.0,-95.0
M01_Feb_2021_OP09_004,M01,OP09,good,Feb,2021,219136,0,-4.813773181950935,393.09835928412645,393.12783224304974,2274.0,5.784378040662633,10.020428951590468,-1950.0,2274.0,34.95388708382009,145.8646944772482,149.99427761487905,1977.0,13.180502826088391,8.10129991175751,-1918.0,1977.0,-1013.3575633396612,186.43180976552546,1030.364193317171,2164.0,2.1002282630117257,3.2762358251150063,-2164.0,-146.0
M01_Feb_2021_OP09_005,M01,OP09,good,Feb,2021,220160,0,-4.5862599927325585,392.60101927681404,392.6278060936518,2153.0,5.48356475671123,10.029191025385298,-1891.0,2153.0,34.59146984011628,144.79069095061774,148.86542235071573,1655.0,11.117423870943949,7.436417190727757,-1547.0,1655.0,-1013.1195130813953,186.79349873814797,1030.1955925731395,2084.0,2.0229168276625535,3.2875936752847776,-2084.0,-130.0
M01_Feb_2021_OP09_006,M01,OP09,good,Feb,2021,219136,0,-3.8994505695093458,394.3082935558909,394.3275745895824,2137.0,5.419352177499119,9.974363874257055,-1948.0,2137.0,35.892724153037385,152.37569324465906,156.54596621732696,1678.0,10.718896440106894,6.993871796242906,-1592.0,1678.0,-1012.9851827175818,196.4499718630299,1031.858309968165,2049.0,1.985737751206574,3.146317560193362,-2049.0,-132.0
M01_Feb_2021_OP09_007,M01,OP09,good,Feb,2021,210000,0,-5.669995238095238,397.80482741055675,397.8452331713211,2039.0,5.125108534659659,9.816697592863974,-1834.0,2039.0,31.26207619047619,151.0364306790281,154.23787083592669,1762.0,11.423912885016152,7.334321782132179,-1579.0,1762.0,-1013.6026714285714,181.61312424126456,1029.744484046314,2190.0,2.1267411808748298,3.2713932232161542,-2190.0,-163.0
M01_Feb_2021_OP09_008,M01,OP09,good,Feb,2021,207024,0,-6.002279928897133,399.74374621109746,399.7888067457956,2182.0,5.457881669477098,9.747305040871476,-1897.0,2182.0,31.862928935775564,149.53693780887647,152.89389134174743,1932.0,12.636214455956296,7.836187834518802,-1670.0,1932.0,-1013.5351263621609,191.02613113826666,1031.379869469836,2215.0,2.1476083309039034,3.0856553405190486,-2215.0,-138.0
M01_Aug_2021_OP10_000,M01,OP10,bad,Aug,2021,80000,1,-1.4017125,442.4872034189998,442.4894235882932,2276.0,5.143625765206234,8.163618403154643,-2137.0,2276.0,33.1611375,295.79893584529015,297.651930092012,1667.0,5.600501228010471,3.2591554643567866,-1667.0,1469.0,-1014.116575,341.39594928069863,1070.039074929042,2258.0,2.110203312107771,3.163155585970852,-2258.0,187.0
M01_Feb_2019_OP10_000,M01,OP10,bad,Feb,2019,83441,1,-0.7823252081871033,441.6590881347656,441.6597900390625,2096.0,4.745734267125879,8.046350479125977,-2080.0,2096.0,33.595462799072266,281.6849365234375,283.6812438964844,1428.0,5.033818874966154,2.915710926055908,-1235.0,1428.0,-1036.5653076171875,407.4394226074219,1113.7659912109375,2240.0,2.011194467847388,2.5182583332061768,-2240.0,259.0
M01_Feb_2019_OP10_001,M01,OP10,bad,Feb,2019,85831,1,0.5396767854690552,440.47784423828125,440.4781799316406,2315.0,5.255651937989921,8.13759708404541,-2033.0,2315.0,32.153114318847656,278.5234069824219,280.3731384277344,1448.0,5.16454610495156,3.047564744949341,-1344.0,1448.0,-1036.30029296875,387.8881530761719,1106.5150146484375,2252.0,2.035218655135472,2.69467830657959,-2252.0,228.0
M01_Feb_2019_OP10_002,M01,OP10,bad,Feb,2019,86021,1,0.491752028465271,439.521728515625,439.5220031738281,2114.0,4.809770579708444,8.131775856018066,-1955.0,2114.0,32.05291748046875,272.2111511230469,274.0917663574219,1382.0,5.042106949676995,3.0956575870513916,-1050.0,1382.0,-1036.3494873046875,390.8593444824219,1107.606201171875,2262.0,2.042242087130559,2.6517231464385986,-2262.0,265.0
M01_Aug_2019_OP10_000,M01,OP10,good,Aug,2019,98304,0,-2.7939351399739585,423.5709494406382,423.58016394020393,2166.0,5.1135539017019935,8.89993276278796,-1983.0,2166.0,33.283040364583336,168.67841739512158,171.93071066808668,2317.0,13.476359115812551,10.304840140468889,-1938.0,2317.0,-1013.6936747233073,161.16475026372547,1026.4253226131998,1698.0,1.6542849855623425,4.329863186618288,-1698.0,-42.0
M01_Aug_2019_OP10_001,M01,OP10,good,Aug,2019,98304,0,-3.0733439127604165,422.1368511631368,422.14803866977087,2071.0,4.905861949580343,8.920467618660233,-2043.0,2071.0,33.61175537109375,159.6072151795295,163.1079802967681,2018.0,12.372172080902075,11.025244368639497,-1840.0,2018.0,-1014.0685628255209,159.97147903193147,1026.608944152875,1719.0,1.6744447920414955,4.4830291952364325,-1719.0,-122.0
M01_Aug_2019_OP10_002,M01,OP10,good,Aug,2019,98304,0,-3.04364013671875,422.77722588965827,422.78818157114677,2350.0,5.558338909254828,8.999040448752035,-2082.0,2350.0,33.107442220052086,157.9638142155171,161.3960015981452,2106.0,13.04865039496866,11.212416672138142,-1858.0,2106.0,-1014.3043212890625,158.19931656695277,1026.567231090062,1627.0,1.584893761193183,4.353741895348495,-1627.0,-134.0
M01_Aug_2019_OP10_003,M01,OP10,good,Aug,2019,98304,0,-3.25457763671875,422.3614603819139,422.37399954487785,2133.0,5.050026758982274,8.90181360540447,-2104.0,2133.0,33.550699869791664,165.35460089144334,168.72401577049237,1996.0,11.829969734214176,9.800042065434093,-1885.0,1996.0,-1013.4162394205729,156.57000987514613,1025.4397311951782,1852.0,1.8060544600134063,4.4738136272067495,-1852.0,-58.0
M01_Aug_2019_OP10_004,M01,OP10,good,Aug,2019,99328,0,-3.4667566043814433,420.13976658727285,420.1540692048122,2147.0,5.110030242152441,9.000713719937565,-1922.0,2147.0,33.52271262886598,164.5530120960143,167.9329212866511,1989.0,11.844014769473938,9.938021212653585,-1817.0,1989.0,-1014.2881866140464,158.09677932314474,1026.5354923903808,1682.0,1.6385210374785102,4.428522126212018,-1682.0,-132.0
M01_Aug_2019_OP10_005,M01,OP10,good,Aug,2019,98304,0,-3.271484375,422.1408119798506,422.1534883771819,2158.0,5.111884798810165,8.940970075354498,-2086.0,2158.0,33.381245930989586,164.94009543973536,168.2841129268423,2071.0,12.306568718702044,9.736331050260768,-1752.0,2071.0,-1014.3348083496094,161.29021111230196,1027.078203269006,1678.0,1.6337606957865782,4.309313677055761,-1678.0,-228.0
M01_Aug_2019_OP10_006,M01,OP10,good,Aug,2019,92160,0,10.149522569444445,459.93433400540374,460.04630680550184,6365.0,13.835563737480435,9.958591410629142,-6365.0,5914.0,17.393435329861113,294.21400545365304,294.7276922816318,2678.0,9.086353505733673,8.848002929596154,-2678.0,2430.0,-1019.6458658854167,256.47336761047137,1051.406809998241,3105.0,2.95318612213021,4.883733605631849,-3105.0,1001.0
M01_Aug_2019_OP10_007,M01,OP10,good,Aug,2019,98304,0,-2.9498697916666665,423.2103196037683,423.2206001022534,2186.0,5.165155003021699,8.900592513762737,-2057.0,2186.0,33.271952311197914,170.32225082068027,173.54161441919732,2043.0,11.772392499847586,9.028339498686599,-1784.0,2043.0,-1013.7614339192709,164.05253836164286,1026.9495996615192,1684.0,1.6398078353164005,4.286221836093515,-1684.0,-97.0
M01_Aug_2019_OP10_008,M01,OP10,good,Aug,2019,97280,0,-2.796546052631579,424.58510605836136,424.5943157372864,2135.0,5.028329209477713,8.83307880939974,-2002.0,2135.0,33.766416529605266,160.07074348630692,163.59344059438897,2131.0,13.026194646052884,11.380849791394992,-1991.0,2131.0,-1014.0795949835526,156.7021085675731,1026.1154787798152,1706.0,1.6625809036899588,4.392414205994295,-1706.0,-152.0
M01_Aug_2019_OP10_009,M01,OP10,good,Aug,2019,97280,0,-2.451870888157895,425.28622538939237,425.2932931246497,2164.0,5.088253294805076,8.815168982854287,-2000.0,2164.0,32.93555715460526,162.96525006358698,166.26010842463597,1897.0,11.40983256882628,9.764548956406058,-1848.0,1897.0,-1013.8416735197368,156.28773075548617,1025.8171346541253,1713.0,1.669888269684218,4.319687064065416,-1713.0,-121.0
M01_Aug_2019_OP10_010,M01,OP10,good,Aug,2019,98304,0,-2.478759765625,423.4033122976339,423.41056802420906,2041.0,4.82038039230826,8.832417376384981,-1944.0,2041.0,34.570475260416664,188.18223493626454,191.33131292430556,1912.0,9.993136882703695,6.963269635707687,-1912.0,1891.0,-1014.4307352701823,225.74280531564838,1039.2446924630317,1799.0,1.731064890729759,3.4661830012968093,-1799.0,-124.0
M01_Aug_2019_OP10_011,M01,OP10,good,Aug,2019,98304,0,-2.8912862141927085,422.34254622363704,422.35244273786003,2071.0,4.903487680987322,8.903376042377745,-1942.0,2071.0,33.33990478515625,159.8159829338033,163.25653938565827,2090.0,12.8019374161964,11.28857344868009,-2000.0,2090.0,-1014.2673136393229,159.48128813621426,1026.7290123409948,1709.0,1.6645093101084114,4.368987298356615,-1709.0,-9.0
M01_Aug_2019_OP10_012,M01,OP10,good,Aug,2019,99328,0,-3.022692493556701,420.1892149132877,420.2000868626227,2059.0,4.900046583458121,8.995015936360335,-1934.0,2059.0,33.655907699742265,166.95853967622472,170.31698122592204,1893.0,11.114569941143882,8.565996879544073,-1735.0,1893.0,-1014.2085413981958,158.91828790965099,1026.5836486508008,1665.0,1.6218843950887443,4.453098728849139,-1665.0,-277.0
M01_Aug_2019_OP10_013,M01,OP10,good,Aug,2019,98304,0,-3.021270751953125,421.9469989020359,421.957815378968,2076.0,4.919923092633103,8.916901303004641,-1946.0,2076.0,33.69145711263021,158.81417379681156,162.34856353271522,2016.0,12.41772613278313,10.532011452356551,-1836.0,2016.0,-1014.0521341959635,162.30855577934673,1026.959491969652,1674.0,1.6300545572536262,4.3616297252203475,-1674.0,-251.0
M01_Feb_2019_OP10_000,M01,OP10,good,Feb,2019,99600,0,2.275662660598755,413.2966613769531,413.30291748046875,2160.0,5.226191029977604,9.343138694763184,-1955.0,2160.0,30.677509307861328,143.29489135742188,146.54193115234375,1009.0,6.885401277747952,7.049679279327393,-931.0,1009.0,-1036.1607666015625,144.97955322265625,1046.25439453125,1752.0,1.6745449377872796,4.892625331878662,-1752.0,-261.0
M01_Feb_2019_OP10_001,M01,OP10,good,Feb,2019,98400,0,1.954329252243042,416.2717590332031,416.2763366699219,2223.0,5.340202659087692,9.154603958129883,-1889.0,2223.0,29.93486785888672,148.40353393554688,151.39254760742188,1089.0,7.193220651943193,6.7252349853515625,-1089.0,960.0,-1036.0260009765625,154.5235595703125,1047.4862060546875,1825.0,1.7422663796918008,4.7007975578308105,-1825.0,-191.0
M01_Feb_2019_OP10_002,M01,OP10,good,Feb,2019,92400,0,1.6537121534347534,423.1041259765625,423.10736083984375,2055.0,4.856923301738224,8.862095832824707,-2000.0,2055.0,29.917369842529297,146.45814514160156,149.48257446289062,1015.0,6.790089103342115,6.741465091705322,-1015.0,1007.0,-1036.10107421875,153.1822967529297,1047.3634033203125,1778.0,1.6975960725412502,4.510297775268555,-1778.0,-302.0
M01_Feb_2020_OP10_000,M01,OP10,good,Feb,2020,98304,0,0.101165771484375,432.6028786303056,432.602890459299,2545.0,5.882993516982624,8.539472426930864,-1973.0,2545.0,38.42961629231771,195.43169105361034,199.17424852738512,2713.0,13.621238789948194,10.520429451141665,-2371.0,2713.0,-1012.2199300130209,204.07968351415408,1032.5878674179753,1838.0,1.7799937981026137,3.6906552840219624,-1838.0,-54.0
M01_Feb_2020_OP10_001,M01,OP10,good,Feb,2020,98304,0,0.06915283203125,432.4584198637858,432.458425392773,2352.0,5.43867308831788,8.580489009419848,-1952.0,2352.0,38.23839314778646,195.8044889444409,199.5033147627336,2318.0,11.618854567688581,9.534294369083021,-2194.0,2318.0,-1011.9606323242188,204.08659403961352,1032.3350518318762,1928.0,1.8676107108624942,3.6821385523231442,-1928.0,-179.0
M01_Feb_2020_OP10_002,M01,OP10,good,Feb,2020,98304,0,-0.00830078125,432.80633996474876,432.806340044349,2281.0,5.270255513739169,8.539942683803147,-2106.0,2281.0,37.389312744140625,200.85494046371613,204.30532987703015,2617.0,12.80925956055651,11.2232272016455,-2281.0,2617.0,-1012.1974385579427,196.69464113014024,1031.1316290719508,1887.0,1.83002823965196,3.7654813794031896,-1887.0,-113.0
M01_Feb_2020_OP10_003,M01,OP10,good,Feb,2020,99328,0,0.013611469072164949,430.0726169606103,430.07261717600653,2480.0,5.766468035757469,8.643156966800374,-2069.0,2480.0,37.32010107925258,196.27602785230175,199.79256506197413,2449.0,12.257713390087059,11.680651613180745,-2371.0,2449.0,-1012.0953608247422,201.0868637062544,1031.8783582177616,1920.0,1.8606844350492855,3.756556345613664,-1920.0,-109.0
M01_Feb_2021_OP10_000,M01,OP10,good,Feb,2021,93184,0,-3.9310396634615383,428.5839608580496,428.6019885366958,2094.0,4.88565162086437,8.838167061999982,-1930.0,2094.0,32.49723128434066,160.77550490480826,164.02692772390745,2104.0,12.827162156822714,11.241249766663804,-2057.0,2104.0,-1013.4387019230769,182.08664319138424,1029.666717042091,1914.0,1.858853907115033,4.066965600266637,-1914.0,-212.0
M01_Feb_2021_OP10_001,M01,OP10,good,Feb,2021,99328,0,-4.625040270618556,420.9481976656882,420.9736050104521,2158.0,5.126212129015595,9.098917577807065,-1934.0,2158.0,30.800066446520617,156.65462610542582,159.65373773683112,2266.0,14.19321609454088,12.748161084401863,-2186.0,2266.0,-1013.615345119201,171.3286640926408,1027.9929858714436,1961.0,1.9076005643536893,4.396685754484216,-1961.0,-224.0
M01_Feb_2021_OP10_002,M01,OP10,good,Feb,2021,96256,0,-6.34380194481383,422.2325859870621,422.28023928717863,2137.0,5.060620415502554,8.982545457271865,-2006.0,2137.0,30.310609208776597,155.5417704937455,158.4675846945872,1979.0,12.488358447654166,10.68252356731736,-1797.0,1979.0,-1013.55078125,125.171477369632,1021.2507453702943,1918.0,1.878089204531796,5.175626046142267,-1918.0,-286.0
M01_Feb_2021_OP10_003,M01,OP10,good,Feb,2021,100000,0,-3.58663,419.3157060679257,419.33104496328434,2201.0,5.2488362749119,9.165320663978864,-1932.0,2201.0,34.54461,161.71783386487684,165.3662234859344,2215.0,13.394512817113478,10.744600734851756,-2033.0,2215.0,-1013.21476,188.01206365056046,1030.5108859007748,1903.0,1.8466568631505313,3.9272073053858265,-1903.0,-134.0
M01_Feb_2021_OP10_004,M01,OP10,good,Feb,2021,98304,0,-3.0876363118489585,423.4617126765991,423.47296915032587,2217.0,5.235281025016267,8.992105420326519,-1969.0,2217.0,34.419392903645836,163.1091077998256,166.70115672997196,2104.0,12.621388125147378,9.532448674428885,-1864.0,2104.0,-1012.9111836751302,188.54780431274156,1030.310312733649,1895.0,1.83925170560715,3.8965081553183523,-1895.0,-138.0
M01_Feb_2021_OP10_005,M01,OP10,good,Feb,2021,100000,0,-3.59196,419.8588581456373,419.8742227620076,2102.0,5.006261127850785,9.148348708884882,-1905.0,2102.0,35.02179,165.3955028263946,169.062704728157,2155.0,12.746749813716246,10.561142702182485,-2143.0,2155.0,-1012.87653,185.49921785592278,1029.722693180062,1909.0,1.8538971828468616,4.119213235844393,-1909.0,-126.0
M01_Feb_2021_OP10_006,M01,OP10,good,Feb,2021,98304,0,-2.605926513671875,400.5243473468993,400.5328247106026,2381.0,5.9445814502727625,9.35213472104647,-2231.0,2381.0,36.07555135091146,205.9914304038451,209.12655212835696,2043.0,9.769204241200585,7.4268897837650565,-1836.0,2043.0,-1012.8233032226562,193.26272607633348,1031.0972431547418,1907.0,1.8494860816088974,3.6316530698037908,-1907.0,-162.0
M01_Feb_2021_OP10_007,M01,OP10,good,Feb,2021,95232,0,-6.31012684811828,424.15724125007347,424.20417608235823,2172.0,5.120175902224761,8.869978981032778,-1871.0,2172.0,30.40283728158602,155.42278653896017,158.3684788406638,1731.0,10.930205383494132,9.664695382483238,-1633.0,1731.0,-1013.4900243615591,125.65734561766575,1021.2501152940308,1862.0,1.823255608117025,5.163608522753702,-1862.0,-300.0
M01_Feb_2019_OP11_000,M01,OP11,bad,Feb,2019,107161,1,-0.13780200481414795,353.235107421875,353.2351379394531,2236.0,6.3300610835133435,10.207939147949219,-1985.0,2236.0,31.549015045166016,264.089111328125,265.9669189453125,1382.0,5.196134938436323,3.357560157775879,-1331.0,1382.0,-1037.865966796875,249.21153259277344,1067.366943359375,2100.0,1.967458345103484,2.964254379272461,-2100.0,58.0
M01_Feb_2019_OP11_001,M01,OP11,bad,Feb,2019,107551,1,-0.34435755014419556,351.9165954589844,351.916748046875,2279.0,6.475963456267331,10.187768936157227,-2020.0,2279.0,32.150123596191406,270.3834533691406,272.2881774902344,1436.0,5.273824274105703,3.4160280227661133,-1382.0,1436.0,-1037.8736572265625,250.05191040039062,1067.5709228515625,2078.0,1.9464748950350812,2.966930866241455,-2078.0,124.0
M01_Feb_2019_OP11_002,M01,OP11,bad,Feb,2019,107151,1,-0.1379641741514206,350.6252136230469,350.625244140625,2293.0,6.539745891999574,10.368297576904297,-1934.0,2293.0,31.769989013671875,246.14125061035156,248.18309020996094,1456.0,5.866636597877138,3.376838207244873,-1366.0,1456.0,-1038.0919189453125,232.17514038085938,1063.7386474609375,2053.0,1.929985344520812,2.9362781047821045,-2053.0,-21.0
M01_Feb_2021_OP11_000,M01,OP11,bad,Feb,2021,90000,1,0.22364444444444445,352.13731728916053,352.1373883080927,2199.0,6.2447217279752385,8.702692276374485,-1727.0,2199.0,38.28302222222222,353.95578278238145,356.02006397892177,1489.0,4.182348554625721,2.8078764625523527,-1259.0,1489.0,-1012.3837555555556,310.92770928037316,1059.054724228692,2073.0,1.9574059324552493,2.3139222277607456,-2073.0,80.0
M01_Aug_2019_OP11_000,M01,OP11,good,Aug,2019,120832,0,-2.188170352224576,341.029083573398,341.03610356148806,2279.0,6.682576935990301,11.383074920630186,-1961.0,2279.0,34.033401747881356,169.02764949053346,172.41989075169758,2141.0,12.417360843148083,7.414663317120514,-1823.0,2141.0,-1015.7817465572034,126.08993015487894,1023.5776605247229,1817.0,1.7751462053876206,5.404734013831596,-1817.0,-39.0
M01_Aug_2019_OP11_001,M01,OP11,good,Aug,2019,121856,0,-2.5486968224789917,339.60624413519736,339.61580780509644,2277.0,6.7046349070616795,11.48307141744495,-1909.0,2277.0,34.11210773371849,167.78691194347292,171.21940226961297,1934.0,11.295448847290102,7.003149123587413,-1934.0,1823.0,-1015.8140099789916,123.47534784093554,1023.2908992041505,1805.0,1.7639167917977305,5.3757144927498945,-1805.0,-11.0
M01_Aug_2019_OP11_002,M01,OP11,good,Aug,2019,115712,0,-1.7956910259955752,342.3514579839986,342.3561673024606,2383.0,6.960587328618784,11.262201062015903,-1912.0,2383.0,34.451223727876105,170.7777582072938,174.2180516325937,1969.0,11.301928712602066,6.894298124295761,-1653.0,1969.0,-1015.5372735757743,129.8003833285142,1023.7988540401607,1817.0,1.7747626819757354,5.0402189694277295,-1817.0,-105.0
M01_Aug_2019_OP11_003,M01,OP11,good,Aug,2019,121856,0,-2.4220555409663866,337.2786933890275,337.28738987286965,2377.0,7.047402515984777,11.726846511809702,-1885.0,2377.0,33.64515493697479,190.25162083945588,193.20371549940003,1903.0,9.849707057035916,5.0437748834306015,-1735.0,1903.0,-1016.1005531118698,135.8713147497722,1025.1445499080016,1752.0,1.7090272783064864,4.50823878615682,-1752.0,-152.0
M01_Aug_2021_OP11_000,M01,OP11,good,Aug,2021,118784,0,-4.081871295797414,337.5393601180759,337.56404029783084,2114.0,6.262515397477853,10.851694302107049,-1961.0,2114.0,34.08517982219828,189.20778660307604,192.25344208816333,1940.0,10.090846639356176,4.843955949330495,-1665.0,1940.0,-1014.3427902747845,133.42361772988437,1023.0802304563243,1842.0,1.8004453073816244,4.359212052003033,-1842.0,-259.0
M01_Feb_2019_OP11_000,M01,OP11,good,Feb,2019,120000,0,1.451616644859314,330.80615234375,330.809326171875,2346.0,7.091698493352374,11.932456970214844,-1895.0,2346.0,31.28678321838379,157.7963104248047,160.86807250976562,884.0,5.495186124930639,3.741454601287842,-710.0,884.0,-1037.7464599609375,113.09777069091797,1043.89111328125,1602.0,1.5346428182192808,5.04657506942749,-1602.0,-300.0
M01_Feb_2019_OP11_001,M01,OP11,good,Feb,2019,116400,0,1.2183505296707153,334.6985168457031,334.7007141113281,2156.0,6.441575739461588,11.564302444458008,-1952.0,2156.0,30.69281005859375,161.06565856933594,163.96401977539062,1067.0,6.507525257441548,3.677917242050171,-780.0,1067.0,-1037.8128662109375,120.43726348876953,1044.7779541015625,1698.0,1.6252257174206588,4.605668544769287,-1698.0,-286.0
M01_Feb_2019_OP11_002,M01,OP11,good,Feb,2019,120000,0,1.5496333837509155,332.1560974121094,332.1596984863281,2270.0,6.8340620802118,11.654233932495117,-1877.0,2270.0,30.481891632080078,157.53082275390625,160.45281982421875,905.0,5.640287288135271,3.713268995285034,-804.0,905.0,-1037.8558349609375,115.69706726074219,1044.28466796875,1598.0,1.530234091350099,4.846869945526123,-1598.0,-261.0
M01_Feb_2020_OP11_000,M01,OP11,good,Feb,2020,119808,0,0.7506093082264957,349.3713628850959,349.37216921003164,2373.0,6.792183834692987,10.476368122770443,-2125.0,2373.0,38.71664663461539,183.69364348497143,187.72941533870886,2432.0,12.954815821548738,8.056421433858029,-2432.0,2317.0,-1013.6872245592949,150.91122933147574,1024.8590090217597,1733.0,1.6909643031329447,3.768201415736636,-1733.0,-208.0
M01_Feb_2020_OP11_001,M01,OP11,good,Feb,2020,119808,0,0.6416599893162394,348.79674470739894,348.7973349181732,2393.0,6.860717558410791,10.431750254724562,-1862.0,2393.0,38.54057325053419,184.88930908436492,188.86352850715676,2324.0,12.305181515826307,8.688232792511632,-2301.0,2324.0,-1013.829594017094,147.10720690518968,1024.4466682206116,1678.0,1.6379573989093668,3.86184190563181,-1678.0,-179.0
M01_Feb_2020_OP11_002,M01,OP11,good,Feb,2020,119808,0,0.5948517628205128,351.03218278418825,351.03268679547705,2338.0,6.660348417531254,10.322018811414532,-1870.0,2338.0,37.98152043269231,191.37607886414884,195.10868626433816,2672.0,13.694931021061292,9.377584490114216,-2480.0,2672.0,-1013.4782485309829,145.43865960223562,1023.8606174437631,1717.0,1.6769860767638214,3.9880505360611473,-1717.0,-136.0
M01_Feb_2020_OP11_003,M01,OP11,good,Feb,2020,118784,0,0.8690143453663793,354.0155848823507,354.0166514805841,2596.0,7.332988403632694,10.117958496809631,-1926.0,2596.0,38.37960499730603,193.10749671841484,196.88448229508043,2490.0,12.64700991654647,7.976670898810273,-2389.0,2490.0,-1013.6048205145474,152.33085519255187,1024.9875226626039,1754.0,1.7112403431445145,3.918814429801925,-1754.0,17.0
M01_Feb_2021_OP11_000,M01,OP11,good,Feb,2021,116736,0,-4.06518126370614,335.4336652599311,335.4582976890247,2236.0,6.665508098633495,10.696032151342745,-1737.0,2236.0,32.5285858689693,153.97598725644883,157.37443741037808,2114.0,13.43293126117693,9.842988174502542,-1916.0,2114.0,-1013.6758497807018,148.70899318197883,1024.5257893688306,1778.0,1.7354370367732321,3.855973930116406,-1778.0,-333.0
M01_Feb_2021_OP11_001,M01,OP11,good,Feb,2021,120832,0,-4.2389681541313555,336.70797928517925,336.73466136606794,2028.0,6.022546036017774,10.631297346284235,-1940.0,2028.0,29.90347755561441,149.33980988790552,152.3042901144774,1715.0,11.2603525397147,7.74073785838508,-1711.0,1715.0,-1013.8807683395127,144.0781156293901,1024.0667535917942,1827.0,1.7840633860947166,4.018886555872246,-1827.0,-273.0
M01_Feb_2021_OP11_002,M01,OP11,good,Feb,2021,118784,0,-3.7431051320043105,337.33093888201694,337.3517054396676,1991.0,5.901852481833896,10.808168800646742,-1905.0,1991.0,33.24291150323276,152.7380234822929,156.3137709304245,1877.0,12.007899168624467,8.458203930320584,-1807.0,1877.0,-1013.8685934132543,143.5613585455771,1023.9821230750185,1770.0,1.728545801839479,4.092907061561723,-1770.0,-273.0
M01_Feb_2021_OP11_007,M01,OP11,good,Feb,2021,120832,0,-4.054240598516949,334.46150020799763,334.486071441271,2211.0,6.610140716691119,10.739233630150558,-2063.0,2211.0,31.079333289194917,154.76859128746145,157.85829660428413,1629.0,10.319381591222557,7.888532654175171,-1604.0,1629.0,-1013.712592690678,142.09051016975502,1023.6224566020217,1741.0,1.7008223967451415,3.8995024090903954,-1741.0,-331.0
M01_Feb_2021_OP11_008,M01,OP11,good,Feb,2021,119808,0,-4.252337072649572,335.966014310448,335.99292424428756,2205.0,6.562638201264111,10.79253955588946,-1893.0,2205.0,30.867262620192307,151.74936323237637,154.85689246234932,1756.0,11.339501730134097,7.835025437084226,-1557.0,1756.0,-1013.6180972889957,143.59635517599514,1023.7390098905065,1702.0,1.6625331100570608,3.9652246289319355,-1702.0,-284.0
M01_Feb_2019_OP12_000,M01,OP12,bad,Feb,2019,85411,1,0.47963377833366394,400.3784484863281,400.37872314453125,2115.0,5.2824984889032525,9.463319778442383,-2032.0,2115.0,32.066925048828125,272.6534729003906,274.5326843261719,1190.0,4.334638707667182,2.7488110065460205,-1016.0,1190.0,-1036.8966064453125,319.0013732910156,1084.8577880859375,2233.0,2.058334303835142,2.5768258571624756,-2233.0,64.0
M01_Feb_2019_OP12_001,M01,OP12,bad,Feb,2019,85231,1,0.2864098846912384,400.9338684082031,400.9339599609375,1996.0,4.978375990386216,9.380241394042969,-1955.0,1996.0,32.239749908447266,268.5968933105469,270.5248718261719,1194.0,4.4136422353328575,2.848597526550293,-1093.0,1194.0,-1036.6087646484375,308.3507995605469,1081.4979248046875,2110.0,1.9509977334270467,2.6469626426696777,-2110.0,117.0
M01_Feb_2019_OP12_002,M01,OP12,bad,Feb,2019,84821,1,0.22338807582855225,401.5664367675781,401.5664978027344,2086.0,5.194656455192453,9.37356948852539,-1965.0,2086.0,31.866695404052734,254.2353515625,256.2247314453125,1081.0,4.218952612038249,2.923199415206909,-1009.0,1081.0,-1036.566650390625,299.8370666503906,1079.0611572265625,2030.0,1.8812650111672733,2.6647911071777344,-2030.0,80.0
M01_Aug_2019_OP12_000,M01,OP12,good,Aug,2019,99328,0,-3.0083058150773194,421.26789609960406,421.2786372320151,2155.0,5.115379251507488,8.992152185959192,-1938.0,2155.0,34.649695956829895,179.06229686647416,182.38395650110803,2469.0,13.537374927958645,9.22948054138961,-2004.0,2469.0,-1013.5510832796392,162.46139022643666,1026.4889194392879,1735.0,1.6902276947594632,4.593086442298203,-1735.0,-156.0
M01_Aug_2019_OP12_001,M01,OP12,good,Aug,2019,97280,0,-2.4696854440789475,398.0920783479159,398.099738997096,2047.0,5.141927510821433,9.283903470622302,-1985.0,2047.0,34.417567845394736,179.07548040626872,182.3529452987483,2002.0,10.97870942923422,7.608165097079822,-1709.0,2002.0,-1014.1313836348684,184.37824751226069,1030.7559368875181,1758.0,1.7055443845499216,3.530658622523528,-1758.0,-87.0
M01_Aug_2019_OP12_002,M01,OP12,good,Aug,2019,97280,0,-2.443863075657895,398.6941853703817,398.70167533493617,2141.0,5.369929780709891,9.418215818230934,-2141.0,2073.0,33.673252467105264,177.87743079588026,181.03664910248582,1998.0,11.036439361341257,7.6708865996316336,-1657.0,1998.0,-1014.6569387335526,185.41587613221972,1031.4590396336748,1784.0,1.729588797470418,3.4587383053206766,-1784.0,-109.0
M01_Aug_2019_OP12_003,M01,OP12,good,Aug,2019,97280,0,-2.9415707236842104,398.64518694305315,398.6560396020411,1985.0,4.979229718886308,9.29826440985783,-1965.0,1985.0,34.334354440789475,188.04736225795276,191.15610988676107,1918.0,10.03368399334033,6.987012380818487,-1821.0,1918.0,-1013.3502981085526,185.55909659586962,1030.1994976732262,1723.0,1.6724915939985503,3.4745990032631497,-1723.0,-136.0
M01_Aug_2019_OP12_004,M01,OP12,good,Aug,2019,96256,0,-2.847147190824468,401.3610649731251,401.3711632933878,2020.0,5.0327482010047975,9.180715219917758,-2020.0,1942.0,34.40412026263298,189.65512494511447,192.7503823835187,1854.0,9.61865796100505,6.58121810709068,-1696.0,1854.0,-1014.4294173869681,189.03458830095624,1031.8920090950292,1733.0,1.6794393063668005,3.4074055108325356,-1733.0,-160.0
M01_Aug_2019_OP12_005,M01,OP12,good,Aug,2019,97280,0,-2.9092002467105265,398.43167809169904,398.44229890040884,2096.0,5.260485660745316,9.34392689928234,-2096.0,1963.0,33.94224917763158,188.18727378862212,191.22375975602577,1862.0,9.737283705621342,7.02006171877266,-1862.0,1852.0,-1014.505037006579,186.70599622077765,1031.5423399630834,1748.0,1.6945499300228017,3.470241050608121,-1748.0,-236.0
M01_Aug_2019_OP12_006,M01,OP12,good,Aug,2019,94208,0,9.748683763586957,607.1370934967886,607.2153548246705,6041.0,9.948694399772384,6.6967872570449085,-6041.0,5809.0,17.832466457201086,315.92503541514446,316.4279141637278,2545.0,8.04290609672051,6.58739100590408,-2545.0,2490.0,-1020.0655570652174,300.5215827736855,1063.412884266301,2990.0,2.8117018744445086,5.566330591574382,-2990.0,1104.0
M01_Aug_2019_OP12_007,M01,OP12,good,Aug,2019,100352,0,-3.4447046396683674,417.9297870353377,417.94398294682657,2184.0,5.225580673757091,9.136538627376725,-1981.0,2184.0,32.9560546875,158.94127564470836,162.3219967968995,1977.0,12.179495318023111,11.128846913058648,-1873.0,1977.0,-1014.2629544005102,163.92290894479035,1027.4239926856746,1708.0,1.6624100781755227,4.471257087646909,-1708.0,-257.0
M01_Aug_2019_OP12_008,M01,OP12,good,Aug,2019,99328,0,-3.169247342139175,421.06080043877967,421.07272744130734,2256.0,5.357744287332075,8.987347905673385,-2076.0,2256.0,33.29004913015464,161.01414110968074,164.41952745454626,2002.0,12.176169284718645,10.603198437888507,-1766.0,2002.0,-1014.1646665592783,162.821713802554,1027.1518297617413,1692.0,1.647273510083195,4.4231277570864105,-1692.0,-187.0
M01_Aug_2019_OP12_009,M01,OP12,good,Aug,2019,99328,0,-3.1054586823453607,419.9499746360819,419.961456648671,2063.0,4.912355568205996,9.023566368656875,-2000.0,2063.0,33.142920425257735,161.57274330867813,164.93697146063693,2061.0,12.49568233094342,10.859070970376177,-1873.0,2061.0,-1013.6699722132732,163.95792231404045,1026.8442008680747,1717.0,1.6721134506563708,4.444645132084895,-1717.0,-185.0
M01_Aug_2019_OP12_010,M01,OP12,good,Aug,2019,94208,0,-2.1912576426630435,399.5763419626015,399.58235029374157,1891.0,4.732441256751919,9.110224330743387,-1891.0,1881.0,33.890433933423914,183.27452117832394,186.38162899100243,2145.0,11.508644986161967,7.177028499811708,-1786.0,2145.0,-1014.1139499830163,189.8480281586229,1031.7312524809322,1875.0,1.8173337247382186,3.5155733837564607,-1875.0,-66.0
M01_Aug_2019_OP12_011,M01,OP12,good,Aug,2019,99328,0,-3.0590266591494846,420.9304778807432,420.9415931611086,2092.0,4.969810619781925,8.96293026544175,-1961.0,2092.0,32.94229220360825,171.39553734940014,174.5325896184364,1928.0,11.046647529925492,8.190672009090555,-1909.0,1928.0,-1014.2701051063144,163.62322563278033,1027.3832810002555,1647.0,1.603101812593727,4.248269104511651,-1647.0,-249.0
M01_Aug_2019_OP12_012,M01,OP12,good,Aug,2019,93184,0,-2.295426253434066,400.1116379804322,400.1182223156918,2041.0,5.100992372173589,9.193877542358647,-2041.0,2010.0,34.83711796016483,181.5701040737219,184.8819284871094,1981.0,10.714946648439586,8.009272696627736,-1784.0,1981.0,-1014.1021527300824,188.18357520743413,1031.414676136441,1754.0,1.7005769266055817,3.316393170580889,-1754.0,-283.0
M01_Aug_2019_OP12_013,M01,OP12,good,Aug,2019,97280,0,-2.395836759868421,398.9113699177932,398.9185644758469,2043.0,5.121346013776946,9.279763899943331,-2043.0,1936.0,33.6266447368421,183.98317329719413,187.0309046461658,1868.0,9.987654198293987,7.0805354364559685,-1674.0,1868.0,-1014.2171155427632,187.22638773477632,1031.3535173373364,1733.0,1.680316177593612,3.509260934865718,-1733.0,-173.0
M01_Aug_2019_OP12_014,M01,OP12,good,Aug,2019,97280,0,-2.450534539473684,398.15453073537793,398.16207185596943,2131.0,5.352091900834957,9.32339392359246,-2051.0,2131.0,33.82213199013158,184.38478551613096,187.46115795595497,1916.0,10.220783979421352,7.038284285804373,-1629.0,1916.0,-1014.7889699835526,185.27139451480483,1031.562961348332,1776.0,1.7216593330169896,3.5055893727833167,-1776.0,-224.0
M01_Aug_2019_OP12_015,M01,OP12,good,Aug,2019,97280,0,-2.607689144736842,397.75301535471954,397.7615633346784,1985.0,4.990426886294722,9.306202345749812,-1971.0,1985.0,34.174784128289474,184.09173040914013,187.23696503427607,2020.0,10.788467969613873,7.608070304660231,-1678.0,2020.0,-1014.4658717105264,187.32748276940143,1031.6164939870428,1774.0,1.7196312877315063,3.4617858927919265,-1774.0,-126.0
M01_Aug_2019_OP12_016,M01,OP12,good,Aug,2019,92160,0,-2.249001736111111,403.3064742787847,403.3127449064721,2123.0,5.2639050632836355,9.083664840036862,-2123.0,2074.0,34.69004991319444,191.08956293892717,194.21282302456277,1918.0,9.875763969289627,6.564714556566605,-1715.0,1918.0,-1014.29990234375,193.26583243770142,1032.548291307665,1827.0,1.7694087679775305,3.2906470554167724,-1827.0,-201.0
M01_Aug_2019_OP12_017,M01,OP12,good,Aug,2019,97280,0,-2.7112561677631577,397.13131503097674,397.14056993492886,1969.0,4.95794222263069,9.337200595735375,-1969.0,1952.0,34.61664268092105,175.10988515695612,178.4986941974112,1918.0,10.745176644702967,7.932310257718557,-1825.0,1918.0,-1014.2357730263158,184.98818908749158,1030.9679109400824,1875.0,1.8186793013667046,3.5244529504904603,-1875.0,-228.0
M01_Feb_2019_OP12_000,M01,OP12,good,Feb,2019,93600,0,1.252382516860962,390.2132568359375,390.21527099609375,2557.0,6.552793265811467,9.90188980102539,-1985.0,2557.0,31.17814064025879,176.4429168701172,179.17640686035156,1249.0,6.970783831899582,5.806376934051514,-1100.0,1249.0,-1036.467529296875,152.50961303710938,1047.6278076171875,1813.0,1.7305764383284548,4.1777849197387695,-1813.0,-283.0
M01_Feb_2019_OP12_001,M01,OP12,good,Feb,2019,91200,0,0.9339364171028137,393.0252990722656,393.02642822265625,1957.0,4.979308920394854,9.667752265930176,-1957.0,1940.0,30.321020126342773,176.59767150878906,179.1817626953125,1186.0,6.61897718919486,5.3999924659729,-1054.0,1186.0,-1036.0914306640625,165.3984832763672,1049.210205078125,1825.0,1.7394035924994735,3.855853319168091,-1825.0,-259.0
M01_Feb_2019_OP12_002,M01,OP12,good,Feb,2019,96000,0,1.6272083520889282,389.62457275390625,389.6279602050781,2658.0,6.821892347256031,9.868277549743652,-2024.0,2658.0,30.29485511779785,175.41726684570312,178.01402282714844,1212.0,6.808452394656862,5.4709882736206055,-1011.0,1212.0,-1036.5391845703125,156.12344360351562,1048.2308349609375,1795.0,1.712409080264168,4.072360038757324,-1795.0,-281.0
M01_Feb_2020_OP12_000,M01,OP12,good,Feb,2020,98304,0,-0.2590535481770833,404.7109158954946,404.7109988049632,2162.0,5.342083626054114,8.890891750774015,-2162.0,2143.0,38.79039510091146,206.7400586836838,210.34768032145692,2410.0,11.45722166423227,7.854593034054293,-2274.0,2410.0,-1012.5200703938802,211.5293300579933,1034.37979022466,1895.0,1.832015685059372,3.5442811672466483,-1895.0,-109.0
M01_Feb_2020_OP12_001,M01,OP12,good,Feb,2020,98304,0,-0.11231486002604167,404.59110563343665,404.59112122279015,2254.0,5.571056510552597,8.825899159079869,-2254.0,2188.0,38.564046223958336,202.24050215252808,205.88444907780266,2256.0,10.957602723785463,7.711055537502843,-2256.0,2213.0,-1012.2035319010416,208.40665859032623,1033.4356899864297,1965.0,1.9014245579478708,3.5000153080262977,-1965.0,-140.0
M01_Feb_2020_OP12_002,M01,OP12,good,Feb,2020,97280,0,0.4095394736842105,404.8654785926282,404.86568572628926,1965.0,4.853461454692025,8.859418848206472,-1965.0,1944.0,37.81477179276316,210.3676874240422,213.7393760585033,2596.0,12.145632909910995,8.38367561239303,-2457.0,2596.0,-1012.2347245065789,205.16355508952316,1032.8171289409765,1891.0,1.8309146382370531,3.512001695967888,-1891.0,-121.0
M01_Feb_2020_OP12_003,M01,OP12,good,Feb,2020,97280,0,-0.0037314967105263157,405.2645643807723,405.26456439795123,2196.0,5.418682492663308,8.842262816344332,-1987.0,2196.0,37.961615953947366,214.56047553819917,217.8928221603758,2650.0,12.16194261805246,8.503911493113817,-2330.0,2650.0,-1011.8643297697369,205.36702550988903,1032.4945699746504,1979.0,1.9167171020072173,3.502223271600744,-1979.0,-101.0
M01_Feb_2021_OP12_000,M01,OP12,good,Feb,2021,97280,0,-3.9153474506578947,399.78872141549306,399.8078935147405,2125.0,5.315052640204197,9.424652442281793,-2125.0,2002.0,33.40796669407895,196.02675797965782,198.8531671426131,2170.0,10.91257449494744,7.032144117606717,-1967.0,2170.0,-1013.2829564144737,197.77692541336455,1032.4040207137998,1856.0,1.797745807611994,3.463378016313162,-1856.0,-181.0
M01_Feb_2021_OP12_001,M01,OP12,good,Feb,2021,98304,0,-2.2986958821614585,401.17571508011804,401.18230067240347,2071.0,5.162241695430957,9.231455577236579,-2071.0,1998.0,36.024200439453125,211.60734637816918,214.65183916871612,2303.0,10.729001945284264,7.389794776323462,-2090.0,2303.0,-1012.7753397623698,200.27441702842415,1032.3873938337579,2016.0,1.9527553436250407,3.577848521364018,-2016.0,27.0
M01_Feb_2021_OP12_002,M01,OP12,good,Feb,2021,98304,0,-4.127268473307292,398.44838377118293,398.4697590469302,2277.0,5.714360872569563,9.490769894680879,-2178.0,2277.0,32.06450398763021,198.75997783267997,201.32973253849065,2270.0,11.275036088204292,8.342314992751804,-2170.0,2270.0,-1013.5115559895834,189.6490632733088,1031.102536765801,1936.0,1.877601820350998,3.5985055154789207,-1936.0,-162.0
M01_Feb_2021_OP12_003,M01,OP12,good,Feb,2021,97280,0,-3.2018606085526318,402.2715316645447,402.28427398929654,2217.0,5.51102825376412,9.333139846719494,-2217.0,2063.0,33.60545847039474,198.23873447962532,201.06696070485776,2131.0,10.598459301963851,7.40203812652876,-1979.0,2131.0,-1013.292146381579,190.82649077261368,1031.1041283494008,1942.0,1.8834179270611284,3.6051226819515922,-1942.0,-191.0
M01_Feb_2021_OP12_004,M01,OP12,good,Feb,2021,96256,0,-2.812707779255319,404.2970989180673,404.3068828484336,2211.0,5.468618254586724,9.246854262451128,-2211.0,1985.0,35.92445146276596,209.38496871639725,212.44441940721174,2155.0,10.143829647364441,6.424791463754008,-2069.0,2155.0,-1013.1630547706117,213.21556573353325,1035.3551337696588,2106.0,2.034084664584793,3.3327919007412214,-2106.0,-17.0
M01_Feb_2021_OP12_005,M01,OP12,good,Feb,2021,98304,0,-2.6410929361979165,401.47199578256215,401.4806829344735,2693.0,6.707670168129932,9.426571967911194,-2693.0,2205.0,35.413859049479164,205.5116890770809,208.5406333549679,2010.0,9.638409396113582,6.411473699569627,-1834.0,2010.0,-1012.9350280761719,208.33831582642992,1034.1383973845418,1994.0,1.9281751891652623,3.427087709173005,-1994.0,-44.0
M01_Feb_2021_OP12_006,M01,OP12,good,Feb,2021,96256,0,-2.3534117353723403,403.63198427791457,403.63884510651707,2108.0,5.222490415766886,9.169011680813039,-2108.0,2024.0,36.4062188331117,207.0544844809931,210.23075967473034,1989.0,9.461032263201574,7.088605883404886,-1907.0,1989.0,-1012.7990255152926,201.47328753969438,1032.6438648811984,1885.0,1.825411513210183,3.5020451547858933,-1885.0,-124.0
M01_Feb_2021_OP12_007,M01,OP12,good,Feb,2021,96256,0,-3.6231715425531914,406.75011792049787,406.7662545005002,2334.0,5.737939109196999,9.20637776388219,-2334.0,2094.0,32.108211436170215,213.21000838630817,215.61411112846815,1727.0,8.009679844057198,6.082436474787818,-1674.0,1727.0,-1013.3630838597074,200.87386393641938,1033.0803690625448,1926.0,1.8643273627856498,3.363736898755657,-1926.0,-138.0
M01_Feb_2021_OP12_008,M01,OP12,good,Feb,2021,100352,0,-3.9240274234693877,397.6657697627725,397.6851297600132,2158.0,5.426403550221416,9.712651679369891,-2158.0,2074.0,31.7972337372449,201.31103287359463,203.8067614922883,1725.0,8.463899761565424,6.512972859524197,-1651.0,1725.0,-1013.306002869898,195.8973988310733,1032.068237240615,1936.0,1.8758449588335153,3.510767117357303,-1936.0,-163.0
M01_Aug_2019_OP13_000,M01,OP13,good,Aug,2019,68608,0,-6.992945429104478,366.75121843499574,366.8178805747184,2026.0,5.523176778693909,11.833539043810815,-2026.0,1909.0,30.303448577425375,145.7624734204597,148.87913773707479,1028.0,6.904929835202835,8.223756070928461,-1005.0,1028.0,-1015.6775011660447,138.7722901698644,1025.1139131305797,2069.0,2.0183122807118212,9.404123845522905,-2069.0,40.0
M01_Aug_2019_OP13_001,M01,OP13,good,Aug,2019,68608,0,-6.81513817630597,366.8624317766501,366.92572812142697,2012.0,5.483398534905047,11.82385679991667,-1932.0,2012.0,30.130494986007463,148.01593912537857,151.05153082067585,1155.0,7.646397184621609,8.105768410669148,-987.0,1155.0,-1015.682369402985,137.95753782945735,1025.0087598455088,2073.0,2.022421740388293,9.112157073417535,-2073.0,21.0
M01_Aug_2019_OP13_002,M01,OP13,good,Aug,2019,68608,0,-4.766353777985074,368.30803169744723,368.33887161306325,2051.0,5.568242067469212,11.775114251685308,-1959.0,2051.0,30.79649603544776,151.2275867986534,154.331484723648,1175.0,7.613482123262152,8.295736528607751,-1077.0,1175.0,-1015.8459217583955,137.4158992844355,1025.0980763465095,1975.0,1.9266449187369261,7.661878964650733,-1975.0,-72.0
M01_Aug_2019_OP13_003,M01,OP13,good,Aug,2019,68608,0,-5.933710354477612,367.5878016170565,367.6356903460698,2121.0,5.769298399737577,11.788789852803959,-2024.0,2121.0,30.57442280783582,151.7774300207962,154.8263013630113,1220.0,7.879798130290177,8.914316081494913,-1220.0,1061.0,-1015.8891528684702,147.2896238589767,1026.5110833363353,2073.0,2.0194618778614624,8.93771429097166,-2073.0,48.0
M01_Aug_2019_OP13_004,M01,OP13,good,Aug,2019,69632,0,-5.682789522058823,365.51741239823235,365.561585595439,2168.0,5.930601259617278,11.944300789953676,-2043.0,2168.0,30.27870806525735,152.1777778080691,155.16080761810673,1200.0,7.733911793972669,8.621937206834602,-1159.0,1200.0,-1015.8707347196691,148.81301550613944,1026.7125514202653,2149.0,2.093088271909464,8.72330335152793,-2149.0,0.0
M01_Aug_2019_OP13_005,M01,OP13,good,Aug,2019,68608,0,-6.017942513992537,367.80193104245103,367.8511602681955,2053.0,5.5810616405373965,11.786048005755962,-1952.0,2053.0,30.309628614738806,151.57414314984206,154.57488301264277,1134.0,7.336250093795959,8.499267911383377,-1134.0,1110.0,-1016.0298944729477,147.4400197862239,1026.6719563216245,2084.0,2.029859671502654,9.045884212253494,-2084.0,19.0
M01_Aug_2019_OP13_006,M01,OP13,good,Aug,2019,68608,0,-5.611386427238806,366.60986505425274,366.6528069069337,2043.0,5.572028800855651,11.903736191780178,-2006.0,2043.0,30.151935634328357,134.7377725367524,138.07029575785776,1038.0,7.517909585856204,7.667813175423213,-1038.0,979.0,-1015.3720265858209,126.11040108306445,1023.1735852895775,1614.0,1.5774449450268082,5.218506564877021,-1614.0,-322.0
M01_Aug_2019_OP13_007,M01,OP13,good,Aug,2019,69632,0,-7.083093979779412,363.6449909547682,363.7139668294577,2047.0,5.628048924939471,11.992166705573695,-2047.0,2030.0,28.967586741727942,145.1351037003248,147.99770068397538,1089.0,7.358222424856312,7.964581353256216,-1005.0,1089.0,-1015.8313993566177,137.02577546184017,1025.0314605219405,2067.0,2.016523472311274,9.441380487214877,-2067.0,37.0
M01_Aug_2019_OP13_008,M01,OP13,good,Aug,2019,68608,0,-5.74374708488806,366.2779383187295,366.32297051863156,2061.0,5.626182810982571,11.949646893175174,-2039.0,2061.0,30.218618819962686,135.56629257270274,138.89342894929854,886.0,6.378991480751938,7.42606375084181,-812.0,886.0,-1015.4626574160447,127.57117667361817,1023.4445826347155,1684.0,1.6454237274526156,5.205208301141106,-1684.0,-347.0
M01_Aug_2019_OP13_009,M01,OP13,good,Aug,2019,67584,0,-6.313639322916667,369.1407038898278,369.19469295993065,2119.0,5.739519122042144,11.719477450382124,-2119.0,1942.0,28.610529119318183,134.02895400094158,137.04861504982043,856.0,6.245958776663476,8.404352434732248,-856.0,833.0,-1015.8274887547349,121.87722169761321,1023.1126741852435,1737.0,1.6977602211635794,5.612277007386629,-1737.0,-366.0
M01_Aug_2019_OP13_010,M01,OP13,good,Aug,2019,68608,0,-6.022869053171642,366.7850202308464,366.83446677946455,2065.0,5.62924203423188,11.80100736909139,-2065.0,1955.0,31.04836170708955,148.73559950910155,151.9416971276355,1163.0,7.654251742515721,8.475201417098743,-1122.0,1163.0,-1015.749271222015,142.25770331867233,1025.6626327119254,2000.0,1.9499589204218708,7.743930805965582,-2000.0,-13.0
M01_Aug_2019_OP13_011,M01,OP13,good,Aug,2019,68608,0,-6.195399953358209,367.1885180294761,367.24078035161745,1985.0,5.405173134910145,11.802219404320583,-1934.0,1985.0,29.758074860074625,152.449170257189,155.32640642042554,1083.0,6.972413931142005,8.272933381039035,-1054.0,1083.0,-1015.6744257229477,143.67844081183046,1025.7865437905482,2045.0,1.99359214875562,7.689475817600552,-2045.0,9.0
M01_Aug_2019_OP13_012,M01,OP13,good,Aug,2019,69632,0,-6.413430606617647,364.5984668809316,364.65486990313417,2020.0,5.539484500883224,11.930721422878818,-2020.0,2018.0,29.379581227022058,151.25521952439334,154.08212494136887,1202.0,7.801034678470221,8.70409944367539,-1040.0,1202.0,-1015.8080623851102,145.61457581474605,1026.1918067770278,2020.0,1.968442923301285,7.8866897686190285,-2020.0,101.0
M01_Aug_2019_OP13_013,M01,OP13,good,Aug,2019,69632,0,-6.728616153492647,363.97206172552796,364.034251124908,2010.0,5.521458472077469,11.927029543383133,-2010.0,1899.0,30.479851217830884,150.10056045038345,153.163963051954,1161.0,7.580112037230212,8.407413412230252,-1159.0,1161.0,-1015.9119514016544,143.6640920355191,1026.0197192749795,1973.0,1.9229649907646893,7.761251093890585,-1973.0,-99.0
M01_Aug_2019_OP13_014,M01,OP13,good,Aug,2019,68608,0,-6.289033348880597,366.12822264194153,366.18223244091246,2020.0,5.516379062236313,11.869916897572324,-2018.0,2020.0,30.41318796641791,152.02229230465102,155.03463922569503,1116.0,7.19839131160462,8.38943643063069,-1116.0,1114.0,-1016.1201609141791,146.69348527930026,1026.654352759314,2076.0,2.0221021753040693,7.626270252915021,-2076.0,-42.0
M01_Aug_2019_OP13_015,M01,OP13,good,Aug,2019,69632,0,-4.841466567095588,364.6186325447963,364.6507740254469,2117.0,5.805554658859073,11.948326767388865,-2018.0,2117.0,31.229161879595587,146.30873063976196,149.60449596559724,1067.0,7.132138597260909,8.69681098005725,-1067.0,1046.0,-1015.7851706112133,137.11005584542562,1024.9969171893092,2186.0,2.1326893411487813,8.501484731128507,-2186.0,-9.0
M01_Aug_2021_OP13_000,M01,OP13,good,Aug,2021,68608,0,-4.940298507462686,368.42618560109344,368.4593068249385,2037.0,5.52842596799384,11.882294306521482,-1924.0,2037.0,31.23672166511194,175.1041855880413,177.86851489466844,1218.0,6.847754931339505,7.780121206772645,-1192.0,1218.0,-1014.3604098647388,127.63401118342051,1022.358783359213,1838.0,1.7978033053726947,7.016091957207885,-1838.0,-220.0
M01_Aug_2021_OP13_001,M01,OP13,good,Aug,2021,68608,0,-2.493630480410448,373.01345509375085,373.02179007928015,2100.0,5.629697931463137,11.254882166545112,-1965.0,2100.0,29.680634911380597,179.39628776443337,181.83500255011973,1175.0,6.461902183415601,7.323814341316076,-1120.0,1175.0,-1014.130611590485,132.3224726718203,1022.7268130536502,1953.0,1.9096008582866297,7.474399935547997,-1953.0,-113.0
M01_Aug_2021_OP13_002,M01,OP13,good,Aug,2021,68608,0,-2.6073489972014925,373.4158235327907,373.42492623479956,2110.0,5.650399455855522,11.286873382101508,-1918.0,2110.0,29.312135611007463,177.44485798903125,179.84960083588052,1225.0,6.811246698945183,7.377046292251925,-1225.0,1218.0,-1014.3336054104477,132.36673516232366,1022.9338275971181,1881.0,1.8388286214158036,7.400300034826148,-1881.0,-115.0
M01_Feb_2019_OP13_000,M01,OP13,good,Feb,2019,66000,0,5.481287878787879,368.1310350720105,368.17183963470103,2379.0,6.461656606763941,11.886497392917951,-2379.0,2108.0,31.222227272727274,137.17867543400152,140.6869449156423,946.0,6.724149142390104,6.829699258380989,-946.0,921.0,-1037.7263030303031,139.80765487875135,1047.1017430811755,2082.0,1.9883454628521184,9.327940856118452,-2082.0,-193.0
M01_Feb_2019_OP13_001,M01,OP13,good,Feb,2019,66000,0,5.556833267211914,361.8765563964844,361.9192199707031,2254.0,6.2279090902728464,12.125983238220215,-2254.0,1991.0,30.72101593017578,138.6009979248047,141.96485900878906,979.0,6.896072780513873,7.33553409576416,-979.0,915.0,-1037.7384033203125,141.6735382080078,1047.3646240234375,2141.0,2.04417826503952,10.376484870910645,-2141.0,-81.0
M01_Feb_2019_OP13_002,M01,OP13,good,Feb,2019,66000,0,5.834515151515151,367.6291164766899,367.6754123523694,2268.0,6.168484276632605,11.822642634764916,-2268.0,2041.0,30.75078787878788,139.80900407552932,143.15085950058972,938.0,6.552527894505138,6.86093634331452,-938.0,845.0,-1037.9480303030302,139.1315846406025,1047.2314507569688,2168.0,2.0702204831920468,9.64244433071217,-2168.0,-80.0
M01_Feb_2019_OP13_003,M01,OP13,good,Feb,2019,66000,0,5.579545454545454,367.65576856261777,367.6981037275668,2121.0,5.768319114235851,11.760308083073332,-2121.0,1971.0,30.545181818181817,137.40419567431826,140.75837851159028,903.0,6.415248666179012,6.632959230882953,-843.0,903.0,-1037.622303030303,139.74319329495734,1046.990068633978,2186.0,2.087889909836589,10.09803185070413,-2186.0,-150.0
M01_Feb_2019_OP13_004,M01,OP13,good,Feb,2019,66000,0,5.842560606060606,368.4636160042099,368.5099345110432,2149.0,5.831593123402215,11.699833897149844,-2149.0,1942.0,30.56801515151515,139.57588446953977,142.88397767334718,894.0,6.256824694815044,6.989649431006466,-845.0,894.0,-1037.7555303030304,139.21743134073662,1047.052068363191,2199.0,2.1001820887834137,9.582661691484025,-2199.0,-158.0
M01_Feb_2020_OP13_000,M01,OP13,good,Feb,2020,70656,0,-4.8963145380434785,360.3657395823353,360.39900133155055,2219.0,6.157064785977644,12.431475011407757,-2219.0,2201.0,34.96672610960145,150.1380717749928,154.15613037157092,1202.0,7.797289651100828,10.159129567736784,-1138.0,1202.0,-1013.7913694519928,134.1360348633452,1022.626723992781,1983.0,1.939123976984977,10.114415646062598,-1983.0,-107.0
M01_Feb_2020_OP13_001,M01,OP13,good,Feb,2020,68608,0,-4.399822178171642,366.9157423512374,366.9421213493473,2529.0,6.892095109441701,11.961317240190082,-2529.0,2256.0,34.80580981809702,150.36417961681687,154.3399848028109,1259.0,8.157315822005126,9.681209484782308,-1202.0,1259.0,-1013.8963677705224,136.37569006883498,1023.0269661255314,2049.0,2.0028797557117137,10.10459916583431,-2049.0,-25.0
M01_Feb_2020_OP13_002,M01,OP13,good,Feb,2020,69632,0,-4.265711167279412,364.1946270711105,364.2196077632668,2119.0,5.817918516285083,12.084164603188176,-2102.0,2119.0,34.332591337316174,147.49369643756225,151.43684266634364,1180.0,7.792027218897184,9.749886521623102,-1087.0,1180.0,-1013.6505485983456,134.36960594289934,1022.5177874614099,2006.0,1.9618240627190136,10.307919464061948,-2006.0,-40.0
M01_Feb_2020_OP13_003,M01,OP13,good,Feb,2020,67584,0,-4.933830492424242,367.77652477853684,367.809617684891,2260.0,6.14448315469603,11.861530798245608,-2260.0,2104.0,34.067368016098484,155.73947782481503,159.42198881173934,1280.0,8.029005343243748,10.188229452044025,-1128.0,1280.0,-1013.813417376894,137.2061164627314,1023.05579693788,2008.0,1.9627472968826996,9.84781541280504,-2008.0,-60.0
M01_Feb_2021_OP13_000,M01,OP13,good,Feb,2021,69632,0,-6.698888442095588,364.22248653502083,364.28408530172305,2201.0,6.041987802396014,12.109861139414527,-1940.0,2201.0,27.077521829044116,170.64097260542766,172.77596395369545,1108.0,6.412929059373952,7.722072136621322,-1091.0,1108.0,-1013.8707059972427,130.39904481316162,1022.221952106064,1858.0,1.8176091759446162,7.4653105351552895,-1858.0,-179.0
M01_Feb_2021_OP13_001,M01,OP13,good,Feb,2021,69632,0,-6.2695168887867645,363.94526685933056,363.99926388844267,1979.0,5.436824181618449,12.137351677483464,-1889.0,1979.0,30.468879250919116,170.50059182252085,173.20162936484445,1169.0,6.749359138749981,7.4853532890747525,-1065.0,1169.0,-1013.7055089613971,128.98417515253576,1021.8785526364985,1871.0,1.8309416468059978,7.22451103468301,-1871.0,-195.0
M01_Feb_2021_OP13_002,M01,OP13,good,Feb,2021,69632,0,-7.288301355698529,600.5381271692196,600.5823519889385,4608.0,7.672553122381575,14.716463426860047,-4608.0,4025.0,63.00262810202206,596.0130386886398,599.3336912227008,5287.0,8.821463030409637,27.826774737488055,-3835.0,5287.0,-1008.6473891314338,305.60660744536534,1053.928343919037,3503.0,3.323755376930162,28.65664458546931,-3503.0,2037.0
M01_Feb_2021_OP13_003,M01,OP13,good,Feb,2021,68608,0,-7.790694962686567,366.5972377083138,366.68000984968836,2098.0,5.7216099695754465,11.880393631701132,-2098.0,2022.0,28.24532124533582,183.51495597989506,185.67589299786613,1288.0,6.936818663986726,8.00872806628183,-1288.0,1247.0,-1013.8796933302239,131.1893632690316,1022.3319820793648,1965.0,1.9220762281184849,7.483650587989019,-1965.0,-158.0
M01_Feb_2021_OP13_004,M01,OP13,good,Feb,2021,65824,0,-2.3122721195916385,371.97787791787397,371.98506456931807,2137.0,5.744854306110932,11.363174035510093,-1934.0,2137.0,29.341000243072436,178.23077186117834,180.62973823126518,1143.0,6.32786168652133,7.306242637447198,-1087.0,1143.0,-1013.7135847107438,135.06956039412378,1022.6724881271463,1887.0,1.8451655069510329,7.159674216569941,-1887.0,-113.0
M01_Feb_2021_OP13_005,M01,OP13,good,Feb,2021,70656,0,-2.5083927762681157,368.8395432346153,368.8480726367425,2039.0,5.528021294578094,11.422512694004084,-1989.0,2039.0,29.08000735960145,171.50810802593773,173.9559655391881,1134.0,6.51889112560809,7.390527478422933,-1134.0,1093.0,-1013.4030938632246,130.01692546350054,1021.7094653366665,1924.0,1.8831185041101846,7.4884661727879935,-1924.0,-197.0
M01_Feb_2021_OP13_006,M01,OP13,good,Feb,2021,66848,0,5.284331617999043,658.8929938860539,658.9141837544373,4686.0,7.11169999907965,14.324723107356654,-4226.0,4686.0,89.12456617999042,720.8475030562425,726.3362244575104,5676.0,7.8145627450142925,23.37682350970018,-3634.0,5676.0,-1006.6189414791767,372.30870853089925,1073.2639320281867,3831.0,3.5694854598909487,23.64818758710682,-3831.0,2605.0
M01_Feb_2021_OP13_007,M01,OP13,good,Feb,2021,69632,0,4.6264792049632355,661.8455959585509,661.8617659296867,5098.0,7.702514728040038,14.494505724536818,-4192.0,5098.0,90.01805204503677,721.901053693209,727.4918425778727,5969.0,8.204902997741947,24.122658989661478,-3609.0,5969.0,-1006.8589872472427,368.8738372488552,1072.3026289286238,3886.0,3.6239769400571578,24.859716197393727,-3886.0,2570.0
M01_Feb_2021_OP13_008,M01,OP13,good,Feb,2021,67584,0,-3.1580551609848486,638.8732768599369,638.8810822039993,4382.0,6.858866418274686,13.518106411685523,-4382.0,4229.0,64.3333037405303,653.2845607163534,656.4445835259289,5040.0,7.677723491797118,23.0214428797911,-4148.0,5040.0,-1008.4973366477273,310.9504814349089,1055.34690027979,3447.0,3.2662245931514495,25.40600675801418,-3447.0,1903.0
M01_Feb_2021_OP13_009,M01,OP13,good,Feb,2021,69632,0,-0.05184397977941176,647.324855132855,647.3248572089364,4349.0,6.718419587271121,14.366343828193422,-4349.0,4290.0,71.18903664981617,664.0809502920299,667.8857593031119,5492.0,8.222963169225954,25.2403003711972,-3946.0,5492.0,-1008.6509794347427,310.171206270772,1055.2644102376103,3544.0,3.3584000044140687,25.151391764020197,-3544.0,2127.0
M01_Feb_2021_OP13_010,M01,OP13,good,Feb,2021,68608,0,-7.484579057835821,618.9138485815446,618.9591027601841,4616.0,7.457681742485772,16.423748459942868,-4616.0,4110.0,61.51523145988806,594.6219300621752,597.7954193638741,5328.0,8.912748119866208,29.78892115044239,-4023.0,5328.0,-1008.6043318563433,315.9008855761896,1056.9181934980595,3736.0,3.5348052696822645,31.97897414237109,-3736.0,2592.0
M01_Feb_2021_OP13_011,M01,OP13,good,Feb,2021,69632,0,-7.919519761029412,362.73978348082284,362.8262246764414,2123.0,5.851285975519641,12.265901495433248,-2123.0,1983.0,27.30088177849265,169.84305847146422,172.0232619642601,1272.0,7.394348796061508,8.046767458860895,-1196.0,1272.0,-1013.7824850643383,128.2048588507195,1021.8568455787523,1885.0,1.8446810902679684,7.858839276469253,-1885.0,-99.0
M01_Feb_2021_OP13_012,M01,OP13,good,Feb,2021,67584,0,-6.944321141098484,368.17898769291753,368.2444712072297,1973.0,5.3578536930421246,11.873504105561514,-1926.0,1973.0,28.12039831912879,172.8345661239697,175.10723585531042,1194.0,6.818678817970674,7.841007190423753,-1194.0,1182.0,-1013.81396484375,131.20235088241068,1022.2684638534417,1883.0,1.8419818928014566,7.991737191011751,-1883.0,-107.0
M01_Feb_2021_OP13_013,M01,OP13,good,Feb,2021,69632,0,-7.489085477941177,363.50479783248187,363.5819363617084,2084.0,5.731857915863946,12.139581206068673,-1994.0,2084.0,27.721062155330884,171.12097508639846,173.35179664929788,1233.0,7.112703899426207,7.711515143030789,-1233.0,1059.0,-1013.7686408547794,129.82851004679142,1022.0480904544153,1897.0,1.8560770454123838,7.997148611095404,-1897.0,-134.0
M01_Feb_2021_OP13_014,M01,OP13,good,Feb,2021,68608,0,-7.7191289645522385,366.33158470968766,366.4129022126301,2055.0,5.608426962016418,12.006286694637073,-2055.0,2008.0,27.94152285447761,170.60850874110514,172.88143901035485,1208.0,6.98744762257356,8.022256671483094,-1177.0,1208.0,-1013.5500961986941,130.5022780015678,1021.9171405099243,1912.0,1.87099317958982,7.962599605892775,-1912.0,-148.0
M01_Feb_2019_OP14_000,M01,OP14,bad,Feb,2019,52611,1,0.7937313318252563,471.2366943359375,471.2373352050781,2180.0,4.626119021429582,6.369924545288086,-2055.0,2180.0,31.155176162719727,369.9779968261719,371.2874450683594,1659.0,4.468236192835861,5.918074607849121,-1659.0,1528.0,-1037.468017578125,515.1723022460938,1158.3360595703125,2931.0,2.530353756825339,4.889275550842285,-2931.0,1145.0
M01_Aug_2021_OP14_000,M01,OP14,good,Aug,2021,67584,0,-5.556537050189394,402.38303779887326,402.4214012850703,1996.0,4.959974776754128,8.514775556839151,-1821.0,1996.0,32.303104285037875,153.03095673830282,156.40321053830814,2135.0,13.65061492441084,14.700545730751232,-1992.0,2135.0,-1014.2634055397727,148.8314313715773,1025.1248952109445,1782.0,1.7383247722545163,4.14572011241537,-1782.0,-472.0
M01_Aug_2021_OP14_001,M01,OP14,good,Aug,2021,65536,0,-3.4890594482421875,433.5472027759438,433.56124200703033,2094.0,4.829767509444594,7.512504805383025,-2094.0,1944.0,32.229278564453125,187.17434646617858,189.92883501939923,2301.0,12.115064043671815,7.40235723538569,-1842.0,2301.0,-1013.888671875,207.81485922026374,1034.9672722696064,2082.0,2.011657813521319,3.592654617661837,-2082.0,-267.0
M01_Aug_2021_OP14_002,M01,OP14,good,Aug,2021,65536,0,-3.597076416015625,433.55326518484316,433.5681869224051,2049.0,4.725900243153001,7.536232789097967,-1838.0,2049.0,32.303497314453125,184.01660128786307,186.8304725902101,2158.0,11.55057828673008,8.185984487168156,-1881.0,2158.0,-1014.127685546875,216.10849592700146,1036.8981842999303,2174.0,2.0966378694816528,3.5714075230254836,-2174.0,-234.0
M01_Feb_2019_OP14_000,M01,OP14,good,Feb,2019,66000,0,2.2327120304107666,423.7398376464844,423.7457275390625,2728.0,6.4378230214687475,7.957191467285156,-1938.0,2728.0,30.78345489501953,203.8169403076172,206.12850952148438,1212.0,5.879827117624773,6.452064514160156,-1114.0,1212.0,-1037.1995849609375,175.6595458984375,1051.96923828125,1858.0,1.7662113419168757,3.6838247776031494,-1858.0,-249.0
M01_Feb_2019_OP14_001,M01,OP14,good,Feb,2019,66000,0,2.310439348220825,421.5731506347656,421.5794372558594,2684.0,6.366534424616783,7.903687477111816,-1901.0,2684.0,30.245908737182617,208.0454864501953,210.2325897216797,1382.0,6.573671578843158,6.322020053863525,-1138.0,1382.0,-1037.2396240234375,171.8416290283203,1051.3779296875,1786.0,1.698723122836382,3.7596635818481445,-1786.0,-245.0
M01_Feb_2019_OP14_002,M01,OP14,good,Feb,2019,64800,0,2.0838425159454346,427.8049621582031,427.81005859375,2090.0,4.885345629483368,7.693881988525391,-1932.0,2090.0,30.269121170043945,203.97145080566406,206.20516967773438,1227.0,5.9503842794902,5.765956878662109,-1028.0,1227.0,-1037.4674072265625,179.06483459472656,1052.8070068359375,1860.0,1.7667055670440177,3.6171538829803467,-1860.0,-238.0
M01_Feb_2019_OP14_003,M01,OP14,good,Feb,2019,64800,0,1.8619599342346191,426.09222412109375,426.0963134765625,2135.0,5.010604251842315,7.704866409301758,-1887.0,2135.0,30.365463256835938,197.2684783935547,199.5918731689453,1177.0,5.897033688359264,5.355530261993408,-944.0,1177.0,-1037.0555419921875,180.9171905517578,1052.718017578125,1879.0,1.7849034296219353,3.7164251804351807,-1879.0,-259.0
M01_Feb_2019_OP14_004,M01,OP14,good,Feb,2019,64800,0,1.9788734912872314,425.7785949707031,425.783203125,2119.0,4.976711116004055,7.7116475105285645,-1871.0,2119.0,30.214815139770508,200.03286743164062,202.30194091796875,1278.0,6.317289859904088,5.60501766204834,-983.0,1278.0,-1037.192626953125,174.09425354003906,1051.7021484375,1965.0,1.8683997203194598,3.7115330696105957,-1965.0,-236.0
M01_Feb_2020_OP14_000,M01,OP14,good,Feb,2020,63488,0,-0.48218560987903225,397.4465667673677,397.44685926313474,2242.0,5.641005703647177,8.711905819172072,-2242.0,2065.0,37.275485131048384,140.59306827007433,145.4505848642376,2453.0,16.86483421355514,36.06450803179448,-2416.0,2453.0,-1013.8404737903226,152.04496114771644,1025.178119404524,1747.0,1.7040941148985378,3.6027345304416483,-1747.0,130.0
M01_Feb_2020_OP14_001,M01,OP14,good,Feb,2020,64512,0,-0.6644810267857143,392.8978845916292,392.8984464866362,2156.0,5.487423071481482,8.860648132134637,-2156.0,2073.0,36.752170138888886,140.44238427676342,145.17157198039814,2518.0,17.344993690224655,36.35254295705343,-2227.0,2518.0,-1013.7425595238095,151.11791612054313,1024.9441943649908,1653.0,1.6127707333608774,3.668950312190481,-1653.0,-429.0
M01_Feb_2020_OP14_002,M01,OP14,good,Feb,2020,70656,0,-1.275574615036232,397.04925631559206,397.05130528857757,2172.0,5.470325801904584,8.859462461196507,-2172.0,1950.0,35.87368376358695,139.3613003451998,143.90445865460464,2512.0,17.456026196027953,37.2985334336615,-2512.0,2479.0,-1013.4187613224638,142.29244920872338,1023.3595296386183,2002.0,1.9563017121724284,4.291332664750504,-2002.0,-279.0
M01_Feb_2020_OP14_003,M01,OP14,good,Feb,2020,68608,0,-0.9732101212686567,403.53289547627077,403.53406903185135,2215.0,5.489003704976315,8.627639894646071,-2215.0,2192.0,35.659208838619406,146.3036173163847,150.5866116720056,2711.0,18.00292848015506,34.56201411655401,-2574.0,2711.0,-1013.5614214085821,144.82320764796648,1023.8557107528537,1758.0,1.7170388185922418,4.254398456701173,-1758.0,-370.0
M01_Feb_2020_OP14_004,M01,OP14,good,Feb,2020,68608,0,-1.163858442164179,386.1080299555637,386.10978408043474,2303.0,5.9646248164491915,9.291434042043234,-2303.0,2231.0,37.867216651119406,151.29804037043863,155.96481371398386,2537.0,16.26648947019857,26.733507033033362,-2340.0,2537.0,-1013.4310138759329,210.13454634949034,1034.987414152997,2035.0,1.9662074844314736,3.4413795573948365,-2035.0,-325.0
M01_Feb_2020_OP14_005,M01,OP14,good,Feb,2020,69632,0,-1.3269330193014706,383.0260053689028,383.02830383680066,2236.0,5.837688697158805,9.429025195709942,-2236.0,2186.0,37.52167107077206,151.8658844480189,156.4324859456061,2436.0,15.57221305584208,26.68344689454187,-2305.0,2436.0,-1013.3201545266544,210.3877051274505,1034.9302981547685,1936.0,1.8706573799721546,3.4484243096103557,-1936.0,-283.0
M01_Feb_2020_OP14_006,M01,OP14,good,Feb,2020,65536,0,-0.8627471923828125,413.800950604707,413.80184998870794,2209.0,5.338303828415171,7.987449761509621,-2209.0,2199.0,36.31288146972656,146.32980664688853,150.7681586872712,2602.0,17.25828598462334,33.531274236639504,-2602.0,2602.0,-1013.4673004150391,147.56957421735763,1024.1546505509991,1748.0,1.7067734829496397,3.9700831162750907,-1748.0,-204.0
M01_Feb_2020_OP14_007,M01,OP14,good,Feb,2020,66560,0,-1.1593299278846154,409.3042937930894,409.3059356561316,2088.0,5.101318642381434,8.129424355464538,-2010.0,2088.0,35.51769831730769,151.23678289513924,155.35144477677306,2859.0,18.403433608925504,32.758861503766,-2523.0,2859.0,-1013.443359375,147.03800429311826,1024.0544992175896,1797.0,1.7547894192867328,4.071309114957328,-1797.0,-482.0
M01_Feb_2021_OP14_000,M01,OP14,good,Feb,2021,70000,0,-5.275128571428572,417.59785803191164,417.6311746197663,2049.0,4.906242935205972,8.22335563664445,-2039.0,2049.0,29.659014285714285,158.13095648914296,160.8883355889153,1803.0,11.20653025217958,11.24807833715629,-1756.0,1803.0,-1013.6226142857142,181.11967644159583,1029.677202518204,1994.0,1.936529229862936,4.065052044907814,-1994.0,-396.0
M01_Feb_2021_OP14_001,M01,OP14,good,Feb,2021,71680,0,-5.341183035714286,420.95593401457427,420.9898177133309,2073.0,4.924109593100871,8.117861071475518,-1961.0,2073.0,32.790806361607146,165.17517453667952,168.39856075711265,1887.0,11.205558952025063,8.721486894872507,-1887.0,1877.0,-1013.5238699776786,194.89431886018167,1032.0922587339294,1977.0,1.9155264301906418,3.9344150996782754,-1977.0,-238.0
M01_Feb_2021_OP14_002,M01,OP14,good,Feb,2021,70656,0,-4.8927338088768115,392.6567164695425,392.68719845796755,2108.0,5.368140362807463,9.060383984991729,-1885.0,2108.0,32.265101336050726,145.69256890680725,149.22252309517623,2346.0,15.721487288508639,21.497166734567184,-2153.0,2346.0,-1013.0900560461956,149.53974300145785,1024.0671835366204,1856.0,1.8123810916294536,4.811491907379787,-1856.0,-462.0
M01_Feb_2021_OP14_003,M01,OP14,good,Feb,2021,66560,0,-4.501742788461539,404.4668976950985,404.4919492638027,2037.0,5.0359469544633715,8.62275762118559,-1918.0,2037.0,30.41271033653846,156.12149845024928,159.0561386063593,2084.0,13.102292173441954,13.6027834885526,-1981.0,2084.0,-1013.5806790865385,192.9841054211769,1031.7890569117026,1985.0,1.9238428501474893,3.7024389603721146,-1985.0,-310.0
M01_Feb_2021_OP14_004,M01,OP14,good,Feb,2021,66560,0,-3.5998046875,404.4658994737397,404.48191854629226,2231.0,5.515697730119093,8.687023140496331,-1994.0,2231.0,32.872506009615385,164.96903865645317,168.2123222792746,2024.0,12.032412207232078,11.580268477399315,-1778.0,2024.0,-1013.5550480769231,208.01905583070896,1034.6814790412136,2057.0,1.9880514357965668,3.729031668069997,-2057.0,-130.0
M01_Feb_2021_OP14_005,M01,OP14,good,Feb,2021,70656,0,-5.585272305253623,393.42071196660874,393.46035616188465,1909.0,4.851822985730649,9.085682165897856,-1844.0,1909.0,29.935900701992754,141.48745244815893,144.6196990423836,1920.0,13.276199665145942,15.401380006288425,-1920.0,1912.0,-1013.4345703125,146.958657542523,1024.0344112046148,1801.0,1.7587299609213405,4.839779017714807,-1801.0,-359.0
M01_Feb_2021_OP14_006,M01,OP14,good,Feb,2021,70656,0,-3.4618291440217392,401.1782135152419,401.19314956801475,2018.0,5.029996155649427,8.789229894156085,-1961.0,2018.0,34.052168251811594,165.0425836825435,168.51885529892212,2143.0,12.716677882713503,11.839354482309473,-1856.0,2143.0,-1013.0210597826087,198.95736438877813,1032.3738181529056,1918.0,1.857854167041578,3.8642624159813352,-1918.0,-230.0
M01_Feb_2021_OP14_007,M01,OP14,good,Feb,2021,66560,0,-3.1180739182692307,405.2642957193144,405.2762906583998,2106.0,5.1964549827937265,8.57571471432724,-1955.0,2106.0,34.726727764423075,163.40507392938258,167.05437380413403,2205.0,13.199295234169043,13.139186482487236,-1891.0,2205.0,-1013.157647235577,202.3576400714978,1033.168443501463,1971.0,1.907723771856771,3.642314596757842,-1971.0,-191.0
M01_Feb_2021_OP14_008,M01,OP14,good,Feb,2021,66560,0,-2.731129807692308,406.27186620700144,406.28104600306693,2297.0,5.653721783473651,8.606459718313078,-2012.0,2297.0,35.589453125,165.66987043664338,169.4494471641344,2178.0,12.85339100510795,11.511796629770158,-1895.0,2178.0,-1013.1748046875,203.19631688671436,1033.3498575264236,2047.0,1.980936064480617,3.6731233189033903,-2047.0,-167.0
M01_Feb_2021_OP14_009,M01,OP14,good,Feb,2021,67584,0,-3.058963660037879,402.0537309405024,402.0653675981697,2291.0,5.698078433578643,8.762572294860725,-1950.0,2291.0,35.25909978693182,166.2821361868495,169.9792720676459,2149.0,12.642717984724467,11.895409254391739,-1926.0,2149.0,-1012.9084842566288,196.02291802089974,1031.7017892145432,1967.0,1.9065586786444555,3.677493008516191,-1967.0,-220.0
M01_Feb_2021_OP14_010,M01,OP14,good,Feb,2021,70656,0,-4.536430027173913,394.19813931422243,394.22424105600936,1975.0,5.0098390568514075,9.01863783680799,-1918.0,1975.0,32.73444576539855,147.5925766306945,151.17907466331195,2315.0,15.312965800033455,21.41779734409176,-2315.0,2305.0,-1013.2052055027174,149.78348521793203,1024.2167157891117,1805.0,1.7623223407453674,4.8089100554881234,-1805.0,-458.0
M02_Feb_2021_OP00_000,M02,OP00,bad,Feb,2021,260000,1,-4.8788846153846155,497.7595957351784,497.78350581506663,2564.0,5.150833585379105,6.480246521669166,-2564.0,2256.0,-2.37645,313.2068787632677,313.215894263415,1963.0,6.267242614288004,3.5525704062734182,-1963.0,1903.0,-1028.5442076923077,676.8955627542916,1231.2963859501278,3253.0,2.6419309250955267,2.079497250747081,-3253.0,1098.0
M02_Aug_2019_OP00_000,M02,OP00,good,Aug,2019,268288,0,2.4958850190839694,468.75301774417073,468.75966239246236,2315.0,4.938564867515838,7.290422678040686,-2125.0,2315.0,5.389536617366412,126.6821484126912,126.79674219555113,1321.0,10.418248743037102,8.46420506679207,-1005.0,1321.0,-1031.6511547292462,145.9736985340106,1041.9272650803823,2295.0,2.202648953449688,7.5458723951116955,-2295.0,68.0
M02_Aug_2019_OP00_001,M02,OP00,good,Aug,2019,268288,0,2.49112148139313,468.86196278499847,468.8685805562539,2174.0,4.636693713664544,7.320835090233862,-2098.0,2174.0,5.436355707299619,126.36449587799535,126.48138116685867,1147.0,9.068528422272978,8.711512340715027,-1147.0,1138.0,-1031.7372226860687,145.47623124891786,1041.9429113604792,2365.0,2.269798061116407,7.790386772439342,-2365.0,76.0
M02_Aug_2019_OP00_002,M02,OP00,good,Aug,2019,269312,0,2.460781547053232,466.9855006980008,466.9919842009976,2199.0,4.708860268260045,7.289496373850366,-2199.0,2108.0,5.254277566539924,122.83019715757976,122.94252627352408,1169.0,9.508508043825243,8.482056141812572,-1122.0,1169.0,-1032.0970175855514,150.51030545908492,1043.0137131209622,2451.0,2.349921165145552,7.998426890565042,-2451.0,126.0
M02_Aug_2019_OP00_003,M02,OP00,good,Aug,2019,267264,0,2.3458303400383143,469.4446679666333,469.4505290254628,2315.0,4.93129703103271,7.272193188340031,-2221.0,2315.0,4.488962224616858,126.76105341763402,126.84051184618541,1227.0,9.673565504749268,8.263580737027219,-1227.0,1173.0,-1032.0980827945402,150.32307068748577,1042.9877650716141,2504.0,2.400795180783419,8.228272242556086,-2504.0,138.0
M02_Aug_2019_OP00_004,M02,OP00,good,Aug,2019,263168,0,2.2291540004863815,470.24559268450133,470.250876199881,2199.0,4.676227331611203,7.218278739858688,-2020.0,2199.0,4.7952258633268485,126.13759317568301,126.22870752421747,1130.0,8.952004834424887,8.070353005947094,-1130.0,1050.0,-1032.1652822531614,150.09803203783073,1043.0218545698733,2434.0,2.3336040269297573,8.207171223164595,-2434.0,74.0
M02_Aug_2019_OP00_005,M02,OP00,good,Aug,2019,267264,0,2.5080444803639845,470.01557268854947,470.02226421400576,2309.0,4.912533247464825,7.282225045436043,-2309.0,2151.0,5.161742696360153,126.39803813248932,126.50338980203516,1208.0,9.549151227412928,8.588936166471743,-1042.0,1208.0,-1031.806737907088,148.2862174696827,1042.4077641124575,2332.0,2.2371283870717775,7.351186306657382,-2332.0,105.0
M02_Aug_2019_OP00_006,M02,OP00,good,Aug,2019,268288,0,2.55416940004771,468.7159008460703,468.7228600007337,2422.0,5.167232509197885,7.296757856467314,-2133.0,2422.0,5.39568672471374,125.59622315007564,125.71207064078949,1214.0,9.656988337014125,8.464554759389364,-1196.0,1214.0,-1031.4099251550572,147.29769710127388,1041.8747742793753,2301.0,2.2085187748129456,7.3015482095074695,-2301.0,68.0
M02_Aug_2019_OP00_007,M02,OP00,good,Aug,2019,268288,0,2.1202513716603053,468.34408219956595,468.34888149458925,2168.0,4.629027815933935,7.2809511482144735,-2098.0,2168.0,4.606117306774809,125.81823665631777,125.90252178550257,1069.0,8.490695697273104,8.253312364683635,-1028.0,1069.0,-1031.9263478053435,149.52316644708222,1042.7028170093513,2418.0,2.318973307212533,8.924481478628019,-2418.0,150.0
M02_Aug_2019_OP00_008,M02,OP00,good,Aug,2019,268288,0,2.246022930582061,468.3063176394743,468.3117036334336,2172.0,4.637936620307298,7.267829953179745,-2045.0,2172.0,4.58478202528626,126.57741600487417,126.66042187159476,1282.0,10.121551634334995,8.242888778171046,-1282.0,1071.0,-1031.731009213979,148.83745946366304,1042.4113701957078,2443.0,2.343604521064787,9.089592223146017,-2443.0,109.0
M02_Aug_2019_OP00_009,M02,OP00,good,Aug,2019,268288,0,2.2917424558683206,468.35038235516885,468.3559893240577,2211.0,4.720768070439255,7.270713656954598,-2076.0,2211.0,4.591010406727099,126.58242786460431,126.66565604240336,1182.0,9.331653401015872,8.142504029819582,-1182.0,1100.0,-1031.8649063692749,147.91157984317127,1042.4121164147004,2527.0,2.424185176100437,9.145662783076014,-2527.0,54.0
M02_Aug_2021_OP00_000,M02,OP00,good,Aug,2021,270336,0,-1.7181729403409092,467.23130569940207,467.23446485016603,2096.0,4.485970444565023,6.868782240553072,-2096.0,2016.0,-0.8954042376893939,164.11109753778976,164.11354022080818,1210.0,7.372944355304222,4.933317414169232,-1138.0,1210.0,-1033.291855320786,292.00312871215345,1073.7587650165929,2053.0,1.9119750794008883,2.2378341887048996,-2053.0,76.0
M02_Aug_2021_OP00_001,M02,OP00,good,Aug,2021,270336,0,-1.858035925662879,467.05631728360714,467.060013073295,2141.0,4.583993362891497,6.869187426710951,-2141.0,1957.0,-0.32288707386363635,166.09432076243343,166.09463460809502,1286.0,7.742574003274418,4.8866767310141075,-1259.0,1286.0,-1032.4942737926137,295.03458475645556,1073.8202045114213,2121.0,1.9751909966762418,2.208923307021983,-2121.0,111.0
M02_Aug_2021_OP00_002,M02,OP00,good,Aug,2021,268288,0,-1.6651471552958015,468.9584200011539,468.96137624012005,2160.0,4.6059230235925135,6.828362091269901,-2160.0,2020.0,-0.7239533635496184,162.217519932061,162.21913537367038,1311.0,8.081660631343663,5.067962456925561,-1243.0,1311.0,-1032.4712547709923,291.1980553497157,1072.7502968388512,2041.0,1.9025862831400357,2.2061371759008837,-2041.0,152.0
M02_Aug_2021_OP00_003,M02,OP00,good,Aug,2021,317440,0,1.1377772177419354,417.04783960258834,417.04939162428167,2121.0,5.085728555410054,8.64380346404273,-2121.0,1953.0,0.6141727570564516,172.78748291362982,172.78857444809083,1290.0,7.4657714152711065,3.4931396921431976,-1290.0,1253.0,-1032.4066122731854,106.19912597742778,1037.8543575202473,1729.0,1.6659370242768088,6.957748489703399,-1729.0,-378.0
M02_Feb_2020_OP00_000,M02,OP00,good,Feb,2020,268288,0,2.4730998031965647,466.94679788992784,466.95334700834263,2242.0,4.801336181363626,7.111648656211316,-2133.0,2242.0,6.5272468392175576,154.49724370954914,154.6350647982142,1325.0,8.568561094011983,8.190261637865548,-1325.0,1249.0,-1031.150129711355,277.93660292348255,1067.9510032058538,2037.0,1.907390876440196,2.3241865087476907,-2037.0,105.0
M02_Feb_2020_OP00_001,M02,OP00,good,Feb,2020,269312,0,2.4890498752376424,466.36743367078464,466.37407577818374,2434.0,5.218986488343439,7.130028066378503,-2434.0,2166.0,6.6832187202946765,152.96061644125504,153.10654980944494,1229.0,8.027089641361538,8.245689412544948,-1229.0,1212.0,-1031.3269107949145,270.42102356412545,1066.1907554069537,2020.0,1.8945953055360973,2.3492992504529964,-2020.0,-23.0
M02_Feb_2020_OP00_002,M02,OP00,good,Feb,2020,265216,0,2.220967060810811,467.33679130459143,467.3420687264913,2141.0,4.5812267785655,7.089390929809262,-2123.0,2141.0,4.306546362210424,176.1274267741741,176.1800692577396,1350.0,7.662614765039289,6.32433623479542,-1350.0,1274.0,-1031.4670344172298,294.1327181489682,1072.5848679592561,2289.0,2.1340968611231155,2.228584060501115,-2289.0,74.0
M02_Feb_2020_OP00_003,M02,OP00,good,Feb,2020,268288,0,2.397330480677481,467.14699947621733,467.15315081145127,2155.0,4.613048196842376,7.100366427606425,-2155.0,2078.0,4.938666656727099,166.22791150326694,166.30125973991963,1426.0,8.574799747338878,7.21262808480302,-1358.0,1426.0,-1031.6241203482825,288.56701088010794,1071.2232472517799,2153.0,2.009851826426952,2.2662283494430038,-2153.0,70.0
M02_Feb_2020_OP00_004,M02,OP00,good,Feb,2020,269312,0,2.4010032972908744,466.32548746201627,466.33166852951416,2293.0,4.917101185151177,7.1356994134063925,-2293.0,2131.0,4.826895942252852,177.37887126958316,177.44453470678857,1362.0,7.675637923988951,6.267562496362197,-1307.0,1362.0,-1031.5280826699145,299.27509573700036,1074.065067053696,2141.0,1.9933615436102479,2.263203146008834,-2141.0,81.0
M02_Feb_2020_OP00_005,M02,OP00,good,Feb,2020,268288,0,1.7730945849236641,467.02910019493396,467.0324659949207,2119.0,4.537157808688712,7.07956074503259,-2088.0,2119.0,5.2509765625,167.69581774176424,167.77800822199234,1303.0,7.766214498600793,6.804556184144229,-1270.0,1303.0,-1031.476230766937,281.00212757508086,1069.067542458796,2100.0,1.9643286477205328,2.3128083910502,-2100.0,130.0
M02_Feb_2021_OP00_000,M02,OP00,good,Feb,2021,273408,0,-0.9949818586142322,462.9560661711726,462.95713537387684,2127.0,4.594377832155603,7.064006581344507,-2127.0,2074.0,-0.934113120318352,152.8959230930986,152.89877653471353,1393.0,9.110602658640232,5.720156800846582,-1393.0,1120.0,-1033.1130581402153,221.98393106773426,1056.692697311812,1977.0,1.8709318281742804,2.509355988082213,-1977.0,-148.0
M02_Feb_2021_OP00_001,M02,OP00,good,Feb,2021,273408,0,-0.8190396769662921,463.7383035832713,463.739026863475,2160.0,4.65779215221389,7.079698386788017,-2160.0,2153.0,0.04408429892322097,154.50982674079782,154.5098330298003,1362.0,8.814972958629184,5.745059435299482,-1362.0,1262.0,-1032.4738193469102,220.8859155822831,1055.837475816908,1953.0,1.8497164996809303,2.5202482925489424,-1953.0,-152.0
M02_Feb_2021_OP00_002,M02,OP00,good,Feb,2021,274432,0,0.027697207322761194,462.1857895001042,462.18579033000344,2047.0,4.428954855012807,7.116402773457711,-2047.0,2018.0,2.7770923215951493,151.16686751787623,151.19237440072766,1186.0,7.844310962777578,5.916479244044964,-1173.0,1186.0,-1031.405568592584,210.1411647994874,1052.5952479785744,1893.0,1.7984120711501939,2.5276258447637057,-1893.0,-228.0
M02_Feb_2021_OP00_003,M02,OP00,good,Feb,2021,273408,0,0.2233438670411985,463.8667105631989,463.8667643313169,2127.0,4.585368393586374,7.051754305313211,-2127.0,2073.0,-0.34691376989700373,157.6716412865641,157.6720229310282,1454.0,9.221674035577227,5.4636504693023475,-1290.0,1454.0,-1032.528126463015,220.37855668027825,1055.7845614431508,1991.0,1.885801396147055,2.468049526550492,-1991.0,-179.0
M02_Feb_2021_OP00_004,M02,OP00,good,Feb,2021,272384,0,-0.5201590401785714,466.5563101368042,466.5566000968123,2149.0,4.606086377417175,6.95804521632147,-2131.0,2149.0,-0.062742304981203,156.61235134075397,156.6123639087176,1235.0,7.88571201645246,5.548040579479568,-1212.0,1235.0,-1031.978343074483,214.02120339099991,1053.9375579585762,1953.0,1.8530509566267495,2.6019311468067987,-1953.0,-162.0
M02_Feb_2021_OP00_005,M02,OP00,good,Feb,2021,273408,0,-1.161410785346442,464.75439716075886,464.75584832820846,2114.0,4.548624848088201,7.045679204308675,-2030.0,2114.0,-0.486368357911985,155.77897152101767,155.77973078140047,1212.0,7.7802162959233225,5.449580118534341,-1108.0,1212.0,-1032.9585491280432,216.3972982017723,1055.38199477049,1840.0,1.7434445623644903,2.4810821390597706,-1840.0,-95.0
M02_Aug_2019_OP01_000,M02,OP01,bad,Aug,2019,43361,1,2.573718318304467,435.30022151253206,435.3078300178409,1963.0,4.509452540560888,6.375426051619763,-1963.0,1905.0,4.182606489702728,187.6083286840543,187.65494714680943,1815.0,9.672007200428657,2.9869144306159754,-1815.0,1063.0,-1031.8457138903623,214.56745613943605,1053.9187684580156,2500.0,2.3720993256982603,5.1580362982091605,-2500.0,173.0
M02_Feb_2019_OP01_000,M02,OP01,bad,Feb,2019,46811,1,19.172950744628906,440.517333984375,440.9343566894531,1957.0,4.438302369298705,6.1697001457214355,-1741.0,1957.0,17.47315788269043,196.6885986328125,197.46319580078125,817.0,4.137479881690275,2.6755592823028564,-696.0,817.0,-1049.706298828125,187.7237548828125,1066.3599853515625,1932.0,1.8117709090172296,3.282705545425415,-1932.0,-325.0
M02_Feb_2019_OP01_001,M02,OP01,bad,Feb,2019,46511,1,18.794219970703125,441.64581298828125,442.0455017089844,1926.0,4.357017529991653,6.133986949920654,-1873.0,1926.0,17.071401596069336,199.2757110595703,200.00559997558594,995.0,4.974860704507557,2.684394598007202,-995.0,849.0,-1049.6429443359375,187.62098693847656,1066.2794189453125,1905.0,1.786586110687844,3.288214683532715,-1905.0,-314.0
M02_Aug_2019_OP01_000,M02,OP01,good,Aug,2019,54272,0,1.9082584021226414,421.3947704836842,421.3990911726391,1926.0,4.570489211641311,7.154234741175598,-1926.0,1830.0,3.497365123820755,160.9052359136071,160.9432400171653,870.0,5.405632444750154,3.4706094207799323,-870.0,759.0,-1031.8021816037735,181.9085009660609,1047.7148680275689,2582.0,2.464410956447417,7.5176231201869115,-2582.0,70.0
M02_Aug_2019_OP01_001,M02,OP01,good,Aug,2019,59392,0,2.271265490301724,416.4864162465115,416.4926092559025,1944.0,4.667549811923703,7.519153997463182,-1944.0,1903.0,4.206122036637931,155.31498323387467,155.37192629148248,1276.0,8.212551845474227,3.833699715636396,-1276.0,1186.0,-1031.7415308459051,174.51140484873576,1046.3961089828895,2416.0,2.308877087041525,7.815306738019417,-2416.0,46.0
M02_Aug_2019_OP01_002,M02,OP01,good,Aug,2019,57344,0,1.6886509486607142,421.5722221849566,421.5756042040251,2028.0,4.810525039343909,7.0946313224818836,-2028.0,1948.0,2.7585972377232144,168.70105509507596,168.72360785886434,1106.0,6.555099277661003,3.3282796487723862,-1106.0,798.0,-1032.205078125,178.48749017708462,1047.523320722146,2607.0,2.488727409145197,9.112850920201078,-2607.0,58.0
M02_Aug_2019_OP01_003,M02,OP01,good,Aug,2019,59392,0,1.8765490301724137,415.0390947562359,415.04333702920513,1944.0,4.683848231162442,7.407164041483656,-1944.0,1817.0,3.2753064385775863,162.5010930968925,162.53409762247276,880.0,5.41424853536903,3.472597366087871,-880.0,808.0,-1032.0331526131465,176.16703574583494,1046.960960387781,2711.0,2.5893993210557538,9.52499813159782,-2711.0,97.0
M02_Aug_2019_OP01_004,M02,OP01,good,Aug,2019,58368,0,1.8165604440789473,419.08526896850486,419.08920596723925,1879.0,4.483532320197442,7.274645458391391,-1846.0,1879.0,3.075743558114035,164.10160290783597,164.13042458775388,964.0,5.87337784826474,3.54336336484961,-895.0,964.0,-1032.1211794133771,178.0125889863317,1047.3598287271082,2709.0,2.586503631032268,10.254964800762083,-2709.0,115.0
M02_Aug_2019_OP01_005,M02,OP01,good,Aug,2019,58368,0,1.9586588541666667,418.2687222924682,418.27330824794564,2032.0,4.858067583876195,7.262846328652538,-1856.0,2032.0,3.656232867324561,164.7439358734659,164.78450305129041,874.0,5.303896809568076,3.406288376032178,-772.0,874.0,-1032.0484169407894,177.7781416820181,1047.248300342331,2654.0,2.5342604988066766,9.723253894842927,-2654.0,93.0
M02_Aug_2019_OP01_006,M02,OP01,good,Aug,2019,58368,0,1.8907791940789473,418.60951408151254,418.6137842039137,1973.0,4.713174946572995,7.2629780911994395,-1928.0,1973.0,3.331534402412281,166.7869316712348,166.82020170764574,886.0,5.311107353489027,3.325453695099023,-886.0,851.0,-1032.0408100328948,177.63189117048262,1047.2159864775535,2697.0,2.5753999507510463,9.765681896769342,-2697.0,56.0
M02_Aug_2019_OP01_007,M02,OP01,good,Aug,2019,58368,0,2.220737390350877,419.13629002085906,419.14217311910596,1981.0,4.726319914930315,7.285722472092774,-1981.0,1901.0,2.9479337993421053,162.27469191724114,162.30146626115499,1089.0,6.709736055296746,3.4569531790678316,-890.0,1089.0,-1032.2331757127192,176.44993299168806,1047.2057619659743,2644.0,2.5248142208807947,9.821095783821113,-2644.0,93.0
M02_Aug_2019_OP01_008,M02,OP01,good,Aug,2019,58368,0,1.7630722313596492,418.6228483581049,418.6265610196585,1953.0,4.665255819513774,7.3041756300295,-1953.0,1811.0,3.8538411458333335,164.20108756646982,164.24630665433185,1149.0,6.995591093674655,3.40909403507492,-911.0,1149.0,-1031.8728412828948,172.5689850135598,1046.203429150299,2484.0,2.3742992335796917,8.232681354482333,-2484.0,111.0
M02_Aug_2019_OP01_009,M02,OP01,good,Aug,2019,58368,0,1.9861396655701755,418.3565316388418,418.3612461923934,2008.0,4.799679746332368,7.283769694038853,-1895.0,2008.0,3.6026932565789473,163.6140022828746,163.65366217021082,874.0,5.340546544512894,3.4286211426530695,-815.0,874.0,-1031.805235745614,175.39142656841977,1046.6060371628703,2719.0,2.5979211885406657,8.875904933536491,-2719.0,87.0
M02_Aug_2019_OP01_010,M02,OP01,good,Aug,2019,59392,0,1.714001885775862,414.998113612005,415.0016531340412,1930.0,4.650583884244505,7.402239571516889,-1930.0,1871.0,3.4980132004310347,161.93905335144754,161.97682888831156,1054.0,6.507103560638098,3.438496267183473,-817.0,1054.0,-1031.6706963900863,174.81295574285937,1046.3766029903193,2373.0,2.267825936874426,8.021467833532844,-2373.0,111.0
M02_Aug_2019_OP01_011,M02,OP01,good,Aug,2019,58368,0,2.268983004385965,419.96914881222455,419.9752781271043,1922.0,4.576459853949576,7.355381907794548,-1922.0,1916.0,3.6569181743421053,159.33582737901412,159.37778683708973,944.0,5.923033684517925,3.5541606940072237,-944.0,899.0,-1031.7960354989036,176.2536230887434,1046.7418012686621,2603.0,2.486764163660166,8.25745805649892,-2603.0,-27.0
M02_Aug_2019_OP01_012,M02,OP01,good,Aug,2019,59392,0,1.915662042025862,414.8926841096465,414.8971066285786,2076.0,5.003650222748993,7.388823756764626,-1846.0,2076.0,3.3982522898706895,163.6325467953525,163.66782973253734,909.0,5.55393201880583,3.4227460442036253,-817.0,909.0,-1032.2280778556035,173.68518255655877,1046.73843311172,2600.0,2.4839061199566155,9.042296211074621,-2600.0,74.0
M02_Aug_2019_OP01_013,M02,OP01,good,Aug,2019,58368,0,1.753443667763158,419.0851228163299,419.08879098667666,1955.0,4.664882578694766,7.271201329467072,-1871.0,1955.0,3.0207305372807016,165.19919771779908,165.2268130164815,976.0,5.907031565770402,3.369976353101177,-745.0,976.0,-1032.2525870339912,177.2452618993569,1047.3591964097795,2789.0,2.6628877748535116,9.708025740584294,-2789.0,39.0
M02_Aug_2019_OP01_014,M02,OP01,good,Aug,2019,58368,0,2.2942023026315788,419.76844667912627,419.7747159984887,1940.0,4.621526561897512,7.356094755899549,-1807.0,1940.0,3.6549993146929824,158.4646836066049,158.5068294129051,903.0,5.696915415850724,3.461952510890309,-903.0,856.0,-1031.5338199013158,177.160997219224,1046.6365369773357,2551.0,2.437331308313805,7.862315514515239,-2551.0,70.0
M02_Aug_2019_OP01_015,M02,OP01,good,Aug,2019,58368,0,1.6578433388157894,418.4376181202853,418.44090228216675,1989.0,4.7533594090636,7.2868154970930545,-1795.0,1989.0,2.8020490679824563,159.88568694278905,159.9102384719219,794.0,4.9652855726271445,3.4428645254439423,-794.0,780.0,-1032.3680955317982,176.9468581012138,1047.4225867642167,2559.0,2.4431399822162243,8.761783486614553,-2559.0,140.0
M02_Aug_2019_OP01_016,M02,OP01,good,Aug,2019,58368,0,1.7674581962719298,418.6034515165169,418.60718284570373,1862.0,4.448084209501782,7.287521557977808,-1850.0,1862.0,2.8127741228070176,161.83418707094583,161.8586290661694,925.0,5.714863676633828,3.471857174424957,-925.0,808.0,-1032.370545504386,176.60051649031945,1047.3665478950868,2602.0,2.4843260511129466,8.891435153828056,-2602.0,46.0
M02_Aug_2019_OP01_017,M02,OP01,good,Aug,2019,58368,0,1.5754694353070176,418.9622236418264,418.9651858363,2149.0,5.129304468843545,7.318487654322896,-1914.0,2149.0,2.619654605263158,158.05509722816265,158.0768052247224,810.0,5.124091411440799,3.462623641099386,-743.0,810.0,-1032.458710252193,174.33996813006172,1047.0746930678883,2477.0,2.3656383029776853,8.183453757389316,-2477.0,115.0
M02_Aug_2019_OP01_018,M02,OP01,good,Aug,2019,58368,0,1.7658134594298245,418.3690109820012,418.37273745696115,1830.0,4.374089982830815,7.270627582746133,-1830.0,1809.0,2.6891276041666665,160.73281419361828,160.75530773779045,966.0,6.00913284664698,3.7140963328101653,-854.0,966.0,-1032.0212787828948,175.00260344103123,1046.753949632778,2510.0,2.397889208710947,8.022017269717512,-2510.0,68.0
M02_Aug_2019_OP01_019,M02,OP01,good,Aug,2019,57344,0,1.6536690848214286,422.64554729377204,422.6487824053137,1889.0,4.469432016932863,7.181265760584629,-1889.0,1881.0,2.2284458705357144,161.88605688239696,161.90139401477856,964.0,5.954241505246118,3.409998392102525,-964.0,833.0,-1031.6639404296875,176.15608689530268,1046.5951714646762,2512.0,2.400163949241746,8.44408740257303,-2512.0,122.0
M02_Aug_2019_OP01_020,M02,OP01,good,Aug,2019,59392,0,2.2833041487068964,415.29411586547644,415.3003926681545,1926.0,4.637606980398329,7.442876610080134,-1926.0,1809.0,3.6359779094827585,161.5901024953193,161.63100432715882,1134.0,7.015980657427953,3.6402475028449968,-1134.0,1018.0,-1031.8868366109914,174.35610444974716,1046.5134947672343,2482.0,2.37168465806745,8.753876213645173,-2482.0,33.0
M02_Aug_2020_OP01_000,M02,OP01,good,Aug,2020,65536,0,0.3902435302734375,427.51668012809256,427.5168582380802,2170.0,5.075823229388411,7.316272935421175,-2170.0,2086.0,5.2653045654296875,277.5274831589324,277.5774258485337,1465.0,5.277806707521705,3.2395367216779736,-1465.0,1344.0,-1031.4060974121094,338.33023164354364,1085.4795637978873,2580.0,2.3768296392177746,4.295147058827699,-2580.0,681.0
M02_Aug_2020_OP01_001,M02,OP01,good,Aug,2020,64512,0,0.47367931547619047,429.8818347573488,429.8820957267684,2197.0,5.110703660001708,7.253168553898305,-2197.0,2108.0,4.4831039186507935,284.30559635110274,284.34094031162937,1292.0,4.543840920635649,3.067276141113075,-1292.0,1245.0,-1031.2789713541667,344.8900226197292,1087.4214658815345,2672.0,2.4571889408435608,4.379495864115816,-2672.0,587.0
M02_Aug_2020_OP01_002,M02,OP01,good,Aug,2020,64512,0,-0.8814174107142857,426.59985952674543,426.6007700941137,2135.0,5.004679198138791,7.308368979998491,-2135.0,2090.0,1.9947606646825398,290.2058000412109,290.2126555608295,1514.0,5.216864154577369,3.167804055326142,-1354.0,1514.0,-1032.5294363839287,342.2946335176574,1087.7879633155997,2603.0,2.3929295853449264,4.272858380054857,-2603.0,628.0
M02_Aug_2020_OP01_003,M02,OP01,good,Aug,2020,60416,0,-1.5074318061440677,429.2498258755079,429.2524727532784,2252.0,5.246329707911508,7.160394090042165,-2225.0,2252.0,2.2527145127118646,299.8200727638014,299.82853559120576,1342.0,4.475891520311191,2.9608396579786427,-1327.0,1342.0,-1032.8514631885594,372.5775733764823,1097.9964449823397,2740.0,2.4954543455230134,4.5043788817091,-2740.0,905.0
M02_Aug_2020_OP01_004,M02,OP01,good,Aug,2020,58368,0,-2.147375274122807,505.4803682549546,505.4849294605453,2619.0,5.181163368797173,5.25629797663096,-2619.0,2580.0,-2.135690789473684,378.1886716756442,378.194701918121,1592.0,4.20947197812588,2.89606498512184,-1504.0,1592.0,-1033.521724232456,292.87745084576414,1074.2180205499915,2114.0,1.967943154516853,3.3380428870350842,-2114.0,236.0
M02_Aug_2021_OP01_000,M02,OP01,good,Aug,2021,60416,0,-0.535404528601695,408.07414268738825,408.07449391999023,2002.0,4.905966998252347,7.411854382404434,-1850.0,2002.0,-0.5598020391949152,122.63281278666092,122.63409048992581,1052.0,8.578365084270104,5.772719301948134,-862.0,1052.0,-1033.4877184851696,185.46001105162895,1049.9963237835414,1830.0,1.7428632448976629,3.4999260418471962,-1830.0,-314.0
M02_Aug_2021_OP01_001,M02,OP01,good,Aug,2021,60416,0,-0.4641154661016949,407.9573339353169,407.9575979373071,1899.0,4.654895532284776,7.395002495852089,-1758.0,1899.0,0.6641452595338984,122.38003493381414,122.38183704834361,819.0,6.692169522479682,5.828442615504427,-790.0,819.0,-1032.7061374470338,187.12372762237152,1049.5223941203274,1827.0,1.7407918213420561,3.4817343388972684,-1827.0,-345.0
M02_Aug_2021_OP01_002,M02,OP01,good,Aug,2021,59392,0,-0.5048659752155172,411.1356117567644,411.135921739103,1774.0,4.314874731684812,7.2446226815892585,-1756.0,1774.0,0.8770036368534483,121.88229479933932,121.88544999683971,954.0,7.827021191001351,6.0702839917058,-954.0,901.0,-1032.4876245959051,186.87871749596778,1049.2637180407185,1754.0,1.67164838528414,3.459269229707778,-1754.0,-335.0
M02_Aug_2021_OP01_003,M02,OP01,good,Aug,2021,59392,0,-0.20098666487068967,411.32240491819175,411.3224540227829,1897.0,4.611953423517517,7.263700406041552,-1877.0,1897.0,2.536486395474138,123.70835101488778,123.73435203716514,839.0,6.780655381360837,5.861065095685118,-839.0,669.0,-1032.8512257543102,185.44650914959612,1049.3674581851453,1803.0,1.7181779232207592,3.4566879753482267,-1803.0,-390.0
M02_Feb_2019_OP01_000,M02,OP01,good,Feb,2019,58800,0,17.175561904907227,413.7491760253906,414.10552978515625,1944.0,4.69445554375614,7.328841209411621,-1905.0,1944.0,15.193350791931152,136.66070556640625,137.50267028808594,944.0,6.865321219014856,4.223011016845703,-878.0,944.0,-1049.5245361328125,162.3083953857422,1062.000732421875,1844.0,1.7363453185147892,3.802415609359741,-1844.0,-347.0
M02_Feb_2019_OP01_001,M02,OP01,good,Feb,2019,60000,0,16.680334091186523,408.5675964355469,408.907958984375,2084.0,5.096501435619238,7.448233127593994,-2084.0,1834.0,15.28320026397705,136.95462036132812,137.8047332763672,1108.0,8.040362429191076,4.254814624786377,-1108.0,909.0,-1049.3726806640625,160.52940368652344,1061.5802001953125,1897.0,1.786958724033271,3.862051248550415,-1897.0,-343.0
M02_Feb_2019_OP01_002,M02,OP01,good,Feb,2019,60000,0,16.896432876586914,409.0592041015625,409.4079895019531,1887.0,4.609094224798947,7.48061990737915,-1887.0,1801.0,15.539032936096191,135.3690948486328,136.25804138183594,782.0,5.739110822887885,4.027008533477783,-782.0,769.0,-1049.28466796875,157.99734497070312,1061.11328125,1860.0,1.7528759962450993,3.9834115505218506,-1860.0,-339.0
M02_Feb_2020_OP01_000,M02,OP01,good,Feb,2020,54272,0,1.8699329304245282,420.3194240604312,420.32358355397673,1899.0,4.517947777146642,6.947810754236746,-1770.0,1899.0,5.431530070754717,250.22816223001888,250.28710452582683,1378.0,5.50567718065477,2.784614725536079,-1378.0,1274.0,-1031.2106611143868,210.47090570149226,1052.4701562242878,1711.0,1.6256993035680676,3.0933473842224544,-1711.0,-136.0
M02_Feb_2020_OP01_001,M02,OP01,good,Feb,2020,58368,0,2.1026418585526314,418.55508793677024,418.56036929043194,1850.0,4.419912002505704,7.123771641979225,-1842.0,1850.0,5.701189007675438,264.59730384178266,264.65871751454154,1229.0,4.643716298264286,2.7390940715215093,-1229.0,1155.0,-1031.2703022203948,212.60835402020834,1052.9580943422802,1729.0,1.6420406560244,3.252240473846878,-1729.0,-138.0
M02_Feb_2020_OP01_002,M02,OP01,good,Feb,2020,58368,0,2.175267269736842,419.4447547563603,419.4503952558848,1924.0,4.586954790747707,7.140451393095315,-1854.0,1924.0,5.1649020010964914,274.1454244450283,274.19407352608056,1116.0,4.070109851932482,2.6479567698912323,-1116.0,1098.0,-1031.462068256579,218.70248575529925,1054.3930839718585,1784.0,1.6919686093536768,3.198942034150599,-1784.0,-179.0
M02_Feb_2020_OP01_003,M02,OP01,good,Feb,2020,54272,0,1.6898032134433962,421.00824375672255,421.0116349295113,1885.0,4.477310942524427,6.96173779996841,-1885.0,1821.0,4.725401680424528,279.1684044784776,279.2083943582289,1280.0,4.584389387511535,2.543845088136439,-1192.0,1280.0,-1031.4746830778302,225.01571040599222,1055.732964229129,1827.0,1.7305512491352695,3.0310887157333157,-1827.0,-255.0
M02_Feb_2020_OP01_004,M02,OP01,good,Feb,2020,58368,0,2.1001918859649122,419.8930437333725,419.8982959975353,1916.0,4.563009705596058,7.099501020601603,-1916.0,1881.0,5.229920504385965,278.41187589044364,278.4609931486239,1196.0,4.295036035304431,2.639422841665802,-1173.0,1196.0,-1031.519377055921,218.63709900097604,1054.4355866061228,1760.0,1.6691394167232674,3.2755735785337383,-1760.0,13.0
M02_Feb_2020_OP01_005,M02,OP01,good,Feb,2020,58368,0,2.1028474506578947,418.31721522168846,418.3225006119431,1926.0,4.604103286776472,7.121489987447328,-1918.0,1926.0,5.609529194078948,276.2598936027243,276.3168392102945,1298.0,4.697505963478904,2.6159740445936563,-1298.0,1241.0,-1031.5634251644738,215.52064707283543,1053.8369178633639,1801.0,1.7089930799269173,3.2099421132743284,-1801.0,-240.0
M02_Feb_2021_OP01_000,M02,OP01,good,Feb,2021,63488,0,-1.3172725554435485,402.2918630451958,402.2940196912699,1928.0,4.792514692312835,7.669669888451388,-1928.0,1916.0,-0.5875598538306451,138.73628789991395,138.73753207704698,884.0,6.3717437290802925,4.664918924052514,-884.0,868.0,-1033.0046938004032,165.2335255116789,1046.1361361537433,1836.0,1.755029710330335,3.8240408072835104,-1836.0,-169.0
M02_Feb_2021_OP01_001,M02,OP01,good,Feb,2021,62464,0,-1.328429175204918,405.946230165124,405.94840375268063,1901.0,4.682861128228902,7.521927355117605,-1901.0,1834.0,0.7129546618852459,142.8391647272339,142.84094400529483,1108.0,7.7568795678004525,4.668600516306166,-1108.0,810.0,-1032.5390945184427,167.18933326572568,1045.9872154413758,1791.0,1.7122580214751961,3.713485416173217,-1791.0,-349.0
M02_Feb_2021_OP01_002,M02,OP01,good,Feb,2021,58368,0,-0.49936609100877194,407.4943470603136,407.49465303560015,1875.0,4.601287369128236,7.330512585146137,-1827.0,1875.0,3.3283648574561404,143.78046412506944,143.81898301908805,1007.0,7.001857326903418,4.746584162303688,-827.0,1007.0,-1032.1561643366229,183.41013515861283,1048.3251524488908,1690.0,1.612095251222538,3.3546863606265007,-1690.0,-347.0
M02_Feb_2021_OP01_003,M02,OP01,good,Feb,2021,66560,0,0.6830679086538461,391.88607274331565,391.8866680456827,1883.0,4.804960600957459,8.128669669950618,-1842.0,1883.0,3.044005408653846,146.57078622365756,146.60239201032513,1565.0,10.675132776072152,5.0029004200889355,-1067.0,1565.0,-1031.4172475961539,173.12228485616316,1045.84552595144,1741.0,1.6646817878922942,3.7552857134906374,-1741.0,-345.0
M02_Feb_2021_OP01_004,M02,OP01,good,Feb,2021,62464,0,0.9851114241803278,403.91281983181483,403.9140211344565,1952.0,4.832711661054743,7.663380912194922,-1952.0,1842.0,3.699154713114754,145.35445193134936,145.40151457895652,1255.0,8.631271851838275,4.80426869080903,-1227.0,1255.0,-1031.6209496670083,178.59231123051046,1046.9656142503036,1704.0,1.627560615942651,3.5445968177487095,-1704.0,-324.0
M02_Feb_2021_OP01_005,M02,OP01,good,Feb,2021,64512,0,-0.20397755456349206,397.9793046416398,397.97935691425744,1955.0,4.912315088797921,7.8379000046740375,-1897.0,1955.0,1.1008184523809523,140.66137846682466,140.6656859132759,1100.0,7.8199597354409445,4.955703428460689,-1011.0,1100.0,-1032.7149832589287,163.14052868435448,1045.5214339012375,1727.0,1.6518073604248429,3.840878834777652,-1727.0,-329.0
M02_Feb_2021_OP01_006,M02,OP01,good,Feb,2021,58368,0,-1.7674410635964912,408.8209538676075,408.82477440724375,1854.0,4.534950218435563,7.289191786164869,-1844.0,1854.0,0.7281558388157895,140.71539003175243,140.71727400256805,1358.0,9.650556476635675,5.28854075595743,-1225.0,1358.0,-1032.1812294407894,173.440890147589,1046.6517246845235,1764.0,1.6853743785036956,3.481055241470101,-1764.0,-275.0
M02_Feb_2021_OP01_007,M02,OP01,good,Feb,2021,63488,0,-0.6493983114919355,411.4050090212632,411.4055215550134,1983.0,4.820061705795147,7.326031654129402,-1920.0,1983.0,1.0897177419354838,148.12671577157562,148.13072405827984,1149.0,7.756662281269502,4.317238077172507,-1149.0,901.0,-1032.8306766633063,171.70941142595763,1047.006842684914,1741.0,1.6628353598295784,3.684914635931039,-1741.0,-296.0
M02_Feb_2021_OP01_008,M02,OP01,good,Feb,2021,63488,0,-0.43674395161290325,405.85874494393084,405.8589799335995,1916.0,4.720851563549159,7.604493522425299,-1901.0,1916.0,0.3346616683467742,143.35319380756337,143.3535844451093,1171.0,8.168613324408229,5.3833645921954005,-1171.0,1087.0,-1033.0250598538307,169.6361631453509,1046.8606412186325,1676.0,1.600977182644862,3.6357162393911575,-1676.0,-187.0
M02_Feb_2021_OP01_009,M02,OP01,good,Feb,2021,63488,0,-0.3489635836693548,401.4715399936789,401.4716916551886,2067.0,5.148557278044105,7.768307044897626,-1977.0,2067.0,3.131709929435484,142.72106103825607,142.75541625790504,1397.0,9.785968453036832,5.341008040537968,-1190.0,1397.0,-1032.2132371471773,165.48856642870751,1045.3949648627947,1743.0,1.667312411657506,3.6969301755716084,-1743.0,-398.0
M02_Feb_2021_OP01_010,M02,OP01,good,Feb,2021,60416,0,-1.2206534692796611,400.54004471591134,400.54190469402363,1918.0,4.788512706217772,7.607042751029198,-1883.0,1918.0,1.9464049258474576,140.60513668914487,140.61860814098705,1274.0,9.05996736024198,5.022966918621491,-1216.0,1274.0,-1032.0442763506355,178.10929562799802,1047.3004867454272,1706.0,1.628949877891813,3.455010554416327,-1706.0,-320.0
M02_Feb_2021_OP01_011,M02,OP01,good,Feb,2021,60416,0,-0.7935480667372882,401.8273564722931,401.8281400400494,1959.0,4.875218544437307,7.568857687839336,-1897.0,1959.0,3.1835606461864407,134.0939341229565,134.1317196898621,1465.0,10.922099585298369,5.66989615264983,-895.0,1465.0,-1032.417737023305,178.3035401472502,1047.7015491777056,1723.0,1.6445523072408417,3.4464291602527237,-1723.0,-333.0
M02_Feb_2019_OP02_000,M02,OP02,bad,Feb,2019,72381,1,24.799726486206055,413.3887023925781,414.1319274902344,2158.0,5.210899852803278,8.034415245056152,-2158.0,2032.0,17.27435302734375,378.1748046875,378.56915283203125,1735.0,4.583046418390588,3.0146002769470215,-1678.0,1735.0,-1048.9063720703125,271.5124816894531,1083.4776611328125,2022.0,1.8662129110127943,2.536620855331421,-2022.0,27.0
M02_Feb_2019_OP02_001,M02,OP02,bad,Feb,2019,75741,1,23.962913513183594,412.30328369140625,412.9990539550781,2139.0,5.179188619237513,8.055398941040039,-2137.0,2139.0,16.94184112548828,377.0794677734375,377.4598388671875,1891.0,5.009804501785327,3.0462286472320557,-1891.0,1731.0,-1049.2144775390625,262.41058349609375,1081.531494140625,2067.0,1.9111787416254755,2.556431293487549,-2067.0,91.0
M02_Aug_2019_OP02_000,M02,OP02,good,Aug,2019,88064,0,1.835948855377907,382.9265388243607,382.93094004559646,2098.0,5.47879468749688,10.421189686299732,-2088.0,2098.0,4.20826898619186,152.26308326234656,152.32122653266822,1395.0,9.158277094760757,5.531153966603482,-1395.0,1159.0,-1031.519417696221,171.50110689071622,1045.6791758226284,2322.0,2.2205663588674787,5.4649443677448275,-2322.0,72.0
M02_Aug_2019_OP02_001,M02,OP02,good,Aug,2019,88064,0,1.6835029069767442,382.4284031869845,382.43210867575516,2115.0,5.530393374456959,10.464687463488993,-2028.0,2115.0,3.8082530886627906,149.35121776604947,149.3997625158395,1104.0,7.38956997928931,5.428821892693413,-1104.0,948.0,-1031.5308071402617,169.70339295099978,1045.3970765496338,2276.0,2.1771631574788883,5.496890233195189,-2276.0,50.0
M02_Aug_2019_OP02_002,M02,OP02,good,Aug,2019,88064,0,1.4401798691860466,386.95129995319706,386.9539800202664,2096.0,5.416664792775161,9.803459941648368,-2096.0,2037.0,3.2628429324127906,208.15666293165037,208.18223379251722,1214.0,5.831429406266825,4.960217995829841,-1214.0,1204.0,-1031.9154819222383,179.02812486908314,1047.330239859876,2539.0,2.424259229199471,5.92253510767614,-2539.0,119.0
M02_Aug_2019_OP02_003,M02,OP02,good,Aug,2019,83968,0,1.0685380144817074,385.5378241867649,385.5393049380999,1950.0,5.05785006878373,9.914615217476745,-1870.0,1950.0,3.021508193597561,207.28759012876654,207.30961032512576,1292.0,6.23222434297061,4.88640777396127,-1292.0,1100.0,-1031.7730325838415,187.13193639613388,1048.605718269085,2650.0,2.527165314694553,5.687739054230186,-2650.0,111.0
M02_Aug_2019_OP02_004,M02,OP02,good,Aug,2019,88064,0,1.316451671511628,385.5304041011918,385.5326517059634,1983.0,5.143533216253722,9.977761359645719,-1928.0,1983.0,3.459381813226744,199.06036872024364,199.09042598168563,1083.0,5.43973922733796,4.693968215721734,-1083.0,1013.0,-1031.8422738008721,181.38984490749155,1047.6644280675553,2596.0,2.4778926633868736,5.739909657211798,-2596.0,68.0
M02_Aug_2019_OP02_005,M02,OP02,good,Aug,2019,83968,0,1.0127667682926829,381.6943106199604,381.695654227519,2026.0,5.307893809009293,10.482992132506926,-1926.0,2026.0,3.2202743902439024,148.10004251180308,148.1350490570896,1005.0,6.784349864512376,4.6815888243101185,-851.0,1005.0,-1031.9532917301829,173.48126551774794,1046.4336318173262,2477.0,2.367087529190198,6.702016430088894,-2477.0,121.0
M02_Aug_2019_OP02_006,M02,OP02,good,Aug,2019,88064,0,1.2782181140988371,383.37265650316294,383.3747873763211,2010.0,5.242911287295954,10.364235830880132,-2010.0,1981.0,3.5938976199127906,152.07286738424173,152.11532826959808,1139.0,7.48773981528883,4.781014913865181,-921.0,1139.0,-1031.8353470203488,174.3020550041703,1046.4537207823769,2531.0,2.4186449431396815,6.4624395738254234,-2531.0,103.0
M02_Aug_2019_OP02_007,M02,OP02,good,Aug,2019,88064,0,1.4134720203488371,383.12900051997485,383.13160786156396,2041.0,5.327151188051991,10.417122509176087,-2041.0,2018.0,3.711789153343023,150.21428167083047,150.2601337567702,1190.0,7.919598966458279,4.96725293557652,-995.0,1190.0,-1031.906000181686,175.3965548853027,1046.706236093298,2521.0,2.408507672037306,6.219808121997202,-2521.0,132.0
M02_Aug_2019_OP02_008,M02,OP02,good,Aug,2019,88064,0,0.9666719658430233,391.17269335464135,391.17388778011986,2112.0,5.399133393042744,9.540426164793756,-1979.0,2112.0,4.208246275436046,207.89789363859484,207.9404807056077,1280.0,6.155607583749714,4.956730938992198,-1280.0,1087.0,-1031.5994390443313,183.18899746912803,1047.7383315648633,2514.0,2.399454066212489,5.776903918248818,-2514.0,111.0
M02_Aug_2019_OP02_009,M02,OP02,good,Aug,2019,89088,0,1.2887931034482758,388.61067143141514,388.6128085100114,2061.0,5.303479336932109,9.637673987546007,-1971.0,2061.0,4.031294899425287,207.21735394208665,207.2565634987856,2053.0,9.905597030764381,5.341152264988852,-2053.0,1992.0,-1031.517331178161,181.79890739836546,1047.4153174611088,2607.0,2.488984031968579,5.8594053056401965,-2607.0,87.0
M02_Aug_2019_OP02_010,M02,OP02,good,Aug,2019,87040,0,1.0913143382352941,392.2852599658924,392.28677794885294,1973.0,5.0294838136432,9.517746138153417,-1940.0,1973.0,3.8217601102941177,203.69290387717663,203.72875334683945,1229.0,6.032530901063731,4.933327749267162,-1229.0,1120.0,-1031.458145680147,183.79801004466202,1047.7058818133576,2572.0,2.4548874303811403,5.6754937716610705,-2572.0,167.0
M02_Aug_2019_OP02_011,M02,OP02,good,Aug,2019,88064,0,1.8371184593023255,382.47017521559906,382.47458730441764,2127.0,5.561153787995559,10.44210323331383,-2047.0,2127.0,4.044569858284884,151.5135469246891,151.5675210823167,1307.0,8.623219477807288,5.178734883426148,-1307.0,1141.0,-1031.6053324854652,170.27413421803448,1045.5634092660991,2377.0,2.2734154417936847,5.76799832643495,-2377.0,29.0
M02_Aug_2019_OP02_012,M02,OP02,good,Aug,2019,83968,0,0.7950409679878049,389.6638403456637,389.6646514158959,1996.0,5.122353266449192,9.520166569324173,-1996.0,1994.0,3.1892625762195124,211.03898942412127,211.06308642899745,1159.0,5.491249178666269,4.758973604949649,-1159.0,1143.0,-1031.9260432545732,184.99840153115164,1048.3776835263714,2629.0,2.5076840544306274,5.388131163531578,-2629.0,95.0
M02_Aug_2019_OP02_013,M02,OP02,good,Aug,2019,88064,0,1.194358648255814,391.6637133556374,391.6655344194936,2480.0,6.331933198247142,9.54192598053404,-1955.0,2480.0,3.7242232921511627,210.78757156915435,210.82046904214772,1175.0,5.573462602272701,4.843112509878551,-1175.0,1128.0,-1032.064827852471,182.25312249649485,1048.0334009705382,2520.0,2.4045035183671986,5.422354557842178,-2520.0,156.0
M02_Aug_2019_OP02_014,M02,OP02,good,Aug,2019,88064,0,1.8655750363372092,382.3437218847297,382.3482732207427,2086.0,5.455758914322809,10.490147741377513,-2086.0,2000.0,3.73681640625,149.1739725368189,149.22076892735012,1040.0,6.969539210097063,5.1281144383908375,-1040.0,1020.0,-1031.3039266896803,169.624613277467,1045.1604176561048,2330.0,2.2293228490467514,5.6487371304296845,-2330.0,62.0
M02_Aug_2019_OP02_015,M02,OP02,good,Aug,2019,87040,0,0.7671875,384.7634149165774,384.76417977109884,2059.0,5.351329744949037,10.289703491619568,-2059.0,2000.0,3.1906594669117645,153.50373439417248,153.53689061847788,1073.0,6.988548456841462,4.93827795695779,-1044.0,1073.0,-1032.1269071691177,172.75295778383384,1046.484370129603,2498.0,2.3870399513856406,5.978972601839792,-2498.0,101.0
M02_Aug_2019_OP02_016,M02,OP02,good,Aug,2019,87040,0,1.0502872242647059,385.19197128667344,385.1934031716625,2024.0,5.254503278961916,10.265454198500683,-2024.0,1952.0,2.9159926470588236,156.61320828672223,156.64035247335835,993.0,6.339362650303606,4.922423486506258,-993.0,929.0,-1032.1947035845587,174.63891139211708,1046.8642010691926,2469.0,2.3584720897689873,5.643810957858751,-2469.0,121.0
M02_Aug_2019_OP02_017,M02,OP02,good,Aug,2019,87040,0,1.1315602022058824,385.0274357361805,385.02909850824244,2123.0,5.513868973086335,10.347462124352232,-2000.0,2123.0,2.8678998161764704,150.4110725733529,150.43841132510693,1194.0,7.936802771864497,5.138551613700929,-1038.0,1194.0,-1032.2700712316177,172.68795228764,1046.6148426359275,2500.0,2.388653302205884,5.972936786224424,-2500.0,105.0
M02_Aug_2019_OP02_018,M02,OP02,good,Aug,2019,88064,0,1.0372683502906976,385.2872038109771,385.28860007286994,2024.0,5.253204999102489,10.006456654706222,-1912.0,2024.0,3.5577648074127906,197.3200425647313,197.35211396935236,1780.0,9.019411873522792,5.168205558909435,-1622.0,1780.0,-1031.716058775436,182.02953178927828,1047.6510756824252,2603.0,2.4846058582094637,5.900196636307164,-2603.0,85.0
M02_Aug_2019_OP02_019,M02,OP02,good,Aug,2019,88064,0,1.2517827943313953,385.047131964722,385.04916672344876,2590.0,6.726413725393667,10.054538654024748,-1883.0,2590.0,3.2450604106104652,198.79365574370146,198.820139777171,1305.0,6.563721368783804,5.044524950613157,-1305.0,1091.0,-1031.7608898074127,182.27291760762057,1047.7375388089226,2617.0,2.4977629445013765,5.799643641195074,-2617.0,124.0
M02_Aug_2019_OP02_020,M02,OP02,good,Aug,2019,88064,0,1.2774800145348837,386.68541219789813,386.68752237671947,2002.0,5.1773069575532045,9.859099567291638,-2002.0,1940.0,3.755007721656977,196.99638075106796,197.03216517109445,1227.0,6.227409615757533,4.992708142296145,-1227.0,1139.0,-1031.5805323401162,181.52583433215645,1047.4301996949978,2602.0,2.4841750798837756,5.7872410849087235,-2602.0,68.0
M02_Aug_2020_OP02_000,M02,OP02,good,Aug,2020,88064,0,0.11740325218023256,387.4213323473682,387.42135013617093,2043.0,5.273328378216446,9.674145714277685,-2043.0,2008.0,5.655284792877907,148.3956530089261,148.50337396178634,1161.0,7.818004190926696,5.941585199916407,-1161.0,1145.0,-1031.070062681686,160.44655975967004,1043.4790715185088,1788.0,1.713498668831026,3.8052228637389067,-1788.0,-294.0
M02_Aug_2020_OP02_001,M02,OP02,good,Aug,2020,89088,0,0.41712688577586204,375.43529901950217,375.43553074356436,2045.0,5.4470070958649,10.267232687349846,-2020.0,2045.0,5.149526311063219,142.42349845978305,142.51656231733966,1239.0,8.693726398207218,6.8400821993203,-1239.0,1069.0,-1031.076317798132,159.0347003670405,1043.2690971388874,1803.0,1.72822141952123,3.92777806614191,-1803.0,-224.0
M02_Aug_2020_OP02_002,M02,OP02,good,Aug,2020,83968,0,-1.3055926067073171,385.25549187863373,385.25770413413244,2037.0,5.287369929637519,9.861953396098148,-2010.0,2037.0,2.464129192073171,150.70920835031222,150.72935153530332,1177.0,7.808698093710879,5.924091742519671,-1177.0,1059.0,-1032.4052853467988,162.45206319554597,1045.1082939334538,1709.0,1.6352372380166174,3.5290097221876784,-1709.0,-298.0
M02_Aug_2020_OP02_003,M02,OP02,good,Aug,2020,88064,0,-0.981922238372093,386.8510222935168,386.85226847056384,1992.0,5.149252472721571,9.855166674206263,-1989.0,1992.0,2.836902707122093,148.70645441378898,148.73351203172058,1141.0,7.6714385642736485,6.040627447660415,-1141.0,1116.0,-1032.590933866279,160.07269260326746,1044.924544462467,1784.0,1.7073003112561875,3.8393051757941614,-1784.0,-288.0
M02_Aug_2020_OP02_004,M02,OP02,good,Aug,2020,88064,0,-3.1837981468023258,394.51952401759314,394.5323705372068,2166.0,5.490043813263563,9.47148986774423,-2125.0,2166.0,-2.645144440406977,164.6936737196898,164.71491417718752,1495.0,9.076288006268788,5.304400795939617,-1495.0,1479.0,-1033.3566383539244,166.12436621863915,1046.6246925625574,1817.0,1.736056881623206,3.7186206583509502,-1817.0,-242.0
M02_Aug_2021_OP02_000,M02,OP02,good,Aug,2021,89088,0,-1.3288658405172413,376.9097538124403,376.91209638770744,2008.0,5.327502139741591,10.332078514506899,-2008.0,1873.0,-0.6826620869252874,153.25131649016933,153.2528369508864,1091.0,7.118954674552859,4.874327413361835,-1091.0,1015.0,-1033.2905441810344,156.9569100694889,1045.1434448497967,1713.0,1.639009466539002,3.6584371802282116,-1713.0,-199.0
M02_Aug_2021_OP02_001,M02,OP02,good,Aug,2021,90112,0,-1.3644575639204546,376.48724871219576,376.4897212239963,2047.0,5.437067427352464,10.173201965394531,-2047.0,1875.0,-1.2355513139204546,217.80105928800637,217.80456380440467,1200.0,5.509526426074514,4.376194954373792,-1124.0,1200.0,-1032.5626886541193,165.1150467018977,1045.6809669531112,1748.0,1.6716379615221408,3.0969527213524697,-1748.0,-240.0
M02_Aug_2021_OP02_002,M02,OP02,good,Aug,2021,88064,0,-1.591331304505814,380.6935763881216,380.69690232322523,2133.0,5.602882468922763,9.940503560091605,-2133.0,1965.0,-0.7776049236918605,216.76787536225794,216.76927009722743,1192.0,5.498934417527691,4.275241413635607,-1138.0,1192.0,-1032.4237827034883,167.89825455604316,1045.986945891174,1696.0,1.621435149513285,3.068940626756381,-1696.0,-175.0
M02_Aug_2021_OP02_003,M02,OP02,good,Aug,2021,89088,0,-0.8468929597701149,378.75604954347244,378.75699636239415,1924.0,5.0797741519713595,10.081706435681593,-1924.0,1918.0,1.282641882183908,210.48111156081285,210.48501964290304,1368.0,6.499274876287497,4.67086588421092,-1180.0,1368.0,-1032.8116581357758,162.8511991814791,1045.571821663159,1686.0,1.6125147647132758,3.198335793290851,-1686.0,-230.0
M02_Feb_2019_OP02_000,M02,OP02,good,Feb,2019,88800,0,18.089031219482422,379.15484619140625,379.5860900878906,2049.0,5.397984945985686,10.43952465057373,-1940.0,2049.0,14.962342262268066,137.37669372558594,138.1890869140625,1169.0,8.459423432814067,6.586094379425049,-1169.0,1132.0,-1049.1787109375,165.3050079345703,1062.121337890625,1844.0,1.7361481539031949,3.5672097206115723,-1844.0,11.0
M02_Feb_2019_OP02_001,M02,OP02,good,Feb,2019,88800,0,18.343456268310547,379.0300598144531,379.47369384765625,1955.0,5.151872268608046,10.346603393554688,-1901.0,1955.0,15.013175964355469,137.76260375976562,138.5782470703125,1132.0,8.168670220122213,6.139461040496826,-1016.0,1132.0,-1049.1033935546875,163.62452697753906,1061.7867431640625,1854.0,1.7461133433208897,3.599022388458252,-1854.0,-162.0
M02_Feb_2019_OP02_002,M02,OP02,good,Feb,2019,90000,0,18.32844352722168,378.47802734375,378.9215393066406,2047.0,5.402173768600349,10.415210723876953,-1893.0,2047.0,15.341500282287598,146.37106323242188,147.1728515625,1204.0,8.18085664045652,6.094518184661865,-1204.0,1173.0,-1048.9017333984375,165.64120483398438,1061.9000244140625,1883.0,1.7732366105170831,3.669689893722534,-1883.0,-68.0
M02_Feb_2020_OP02_000,M02,OP02,good,Feb,2020,83968,0,2.253953887195122,380.06424505882364,380.0709284860645,1991.0,5.238495898464913,10.184366716691933,-1922.0,1991.0,6.506502477134147,168.3444720976688,168.4701631159884,1680.0,9.972092202720507,7.122206499271065,-1626.0,1680.0,-1031.2952315167684,162.71996176462892,1044.0534663061596,1916.0,1.8351550584653196,3.286698514470912,-1916.0,-240.0
M02_Feb_2020_OP02_001,M02,OP02,good,Feb,2020,83968,0,1.9187071265243902,382.5790518137461,382.5838631251224,2028.0,5.300798584222439,9.92820248604318,-2028.0,1992.0,6.034822789634147,172.9678540286438,173.0730990459711,1196.0,6.910374902816772,6.176463089453263,-1196.0,1173.0,-1031.071408155488,164.79545442667384,1044.157933703247,1827.0,1.7497353044288024,3.2596605041437856,-1827.0,-226.0
M02_Feb_2020_OP02_002,M02,OP02,good,Feb,2020,89088,0,2.5612989403735633,379.9326373477772,379.9412706910103,1957.0,5.1507960597193,10.208505917119789,-1957.0,1895.0,5.481535111350575,167.1016493788731,167.19153223867772,2256.0,13.493506338463366,8.86640888814806,-2217.0,2256.0,-1031.1650166127874,159.55353636290107,1043.4359695026608,1940.0,1.859242020307843,3.438381295999226,-1940.0,-281.0
M02_Feb_2020_OP02_003,M02,OP02,good,Feb,2020,88064,0,2.2395189861918605,382.3048184795373,382.31137790806264,2018.0,5.278419938852262,10.044147069102246,-2018.0,1989.0,5.780966115552325,127.87944768122661,128.01004924803652,1108.0,8.655570453325133,8.41809213259079,-1108.0,1075.0,-1031.3108534702035,150.91729227699398,1042.2946347332213,1829.0,1.754782130743807,3.973780872781322,-1829.0,-247.0
M02_Feb_2020_OP02_004,M02,OP02,good,Feb,2020,89088,0,2.4482983117816093,381.25437762263846,381.2622386508384,2030.0,5.324419242733038,10.048248598011813,-2030.0,1883.0,5.950004489942529,128.06786762892312,128.20601106207818,1518.0,11.840318464201921,9.294181158971883,-1514.0,1518.0,-1031.2994679418102,150.46283022749813,1042.2176624185229,1864.0,1.7884939655258638,4.033463227210462,-1864.0,-251.0
M02_Feb_2020_OP02_005,M02,OP02,good,Feb,2020,89088,0,2.3723060344827585,378.86655613796296,378.8739832658895,1989.0,5.24976664498006,10.227659464852351,-1967.0,1989.0,6.082929238505747,126.44696689110339,126.59319675274995,1442.0,11.390817492478527,9.908311330930701,-1436.0,1442.0,-1031.4001549030172,148.38696651466248,1042.0196597787353,1774.0,1.7024630805686478,4.00906316384619,-1774.0,-269.0
M02_Feb_2020_OP02_006,M02,OP02,good,Feb,2020,88064,0,2.35888671875,380.64787368120545,380.6551826582358,2074.0,5.448500623363645,10.157524768059336,-2074.0,1911.0,6.303472474563954,127.69072534005454,127.84621661631928,1321.0,10.332726575432952,8.566682978925119,-1321.0,1301.0,-1031.4005382449127,148.67389365153363,1042.0609372514657,1815.0,1.7417407515411087,3.989425618880777,-1815.0,-238.0
M02_Feb_2021_OP02_000,M02,OP02,good,Feb,2021,90112,0,-1.7542724609375,384.5017955341543,384.50579740864225,2084.0,5.419944287043302,9.863697880280206,-2069.0,2084.0,-0.7545055042613636,164.2829458892337,164.2846784962032,1436.0,8.740924675049277,5.579999255836333,-1436.0,1354.0,-1032.9083030007102,161.33353829611053,1045.4320030432154,1852.0,1.7715164588504022,3.5269150958653315,-1852.0,-128.0
M02_Feb_2021_OP02_001,M02,OP02,good,Feb,2021,87040,0,-1.304549632352941,382.0600633606533,382.06229055599,2082.0,5.449373181975648,10.018695260123133,-2082.0,1971.0,0.6185776654411764,160.0167091947162,160.01790481016354,1344.0,8.399060102645688,5.559263529453038,-1087.0,1344.0,-1032.4596737132354,170.31524317997014,1046.4130445973485,1846.0,1.7641217390503061,3.2467234020665607,-1846.0,-101.0
M02_Feb_2021_OP02_002,M02,OP02,good,Feb,2021,96256,0,-0.01741190159574468,367.8110442475357,367.81104465966894,2041.0,5.549044895833708,10.856458980881818,-2041.0,1936.0,3.5606923204787235,173.05811346651308,173.09474043537438,1061.0,6.129591213062471,4.893580680992724,-1040.0,1061.0,-1031.8279691655584,156.4724036965417,1043.624727126995,2010.0,1.9259796627599552,3.72152482667171,-2010.0,-87.0
M02_Feb_2021_OP02_003,M02,OP02,good,Feb,2021,94208,0,0.26957370923913043,373.5677719824727,373.56786924725395,2022.0,5.412671073865016,10.601173604945723,-2008.0,2022.0,2.877802309782609,199.7073806523384,199.72811427826622,1315.0,6.583950410546154,5.604195261253731,-1313.0,1315.0,-1031.2851244055707,167.81230303561222,1044.849260357842,1801.0,1.7236936162286127,3.25719863476432,-1801.0,-242.0
M02_Feb_2021_OP02_004,M02,OP02,good,Feb,2021,91136,0,0.008920733848314606,378.28870402592275,378.28870413110633,2078.0,5.493159000803291,10.371460795602026,-2078.0,2043.0,3.420393697331461,191.9859943912607,192.01646058462262,1218.0,6.343206182905456,4.964794382691067,-1218.0,1054.0,-1031.4440067591293,167.2706351853329,1044.9192334695688,1799.0,1.7216641653982843,3.174854604168674,-1799.0,-93.0
M02_Feb_2021_OP02_005,M02,OP02,good,Feb,2021,91136,0,-1.0251382549157304,383.79300104435833,383.7943701503144,2199.0,5.729630685147241,9.987528021425698,-2073.0,2199.0,0.15075272120786518,168.59007220245417,168.59013960374924,1237.0,7.3373211678181125,5.577826047376286,-1237.0,1134.0,-1032.5403792134832,169.25005119701817,1046.319843325413,1873.0,1.7900836077496463,3.35362462821391,-1873.0,-33.0
M02_Feb_2021_OP02_006,M02,OP02,good,Feb,2021,91136,0,-0.9089163448033708,387.4750780161167,387.47614405601485,2160.0,5.574536737641694,9.761064824064004,-2160.0,2090.0,0.5730885709269663,160.98448483580685,160.98550490140488,1354.0,8.410695117111652,5.832495154214814,-1354.0,1063.0,-1031.9417573735955,171.76313388565262,1046.1387884853164,1911.0,1.8267174690720522,3.3170407634104646,-1911.0,-138.0
M02_Feb_2021_OP02_007,M02,OP02,good,Feb,2021,90112,0,-0.7315340909090909,389.29951851412716,389.30020582765866,2276.0,5.846387867073398,9.6413803723704,-2276.0,2127.0,0.24640447443181818,194.50044288836372,194.50059896806144,1489.0,7.655503416956088,6.081730778274086,-1489.0,1243.0,-1032.6818403764205,168.64023202741612,1046.3609851774345,1875.0,1.7919246097292616,3.4132477760002136,-1875.0,-54.0
M02_Feb_2021_OP02_008,M02,OP02,good,Feb,2021,92160,0,-1.0270399305555555,376.2183209920699,376.21972284970803,2063.0,5.4834977400271105,10.491351161867893,-2063.0,1971.0,0.00458984375,166.64342673448542,166.64342679769422,1167.0,7.002976489536204,5.157063582509139,-1167.0,1134.0,-1032.7404079861112,162.58836404635804,1045.4605331673647,1770.0,1.693033781617317,3.4367328200446967,-1770.0,29.0
M02_Feb_2021_OP02_009,M02,OP02,good,Feb,2021,86016,0,-0.6025041852678571,380.6595840929636,380.66006091146636,2008.0,5.275047755711412,10.119871232572622,-2008.0,1912.0,2.3143252418154763,174.46278740822856,174.47813700167038,1147.0,6.573889541180848,4.917358264715394,-1147.0,1118.0,-1031.9427083333333,171.37491987195008,1046.076056720281,1975.0,1.8880080347046044,3.1784895500815704,-1975.0,-191.0
M02_Feb_2021_OP02_010,M02,OP02,good,Feb,2021,96256,0,-0.17837849069148937,372.94989124111436,372.9499338995047,2176.0,5.83456330786305,10.64241528441318,-2176.0,1975.0,1.271453208111702,190.43289621066805,190.43714068543323,1571.0,8.249441229507852,6.1117257657755895,-1259.0,1571.0,-1031.8368621176862,168.18094715073622,1045.4530792959536,1920.0,1.8365243146952117,3.437180940581783,-1920.0,-228.0
M02_Feb_2021_OP02_011,M02,OP02,good,Feb,2021,90112,0,-0.26558061079545453,390.6698517734115,390.66994204535393,2178.0,5.575038582689707,9.607434586582933,-2178.0,1987.0,2.7506658380681817,199.0977567618569,199.11675697980883,1600.0,8.035486436544595,6.362649530633268,-1600.0,1368.0,-1032.140214399858,177.27690881538203,1047.2538014161237,1881.0,1.7961262088105703,3.146053161691161,-1881.0,-177.0
M02_Feb_2021_OP03_000,M02,OP03,bad,Feb,2021,150000,1,-4.541533333333334,370.5480883884244,370.57591844766887,2086.0,5.629075976491375,8.730896830402994,-1916.0,2086.0,-3.0222333333333333,385.9727547798491,385.98458690298327,1717.0,4.448364153026571,2.4572171830440714,-1717.0,1684.0,-1027.92488,291.6871539800572,1068.5087527577862,2069.0,1.936343520499929,2.519768927081665,-2069.0,-122.0
M02_Aug_2019_OP03_000,M02,OP03,good,Aug,2019,159744,0,2.2225498297275643,345.1436860490134,345.1508420201892,2475.0,7.170777812720004,10.729714705765636,-1875.0,2475.0,3.018298026842949,179.25120868566648,179.27661849290666,935.0,5.215404037961563,3.603100720156074,-892.0,935.0,-1031.5630258413462,165.15964751951054,1044.700907174739,2625.0,2.512680884999879,8.268277300107934,-2625.0,179.0
M02_Aug_2019_OP03_001,M02,OP03,good,Aug,2019,159744,0,1.64990234375,344.11016872637447,344.1141240905956,2324.0,6.753573414464545,10.70714514890065,-1893.0,2324.0,2.6401867988782053,178.27322837272078,178.29277759002247,851.0,4.773048081380181,3.6078392305973908,-851.0,843.0,-1032.5613356370193,163.9583334803302,1045.497607347885,2691.0,2.573893982240919,9.17827833863782,-2691.0,179.0
M02_Aug_2019_OP03_002,M02,OP03,good,Aug,2019,159744,0,2.162829276842949,343.84669030629533,343.8534924427468,1862.0,5.415096955311663,10.660333320180083,-1862.0,1795.0,2.814484425080128,178.6330750059037,178.65524567905592,933.0,5.222348755860669,3.627812849343293,-933.0,872.0,-1032.0355756710737,163.14984872708314,1044.8518089137783,2617.0,2.5046614052576675,9.082610219180086,-2617.0,228.0
M02_Aug_2019_OP03_003,M02,OP03,good,Aug,2019,154624,0,2.270598354718543,343.8171373978153,343.82463493082724,1868.0,5.4330022058361696,10.590504436623196,-1823.0,1868.0,2.850036216887417,180.83123138611288,180.8536893487536,909.0,5.026162326426793,3.547447499641411,-909.0,823.0,-1032.1140443915563,163.6457236748074,1045.0068533303247,2553.0,2.4430461789450115,8.71635354754878,-2553.0,224.0
M02_Aug_2019_OP03_004,M02,OP03,good,Aug,2019,160768,0,2.1864425756369426,342.9815257454853,342.9884947543249,1918.0,5.592024307911031,10.7328135204938,-1918.0,1780.0,2.8816493332006368,179.50652827933897,179.52965659684378,966.0,5.380726607021108,3.607471174154576,-866.0,966.0,-1032.3295556329617,163.56526982007298,1045.2071129324856,2598.0,2.485631764130384,9.157843085186189,-2598.0,230.0
M02_Aug_2019_OP03_005,M02,OP03,good,Aug,2019,159744,0,1.7705453725961537,344.36273499977244,344.3672866104443,1948.0,5.656751020614858,10.562545567481083,-1948.0,1791.0,3.0520395132211537,178.9827483200153,179.00876833657117,1087.0,6.072328244593189,3.6329166559561474,-1087.0,923.0,-1031.80660932492,167.72025216536906,1045.3492057838869,2730.0,2.611567488543531,10.042027798088743,-2730.0,251.0
M02_Aug_2019_OP03_006,M02,OP03,good,Aug,2019,159744,0,1.7806302584134615,344.50559549692264,344.51019719713156,2328.0,6.757419719184392,10.57953093591897,-1856.0,2328.0,2.0569223257211537,181.81744599364308,181.82908072446872,972.0,5.345679558666976,3.566195579376316,-917.0,972.0,-1032.215056590545,172.03147371740096,1046.4524599816289,2822.0,2.6967302461590488,10.65406515853053,-2822.0,216.0
M02_Aug_2019_OP03_007,M02,OP03,good,Aug,2019,159744,0,1.8031475360576923,344.840822601241,344.8455368325612,1957.0,5.675004577339842,10.559919024649806,-1883.0,1957.0,2.82704827724359,181.15641873098832,181.17847623103313,1177.0,6.49635665606949,3.59395938296326,-1177.0,1009.0,-1032.2892816005608,172.84033863237312,1046.6589432885746,2615.0,2.4984260792572406,10.334898169369309,-2615.0,353.0
M02_Aug_2019_OP03_008,M02,OP03,good,Aug,2019,154624,0,1.6962825951986755,344.4880312937163,344.49220757408034,1977.0,5.738881624992524,10.49495344399662,-1926.0,1977.0,2.538642125413907,181.67098131411356,181.68871774404133,1202.0,6.615710732756387,3.6090627815581664,-1202.0,960.0,-1032.3765198158112,173.36332269870408,1046.8314670108753,2512.0,2.399622173350186,10.259076244907346,-2512.0,300.0
M02_Aug_2019_OP03_009,M02,OP03,good,Aug,2019,159744,0,1.7266877003205128,344.2795557099986,344.28388566746554,1985.0,5.765590788984117,10.675550137875867,-1985.0,1916.0,1.7565667568108974,177.26397520610638,177.27267818996313,976.0,5.50564255002754,3.653495995969629,-976.0,882.0,-1032.430676582532,164.6305724951873,1045.474211709097,2695.0,2.5777775958665954,9.218012215739511,-2695.0,177.0
M02_Aug_2019_OP03_010,M02,OP03,good,Aug,2019,159744,0,1.7929374499198718,344.4625886397622,344.46725475305396,1973.0,5.727685208901581,10.674737183618438,-1934.0,1973.0,2.1124737079326925,177.566408043527,177.57897344744123,985.0,5.546827875382073,3.675653260200745,-901.0,985.0,-1032.5101224459136,165.76739554200543,1045.7322708887084,2723.0,2.6039169640293083,9.228889260139418,-2723.0,158.0
M02_Aug_2019_OP03_011,M02,OP03,good,Aug,2019,159744,0,1.9681302584134615,344.3459760679212,344.35160050576707,1891.0,5.491480211570355,10.678549173850856,-1805.0,1891.0,2.2182116386217947,175.74737764064358,175.76137576395075,854.0,4.858860465150946,3.6402241243862212,-854.0,819.0,-1032.059038211138,165.18646755050895,1045.194923167499,2787.0,2.6664882676179684,9.590100468003028,-2787.0,314.0
M02_Aug_2019_OP03_012,M02,OP03,good,Aug,2019,159744,0,1.9862279647435896,344.2446430003081,344.2503730367441,2555.0,7.421923693100219,10.698070455685047,-1856.0,2555.0,2.8781237479967947,179.14669652521295,179.1698146234614,1067.0,5.9552442036197855,3.564582979771759,-1067.0,981.0,-1031.837677784455,164.84649197548165,1044.9226570479939,2658.0,2.54372893732547,9.4300478372394,-2658.0,181.0
M02_Aug_2019_OP03_013,M02,OP03,good,Aug,2019,157696,0,1.9231876521915585,343.3962642066432,343.40164956188585,1985.0,5.780403217434967,10.672367794942312,-1821.0,1985.0,2.5509207589285716,178.78257416906226,178.8007718753881,1167.0,6.52681746146666,3.633405789539004,-1138.0,1167.0,-1031.9328708400974,166.4349458782125,1045.2684062621279,2566.0,2.45487186317627,9.412222181308266,-2566.0,201.0
M02_Aug_2019_OP03_014,M02,OP03,good,Aug,2019,159744,0,1.9363731971153846,343.9931264819317,343.9985764621312,2236.0,6.500026898355924,10.660185442230802,-1885.0,2236.0,2.61484625400641,180.85459971181402,180.8735018123234,1015.0,5.611656709412176,3.6395629996699532,-895.0,1015.0,-1032.1626539963943,165.96322287154774,1045.4202674765738,2615.0,2.5013863623593826,9.164752397531714,-2615.0,232.0
M02_Aug_2019_OP03_015,M02,OP03,good,Aug,2019,154624,0,1.8107732305463575,343.98140253181685,343.9861685990416,1813.0,5.270560753601915,10.567792642550833,-1813.0,1805.0,2.602875362168874,181.1385584474944,181.15725852581048,1126.0,6.215594170296922,3.596758109624023,-1126.0,1069.0,-1032.1795193501655,166.58543301810457,1045.535875357593,2537.0,2.426506884933334,9.187855037412117,-2537.0,284.0
M02_Aug_2019_OP03_016,M02,OP03,good,Aug,2019,159744,0,2.1253505608974357,344.50895604926495,344.51551186145605,2361.0,6.853102164379338,10.659267028311959,-1959.0,2361.0,2.020964793669872,181.29802491497688,181.30928861139142,1024.0,5.64780772040194,3.619459115899364,-1024.0,872.0,-1032.0808919270833,167.4846667944374,1045.582173285413,2711.0,2.5928139071858265,9.516961550956204,-2711.0,216.0
M02_Aug_2020_OP03_000,M02,OP03,good,Aug,2020,158720,0,-0.14984879032258064,382.41327611297305,382.41330547212516,2076.0,5.428681403846508,8.167822885905236,-2061.0,2076.0,4.949325856854839,369.7765874224196,369.8097084071856,1561.0,4.221089832182645,2.577177698476351,-1555.0,1561.0,-1031.369172127016,230.77083969191602,1056.8715861759547,1920.0,1.8166823908541962,2.928276500633942,-1920.0,-132.0
M02_Aug_2020_OP03_001,M02,OP03,good,Aug,2020,160768,0,-0.14268386743630573,378.22469914619535,378.2247260596747,2381.0,6.295199218742605,8.345310083723215,-2170.0,2381.0,4.281082056130574,366.45375994202925,366.4787658776723,1973.0,5.383667987625159,2.630535208505404,-1973.0,1789.0,-1031.2424300855891,229.9381413388241,1056.5663720047048,1979.0,1.8730484448838653,2.955043256917314,-1979.0,-15.0
M02_Aug_2020_OP03_002,M02,OP03,good,Aug,2020,157696,0,-1.5774147727272727,380.5437951912981,380.547064495263,2108.0,5.539393669468813,8.200485561805978,-2045.0,2108.0,2.152020342938312,387.61032556869736,387.6162995528284,1547.0,3.99106023607544,2.4295166494245417,-1547.0,1329.0,-1032.5615931919642,233.41457834709382,1058.6150429311303,1930.0,1.823136760513197,2.915446045063477,-1930.0,-148.0
M02_Aug_2020_OP03_003,M02,OP03,good,Aug,2020,158720,0,-1.4325415826612904,381.44801644492156,381.4507064158503,2172.0,5.694051586398498,8.119824521588923,-2172.0,2155.0,2.160798891129032,377.11417389403584,377.1203643448985,1647.0,4.367305920646923,2.4861795688985784,-1462.0,1647.0,-1032.7427230342741,233.24306765846276,1058.7539188078492,1862.0,1.7586711764869793,2.960604296729876,-1862.0,-171.0
M02_Aug_2021_OP03_000,M02,OP03,good,Aug,2021,156672,0,-0.9977341196895425,346.0970309527019,346.09846909174433,1858.0,5.368414384715115,10.216779413862263,-1756.0,1858.0,-0.6703367544934641,147.44280612431538,147.44432993227267,876.0,5.941225413024586,5.004376450233353,-876.0,718.0,-1033.368572559232,174.57890918779498,1048.0116422475014,1809.0,1.7261258626101994,3.6420637508168827,-1809.0,-187.0
M02_Feb_2019_OP03_000,M02,OP03,good,Feb,2019,162000,0,15.803000450134277,338.4767761230469,338.845458984375,1952.0,5.760738260594519,10.769773483276367,-1819.0,1952.0,16.127017974853516,155.0690460205078,155.90538024902344,813.0,5.214701370160652,3.7408411502838135,-813.0,708.0,-1049.619384765625,148.5921630859375,1060.0850830078125,1860.0,1.7545761465886907,5.068006992340088,-1860.0,-132.0
M02_Feb_2020_OP03_000,M02,OP03,good,Feb,2020,152576,0,1.3809576866610738,349.5875680751394,349.59029562735657,1870.0,5.349118735244625,10.103751761200805,-1860.0,1870.0,5.010355494966443,333.396403368871,333.43404961324046,1754.0,5.260410573048895,2.508690647349289,-1754.0,1542.0,-1031.2592871749162,210.54979456876288,1052.5335782660163,1866.0,1.7728650548841578,2.884070181139637,-1866.0,-197.0
M02_Feb_2020_OP03_001,M02,OP03,good,Feb,2020,158720,0,0.9896232358870968,350.1701805079495,350.1715789025702,1975.0,5.64009222618696,10.143335521051021,-1920.0,1975.0,4.440045362903226,353.7509039394839,353.7787670859101,2022.0,5.715436278596636,2.485655714598442,-1680.0,2022.0,-1031.5569367439516,215.96183478641788,1053.9208830974367,1973.0,1.872057031644939,2.9435204138712785,-1973.0,-273.0
M02_Feb_2020_OP03_002,M02,OP03,good,Feb,2020,153600,0,0.6800455729166667,349.49117365277743,349.4918352739833,2006.0,5.739762127568448,10.060088509283842,-1821.0,2006.0,4.5193489583333335,350.1601942409019,350.18935755649875,1559.0,4.4518771526301295,2.422553616015903,-1559.0,1411.0,-1031.5548177083333,212.4386948706666,1053.2025166204385,1920.0,1.8230112155077056,2.8573577622722506,-1920.0,-324.0
M02_Feb_2020_OP03_003,M02,OP03,good,Feb,2020,158720,0,1.236328125,349.18354957482546,349.185738255312,1924.0,5.509961574069902,10.22036866712092,-1924.0,1852.0,4.83488533266129,356.1160216714891,356.1488410865722,1624.0,4.55989129445248,2.4738232535227196,-1624.0,1598.0,-1031.6458606350807,216.2834030639082,1054.0738551953564,1922.0,1.8234016435629996,2.8638457938374415,-1922.0,-52.0
M02_Feb_2020_OP03_004,M02,OP03,good,Feb,2020,156672,0,1.2610294117647058,345.5701860932539,345.572486913677,1862.0,5.3881604309116256,10.310114395171103,-1840.0,1862.0,4.425340839460785,342.3983508797917,342.42694743075685,1612.0,4.707573431632355,2.5022851150894145,-1612.0,1374.0,-1031.5812334048203,211.771494092481,1053.0940161368176,1842.0,1.749131579682899,2.8672275823480993,-1842.0,-294.0
M02_Aug_2019_OP04_000,M02,OP04,bad,Aug,2019,119190,1,0.550029364879604,442.7777104151291,442.77805204500163,2172.0,4.905392193602337,6.824852887324103,-2172.0,2043.0,3.66816008054367,251.30851348353417,251.33528273539346,1385.0,5.510567338283866,3.4085343663060828,-1372.0,1385.0,-1031.9542830774394,247.17762025196174,1061.143919699536,2672.0,2.5180373278269172,3.8198695636242435,-2672.0,382.0
M02_Feb_2019_OP04_000,M02,OP04,bad,Feb,2019,124731,1,19.9632568359375,453.49822998046875,453.93743896484375,2199.0,4.844279874809592,6.297417640686035,-2199.0,2147.0,17.15370750427246,359.4832763671875,359.892333984375,2389.0,6.638096381635404,5.244637489318848,-2389.0,2385.0,-1049.89794921875,442.98828125,1139.528076171875,3017.0,2.6475872451824927,4.931121349334717,-3017.0,1268.0
M02_Feb_2019_OP04_002,M02,OP04,bad,Feb,2019,125751,1,19.947229385375977,450.6961364746094,451.1373596191406,2215.0,4.9098128380898185,6.361395835876465,-2215.0,2002.0,16.6419677734375,363.4272766113281,363.80810546875,2799.0,7.693616381618593,5.289059162139893,-2281.0,2799.0,-1049.7568359375,445.1924743652344,1140.2568359375,3234.0,2.8362031237822483,4.936324119567871,-3234.0,1331.0
M02_Aug_2019_OP04_000,M02,OP04,good,Aug,2019,135168,0,1.3911428740530303,426.12997777967666,426.13224853442364,2028.0,4.759085957410648,7.441062189314452,-1932.0,2028.0,2.200809363162879,186.88796021713122,186.90091823202212,1532.0,8.196856465403492,4.556405727673373,-1419.0,1532.0,-1032.1840968276515,171.57534969349246,1046.347031517918,2117.0,2.0232293266306725,5.487365757574265,-2117.0,83.0
M02_Aug_2019_OP04_001,M02,OP04,good,Aug,2019,135168,0,1.2720170454545454,426.65004743932127,426.6519436347841,2117.0,4.961889970463045,7.502348120080467,-1932.0,2117.0,2.827740293560606,187.38299247459383,187.40432754848942,1870.0,9.978424855296641,5.026944823876723,-1870.0,1663.0,-1032.010801373106,173.0609835300961,1046.4207558010137,2301.0,2.1989242732849195,5.8191222012425,-2301.0,160.0
M02_Aug_2019_OP04_002,M02,OP04,good,Aug,2019,135168,0,1.3359966856060606,427.1361061928504,427.1381955535397,2074.0,4.855571385537762,7.483108524269193,-1961.0,2074.0,2.859397194602273,188.85964873812497,188.8812936047518,1344.0,7.115580237460785,4.798374868858431,-1344.0,1327.0,-1032.0961100260417,174.38731505951188,1046.7250431629848,2689.0,2.568964999513533,5.807758372922155,-2689.0,419.0
M02_Aug_2019_OP04_003,M02,OP04,good,Aug,2019,135168,0,1.1216412168560606,427.6154995923888,427.6169706298706,2033.0,4.754254717733571,7.445799788019386,-2016.0,2033.0,3.5281575520833335,189.47819683040848,189.51104181502285,1758.0,9.276504330106217,4.856632219179854,-1758.0,1620.0,-1031.8051831794508,174.14496107923304,1046.39782277357,2223.0,2.124431025771577,5.708846445283101,-2223.0,261.0
M02_Aug_2019_OP04_004,M02,OP04,good,Aug,2019,135168,0,1.1346768465909092,427.9110484837557,427.91255287267893,2014.0,4.706569102681232,7.421721196695937,-1957.0,2014.0,2.989265210700758,189.85421683298154,189.8777484482178,1540.0,8.110481678794388,4.483678331723011,-1540.0,1253.0,-1031.7582859848485,177.09730099046837,1046.8469872510027,2236.0,2.135937751391621,5.392319038761154,-2236.0,400.0
M02_Aug_2019_OP04_005,M02,OP04,good,Aug,2019,134144,0,0.9981959685114504,429.1350356050187,429.1361965377801,2496.0,5.816335280354889,7.401248515297939,-1971.0,2496.0,2.9032979484732824,188.5912674584773,188.61361377316462,1657.0,8.785155890140487,4.616611555796143,-1657.0,1311.0,-1031.6669101860687,176.34001077817652,1046.6290713400413,2201.0,2.1029417778181636,5.437059703088049,-2201.0,257.0
M02_Aug_2019_OP04_006,M02,OP04,good,Aug,2019,135168,0,1.234989050662879,427.094703248299,427.0964887946374,2190.0,5.127646930979633,7.436766227320266,-2160.0,2190.0,2.7448138612689394,188.63214267050301,188.6521117072322,1663.0,8.815167691209295,4.943002082628863,-1663.0,1479.0,-1032.235566110322,172.64899375305225,1046.5743829212706,2305.0,2.202423485243471,5.670910567090267,-2305.0,142.0
M02_Aug_2019_OP04_007,M02,OP04,good,Aug,2019,135168,0,1.092425722064394,428.05206367914417,428.05345765912494,2074.0,4.845189223191848,7.44407091571566,-2074.0,2053.0,2.980690696022727,189.38012652926082,189.40358191244485,1983.0,10.469706961068333,5.064518874443493,-1791.0,1983.0,-1032.3059895833333,173.55868587034908,1046.7942842653792,2434.0,2.3251942015599902,5.791664089000817,-2434.0,406.0
M02_Aug_2019_OP04_008,M02,OP04,good,Aug,2019,135168,0,0.9444173177083334,427.22495888391876,427.22600274027803,2024.0,4.737539351579317,7.48798235425188,-1969.0,2024.0,2.5951852509469697,187.30562078314745,187.32359852257528,1374.0,7.33490073240512,4.73607935373666,-1374.0,1364.0,-1032.3559422348485,170.7416220179223,1046.3801856671946,2430.0,2.3222916806768272,5.516174041454282,-2430.0,201.0
M02_Aug_2019_OP04_009,M02,OP04,good,Aug,2019,134144,0,1.1746928673664123,428.4062219257189,428.40783243073525,2131.0,4.974232118747593,7.462662507861327,-2059.0,2131.0,2.47268606870229,187.31214320842548,187.32846331972098,1428.0,7.622973971460895,4.6359624654944565,-1428.0,1335.0,-1032.3893949785306,169.78191954360145,1046.2570253374868,2240.0,2.1409653132579467,5.331285180148016,-2240.0,187.0
M02_Aug_2019_OP04_010,M02,OP04,good,Aug,2019,135168,0,1.0248875473484849,427.2207797205638,427.22200905329214,2080.0,4.8686630274718325,7.541531249303418,-1967.0,2080.0,2.2423650568181817,183.97317361837085,183.98683869305233,1327.0,7.212472421540171,4.495981829010525,-1206.0,1327.0,-1032.5103648792613,169.28499622011535,1046.295877621789,2389.0,2.2832929490558183,5.6180466329617165,-2389.0,183.0
M02_Aug_2020_OP04_000,M02,OP04,good,Aug,2020,99328,0,-0.014799452319587628,466.06298275298195,466.0629829879543,2480.0,5.321169220736197,6.775975350462787,-2162.0,2480.0,5.221146101804123,266.694984818536,266.74608768260407,1460.0,5.47336987276539,4.049853961238446,-1190.0,1460.0,-1031.1017537854382,286.0374867887183,1070.041247105836,2008.0,1.8765631749533784,3.003605692564216,-2008.0,27.0
M02_Aug_2020_OP04_001,M02,OP04,good,Aug,2020,98304,0,0.1177978515625,467.8351181269935,467.83513295736117,2498.0,5.339487832410546,6.708265021289418,-2235.0,2498.0,4.619659423828125,266.86235688389775,266.90233939555674,1317.0,4.934389121438794,3.9917698089388836,-1317.0,1262.0,-1031.140157063802,284.6727571498353,1069.7142619283206,1991.0,1.8612446995059442,2.9616830857859298,-1991.0,15.0
M02_Aug_2020_OP04_002,M02,OP04,good,Aug,2020,99328,0,-1.189684681056701,464.57239502599475,464.57391830561176,2258.0,4.8603675562230215,6.805914334620301,-2162.0,2258.0,1.7824983891752577,273.9634595296425,273.96925823522145,1362.0,4.97136068759448,3.990520609014828,-1202.0,1362.0,-1032.4569507087629,286.42775362257856,1071.4514515889712,2037.0,1.9011594010900938,3.0277225061737125,-2037.0,134.0
M02_Aug_2020_OP04_003,M02,OP04,good,Aug,2020,98304,0,-1.1724141438802083,466.7198468606409,466.72131942792686,2352.0,5.039409819296258,6.767570685203019,-2352.0,2315.0,2.2123616536458335,277.2271707510977,277.23599828800155,1464.0,5.280699508868074,4.040284568323376,-1342.0,1464.0,-1032.6370137532551,289.73650560724263,1072.5140767629748,2172.0,2.0251482447255666,3.0118512410789933,-2172.0,99.0
M02_Aug_2020_OP04_004,M02,OP04,good,Aug,2020,135168,0,-2.901559540719697,508.72526384452397,508.73353842797593,2537.0,4.986893547139661,5.407431097884419,-2537.0,2518.0,-3.1469134706439394,349.40624873585244,349.4204197239367,1547.0,4.427331411318845,3.3935342567797147,-1489.0,1547.0,-1033.6277965198863,334.60738991129347,1086.438459887077,2240.0,2.0617826804776618,2.9221153719531885,-2240.0,318.0
M02_Aug_2021_OP04_000,M02,OP04,good,Aug,2021,140288,0,-1.4686288207116789,415.80022052834386,415.80281415838493,2067.0,4.971106326405602,7.493417954582134,-1926.0,2067.0,-0.6758667883211679,164.34806640564477,164.3494561207605,972.0,5.914227055827888,4.158950623015001,-972.0,972.0,-1033.4375,222.63705130764623,1057.1472570182516,1991.0,1.8833705397067737,3.4143638839233508,-1991.0,-72.0
M02_Aug_2021_OP04_001,M02,OP04,good,Aug,2021,139264,0,-1.4071332146139706,417.25079311814676,417.25316581376126,1916.0,4.591936399723319,7.460196780844761,-1916.0,1909.0,-0.5875962201286765,164.78565499968775,164.78670262795487,1050.0,6.371873356618006,4.1376582230920365,-1050.0,921.0,-1032.69382611443,219.7111318201326,1055.8075203087656,1881.0,1.7815747319643178,3.4884603274166386,-1881.0,-78.0
M02_Aug_2021_OP04_002,M02,OP04,good,Aug,2021,140288,0,-1.4203852075729928,415.7881555995739,415.7905817007323,2074.0,4.988087973317235,7.490566254033213,-1871.0,2074.0,-0.2914290602189781,162.93081882281658,162.93107945745226,1233.0,7.5676169586907145,4.124878155998882,-1233.0,962.0,-1032.5468607436133,218.09653298155257,1055.3289142869457,2028.0,1.92167576624228,3.4202229291051855,-2028.0,-113.0
M02_Aug_2021_OP04_003,M02,OP04,good,Aug,2021,144384,0,-1.0704371675531914,410.24547771976,410.2468742418933,1873.0,4.565543621657494,7.680233484165304,-1819.0,1873.0,1.3492769281914894,163.4809680485583,163.48653602765793,1003.0,6.135061787781209,4.187608916018427,-981.0,1003.0,-1032.941094581117,218.99856508519343,1055.9013573169655,2016.0,1.909269257047491,3.6101018530835822,-2016.0,52.0
M02_Feb_2019_OP04_000,M02,OP04,good,Feb,2019,136800,0,17.800321578979492,420.5190124511719,420.8955993652344,2114.0,5.022623194892483,7.552565574645996,-2114.0,2061.0,15.818962097167969,178.29714965820312,178.9975128173828,1583.0,8.843698301076458,5.025389194488525,-1538.0,1583.0,-1049.340087890625,163.95123291015625,1062.0709228515625,1965.0,1.8501589279218342,3.82275390625,-1965.0,-222.0
M02_Feb_2019_OP04_001,M02,OP04,good,Feb,2019,136800,0,17.692821502685547,420.3370361328125,420.7092590332031,2235.0,5.312457361019501,7.496207237243652,-1932.0,2235.0,15.86266803741455,177.62022399902344,178.3271484375,1489.0,8.349822295968938,4.868809700012207,-1268.0,1489.0,-1049.23681640625,168.13461303710938,1062.622802734375,1936.0,1.8219070727808804,3.856128454208374,-1936.0,0.0
M02_Feb_2019_OP04_002,M02,OP04,good,Feb,2019,135600,0,17.74882698059082,418.43963623046875,418.81591796875,2102.0,5.018911435350079,7.644819259643555,-1926.0,2102.0,16.325302124023438,176.91175842285156,177.6634063720703,1235.0,6.951347073767178,4.71638298034668,-1235.0,1165.0,-1048.9786376953125,166.54759216308594,1062.1177978515625,2065.0,1.9442287891014105,4.073226451873779,-2065.0,39.0
M02_Feb_2021_OP04_000,M02,OP04,good,Feb,2021,136192,0,-0.8217736724624061,422.04430777422726,422.0451078221324,1969.0,4.665378092310028,7.27358430804581,-1924.0,1969.0,2.8068241893796992,177.04744506933827,177.06969268514143,1331.0,7.516814310886806,4.210517909408914,-1018.0,1331.0,-1032.0300898731202,198.1816098230778,1050.886319672869,1965.0,1.8698502047411618,3.4204952021874044,-1965.0,-93.0
M02_Feb_2021_OP04_001,M02,OP04,good,Feb,2021,138240,0,-0.3843677662037037,422.55016164136634,422.5503364591307,2033.0,4.811261108051758,7.357651394410676,-1994.0,2033.0,3.0292317708333334,176.8462044449356,176.8721466814416,1454.0,8.220627313461344,4.411755936462891,-1454.0,1188.0,-1031.6138744212963,194.90474023141758,1049.8642977371858,1953.0,1.860240417937231,3.5660145636977996,-1953.0,-111.0
M02_Feb_2021_OP04_002,M02,OP04,good,Feb,2021,134144,0,-1.5825158039122138,431.22454070281964,431.22744446594237,2112.0,4.8976474644734775,6.942606723025873,-1989.0,2112.0,-0.3814110209923664,177.6064350827119,177.6068446236138,1071.0,6.03017300526719,4.194216026705365,-1030.0,1071.0,-1032.8941361521947,189.83088340755003,1050.193344481329,1918.0,1.8263303705731107,3.3852634819460388,-1918.0,-199.0
M02_Feb_2021_OP04_003,M02,OP04,good,Feb,2021,139264,0,-1.170144473805147,420.1813497023127,420.18297904097307,2336.0,5.559482693305887,7.442086255890428,-2008.0,2336.0,2.1922535615808822,172.30678026885514,172.3207256899117,1549.0,8.989052209467825,4.415674050189225,-1549.0,1194.0,-1032.2045826631434,182.02504348788943,1048.131392969203,1883.0,1.7965304852340471,3.545149236402516,-1883.0,-265.0
M02_Feb_2021_OP04_004,M02,OP04,good,Feb,2021,141312,0,-1.6620598392210144,418.2601048441073,418.26340713372565,2014.0,4.815147501909225,7.507325498449106,-1942.0,2014.0,0.8792813066123188,175.73505660475155,175.73725631035495,1458.0,8.296476402392145,4.342587921386763,-1458.0,1393.0,-1032.0178116508152,191.59219299641808,1049.6515288331238,1985.0,1.891103804904361,3.6236954592324078,-1985.0,-117.0
M02_Feb_2021_OP04_005,M02,OP04,good,Feb,2021,136192,0,-1.3704696311090225,423.4491292911947,423.4513470098787,2114.0,4.9923090690999326,7.232506727982471,-2114.0,1953.0,2.399935385338346,173.9079554285672,173.9245142330382,1585.0,9.113148925494702,4.229471444881935,-1128.0,1585.0,-1032.278981144267,196.9603709145974,1050.901176430525,1971.0,1.8755331559287702,3.4160378460497007,-1971.0,-91.0
M02_Feb_2019_OP05_000,M02,OP05,bad,Feb,2019,30191,1,18.235069274902344,326.65185546875,327.1604309082031,1860.0,5.685284112252228,10.219276428222656,-1860.0,1825.0,14.013050079345703,107.99386596679688,108.89922332763672,800.0,7.3462415576013935,7.6798095703125,-790.0,800.0,-1049.4873046875,184.7582244873047,1065.6263427734375,1952.0,1.83178654810621,4.572029113769531,-1952.0,101.0
M02_Feb_2019_OP05_001,M02,OP05,bad,Feb,2019,30041,1,17.664325714111328,328.0869140625,328.5621032714844,1914.0,5.825382723516655,10.170401573181152,-1914.0,1858.0,14.094837188720703,113.84857177734375,114.71774291992188,1069.0,9.318523645868886,8.027207374572754,-1069.0,913.0,-1049.5941162109375,185.21250915527344,1065.810302734375,1963.0,1.8417911658048831,4.80893087387085,-1963.0,212.0
M02_Aug_2019_OP05_000,M02,OP05,good,Aug,2019,40960,0,3.878173828125,313.9354592280515,313.9594126522865,1971.0,6.277881536817958,13.102710075045689,-1784.0,1971.0,6.2423828125,117.2040992018318,117.37021859437182,1346.0,11.467985798439535,7.9048272348612985,-821.0,1346.0,-1031.4128173828126,135.49419335305254,1040.2745196792746,2240.0,2.1532777719967715,8.185341286587823,-2240.0,-204.0
M02_Aug_2019_OP05_001,M02,OP05,good,Aug,2019,41984,0,3.1065882240853657,309.59384890061744,309.6094348812587,1932.0,6.240119913467623,13.43989900480824,-1932.0,1848.0,5.087009336890244,114.6011094211426,114.71395706081411,919.0,8.011230922082168,7.768913808872736,-778.0,919.0,-1032.2588605182927,129.28946785889065,1040.324046447913,2037.0,1.9580437527664019,6.822612503895871,-2037.0,-374.0
M02_Aug_2019_OP05_002,M02,OP05,good,Aug,2019,40960,0,3.5216064453125,313.19615025901544,313.21594826736305,2092.0,6.679097956449701,13.104791735542715,-2092.0,1860.0,6.0095703125,115.996670405352,116.15223837907193,983.0,8.463031050610514,7.686708874433947,-944.0,983.0,-1031.68115234375,130.38237783325383,1039.8872845413493,2004.0,1.9271319399620126,6.49708652490626,-2004.0,-374.0
M02_Aug_2019_OP05_003,M02,OP05,good,Aug,2019,40960,0,3.480615234375,313.6091597721292,313.62847411450167,1971.0,6.284505912815855,13.0434083115504,-1862.0,1971.0,6.005908203125,115.70080713518709,115.85658248489003,1034.0,8.924827384191605,7.882779257690892,-1034.0,886.0,-1031.9212646484375,131.7859547452885,1040.3023763799436,2037.0,1.9580845398896198,7.256212837340587,-2037.0,-347.0
M02_Aug_2019_OP05_004,M02,OP05,good,Aug,2019,40960,0,3.5732177734375,313.4283962575247,313.44876370121534,2074.0,6.616711374165673,13.10657233685944,-2074.0,1860.0,5.36640625,115.88334640911776,116.00753549237922,808.0,6.965064782822485,7.798395190653257,-692.0,808.0,-1032.09345703125,132.1189926871755,1040.5154166447467,2344.0,2.2527297169305562,7.952911139979518,-2344.0,-341.0
M02_Aug_2019_OP05_005,M02,OP05,good,Aug,2019,41984,0,3.2798208841463414,309.64975868417713,309.6671281847675,2024.0,6.53605053873316,13.420971664696056,-2024.0,1893.0,5.772889672256097,116.47458140368117,116.61755600393447,1034.0,8.86658952075033,7.887516361124637,-1034.0,921.0,-1031.5272484756097,129.48803118354962,1039.622823223622,2063.0,1.9843735188528566,7.443174173482508,-2063.0,-359.0
M02_Aug_2019_OP05_006,M02,OP05,good,Aug,2019,38912,0,3.0696957236842106,308.1369239022595,308.1522138550734,1967.0,6.3832090491652185,13.138327913647785,-1830.0,1967.0,5.370759662828948,121.87481507770472,121.99309656525894,929.0,7.6151850076454215,7.193697959277256,-929.0,847.0,-1031.6168277138158,134.38277162551634,1040.3326432118106,2082.0,2.001282968082457,6.848702328000491,-2082.0,-349.0
M02_Aug_2019_OP05_007,M02,OP05,good,Aug,2019,37888,0,3.121199324324324,299.572794936605,299.5890541247316,1934.0,6.455509550074529,13.662309097112175,-1788.0,1934.0,5.599187077702703,112.7097447978505,112.84873711445647,812.0,7.195472636760051,8.04619502700554,-812.0,806.0,-1032.1989284206081,136.7041073892932,1041.212101739965,2026.0,1.9458091167153746,7.0504478162194335,-2026.0,-384.0
M02_Aug_2019_OP05_008,M02,OP05,good,Aug,2019,41984,0,3.562809641768293,309.7267402708238,309.74723122464525,1955.0,6.311597983525249,13.459581112590952,-1903.0,1955.0,5.598132621951219,116.66557204093202,116.79980645742036,823.0,7.046244552639961,7.72756426013816,-749.0,823.0,-1031.993497522866,130.6205599761093,1040.2270471478569,2088.0,2.007254094887242,7.648072275909393,-2088.0,-366.0
M02_Aug_2019_OP05_009,M02,OP05,good,Aug,2019,41984,0,3.5337271341463414,309.7382496627959,309.75840671663957,1901.0,6.137040864040196,13.411167523646489,-1901.0,1803.0,5.753406059451219,116.08756395117882,116.23004854771403,817.0,7.029163372194672,7.755629339168162,-714.0,817.0,-1032.0784822789635,130.3083228845285,1040.2722012032366,2153.0,2.0696506140505537,7.48533627415272,-2153.0,-370.0
M02_Aug_2019_OP05_010,M02,OP05,good,Aug,2019,36864,0,2.8151312934027777,303.8948105137672,303.9078492263692,1899.0,6.248604650502161,13.386926086054931,-1854.0,1899.0,4.574462890625,113.30612198212687,113.39842586811477,769.0,6.781399248825256,7.879825766038493,-769.0,763.0,-1032.3643934461807,136.9970962306118,1041.4146365550657,2016.0,1.9358283715589033,5.96673303903663,-2016.0,-411.0
M02_Aug_2019_OP05_011,M02,OP05,good,Aug,2019,36864,0,2.653537326388889,304.0410555495911,304.052634785578,1858.0,6.110784079573218,13.333532987932683,-1858.0,1803.0,3.998046875,113.26230299636093,113.3328445723223,905.0,7.985328555152277,7.8201501474083965,-905.0,839.0,-1032.1490885416667,137.3856499149553,1041.2523986910896,2094.0,2.0110397850053174,6.1106230475798835,-2094.0,-402.0
M02_Aug_2019_OP05_012,M02,OP05,good,Aug,2019,40960,0,3.41015625,313.63810712443825,313.65664572307406,1871.0,5.965121496746148,13.027177854820895,-1834.0,1871.0,5.9247314453125,116.07146204155863,116.22257415478312,1091.0,9.387160867277178,8.209890450815013,-1091.0,868.0,-1031.7650146484375,133.47201427775454,1040.3623522830167,2385.0,2.2924704981550432,7.971058096065377,-2385.0,-366.0
M02_Aug_2019_OP05_013,M02,OP05,good,Aug,2019,41984,0,3.5502334222560976,309.34003598226957,309.36040796919104,1840.0,5.94775528025307,13.36894561905858,-1840.0,1750.0,6.409751333841464,114.40579895362774,114.58521608994579,890.0,7.767145102745,8.020479183828826,-890.0,757.0,-1031.6546541539635,130.91566209185734,1039.9279955931966,2117.0,2.035717866016694,7.2513375137619684,-2117.0,-366.0
M02_Aug_2019_OP05_014,M02,OP05,good,Aug,2019,41984,0,3.5831745426829267,309.70835035527386,309.7290774525188,2018.0,6.515371487229375,13.396012975271576,-1821.0,2018.0,5.914991425304878,114.70307488827072,114.85548533868842,954.0,8.306090015525367,8.071596671780888,-825.0,954.0,-1031.9374523628048,130.43559356240155,1040.1482344632482,1977.0,1.9006906270625927,6.992199306392123,-1977.0,-380.0
M02_Aug_2019_OP05_015,M02,OP05,good,Aug,2019,41984,0,3.594416920731707,309.32645482224655,309.34733793245965,1955.0,6.3197569860027,13.395564090540217,-1955.0,1926.0,6.142649580792683,114.64219222344275,114.80663910100847,1015.0,8.840952125660511,8.252018993476234,-1015.0,687.0,-1031.8614710365853,128.9630144156274,1039.889202990853,2033.0,1.9550159710792598,7.038464780884441,-2033.0,-361.0
M02_Aug_2019_OP05_016,M02,OP05,good,Aug,2019,36864,0,2.8462727864583335,303.7082859869019,303.721622947522,1866.0,6.1437838435441705,13.296724361139557,-1830.0,1866.0,5.837348090277778,111.76232623573843,111.91466480471044,761.0,6.799823788311698,8.364186745655818,-761.0,741.0,-1031.874294704861,136.69666483145576,1040.8893016304366,2053.0,1.9723519079158611,6.314160928794367,-2053.0,-331.0
M02_Aug_2019_OP05_017,M02,OP05,good,Aug,2019,41984,0,3.5211032774390243,309.7729272642397,309.7929383219481,2106.0,6.798089108833618,13.42649881141481,-1873.0,2106.0,5.641244283536586,113.54888668344275,113.68893219709584,780.0,6.860826158941837,7.550959430651291,-780.0,618.0,-1031.9496236661585,129.60873420356947,1040.0569454441318,2014.0,1.9364324317261001,7.199489128690545,-2014.0,-355.0
M02_Aug_2020_OP05_000,M02,OP05,good,Aug,2020,41984,0,1.1747094131097562,317.38865233160027,317.39082622387605,1981.0,6.2415162516470275,12.175760808820499,-1981.0,1909.0,6.637552400914634,132.9240152023816,133.0896349059455,1380.0,10.368951729225545,9.832619632284722,-1376.0,1380.0,-1031.075314405488,133.51667178601141,1039.684089337328,1713.0,1.6476158648266215,4.802126592641743,-1713.0,-433.0
M02_Aug_2020_OP05_001,M02,OP05,good,Aug,2020,41984,0,1.282059832317073,317.96036015656773,317.96294486670604,1911.0,6.0101342966272835,12.148024605795971,-1807.0,1911.0,6.166206173780488,131.68792344024848,131.83220880567205,1245.0,9.443822653652104,9.665870985323489,-1245.0,1130.0,-1031.1078029725609,133.59464279794975,1039.7263245369973,1610.0,1.5484844059487985,4.7579268998809345,-1610.0,-491.0
M02_Aug_2020_OP05_002,M02,OP05,good,Aug,2020,40960,0,0.0431884765625,320.16685341913546,320.1668563320612,2043.0,6.381047755552504,12.08648739481528,-1955.0,2043.0,3.9953857421875,134.8160902005054,134.87528047859507,1298.0,9.623705658992085,10.484465382345974,-1298.0,1235.0,-1032.315380859375,135.6414227087168,1041.1885713516458,1643.0,1.5780042589855718,4.7104369685527985,-1643.0,-447.0
M02_Aug_2020_OP05_003,M02,OP05,good,Aug,2020,36864,0,-0.8990071614583334,311.4732047297797,311.4745021322221,1963.0,6.302281524048152,12.065781333338572,-1889.0,1963.0,3.2970377604166665,131.15352847556073,131.19496365936968,1249.0,9.520182521966795,10.116654684067916,-1249.0,1220.0,-1032.3633626302083,141.39286037719813,1042.000985348285,1588.0,1.5239908813226475,4.319426707722492,-1588.0,-489.0
M02_Aug_2021_OP05_000,M02,OP05,good,Aug,2021,41984,0,-0.050209603658536585,310.569344961285,310.56934901996686,1920.0,6.1821941091699975,13.158338795152169,-1881.0,1920.0,2.668969131097561,113.01940304344002,113.05091269210652,972.0,8.597896088174327,8.91676543358923,-964.0,972.0,-1033.1489615091464,128.87471301165988,1041.1558328709805,1639.0,1.5742119942607131,5.272814964565943,-1639.0,-363.0
M02_Aug_2021_OP05_001,M02,OP05,good,Aug,2021,41984,0,0.9595083841463414,309.8984743195447,309.89995973204117,2035.0,6.566635251452075,13.16744927738746,-1840.0,2035.0,4.7721751143292686,112.1549703432213,112.25645205515214,864.0,7.696662278044496,8.644840958537388,-726.0,864.0,-1032.7524056783536,129.24005304987267,1040.8076300386929,1643.0,1.5785818172171933,5.1634144523417955,-1643.0,-421.0
M02_Feb_2019_OP05_000,M02,OP05,good,Feb,2019,43200,0,14.057199478149414,304.2130432128906,304.53765869140625,1912.0,6.278369670982023,13.707587242126465,-1864.0,1912.0,12.702939987182617,108.1663589477539,108.90971374511719,1247.0,11.449851047431547,8.31108283996582,-1247.0,1059.0,-1049.5291748046875,128.1069793701172,1057.318603515625,1877.0,1.7752454120819428,6.481359004974365,-1877.0,29.0
M02_Feb_2020_OP05_000,M02,OP05,good,Feb,2020,41984,0,4.384313071646342,310.8745288801796,310.9054436763432,1895.0,6.095100740573461,13.07549650430098,-1760.0,1895.0,9.993330792682928,125.07332987550413,125.47192716491868,1452.0,11.572309701527976,15.929284050237351,-1405.0,1452.0,-1031.0190786966464,127.19044534609183,1038.834804010637,1766.0,1.6999815496958621,5.098205130216207,-1766.0,-259.0
M02_Feb_2020_OP05_001,M02,OP05,good,Feb,2020,41984,0,4.523127858231708,310.85476951029284,310.8876749131737,1946.0,6.259495493166426,13.106467228776369,-1789.0,1946.0,9.55783155487805,122.31670150264382,122.68955787074258,1311.0,10.685505944859472,13.73537681127981,-1311.0,1134.0,-1030.9914014862804,127.38413441046362,1038.831067901874,1829.0,1.76063275012946,5.043749963886057,-1829.0,-353.0
M02_Feb_2020_OP05_002,M02,OP05,good,Feb,2020,41984,0,4.5852229420731705,310.720814124252,310.75464372952894,1834.0,5.901762168343511,13.063688057193042,-1834.0,1815.0,9.241830221036585,123.89273761958114,124.23695851359547,1264.0,10.17410612045592,13.918381099335923,-1202.0,1264.0,-1031.2167016006097,127.31604960665302,1039.0463233886567,1832.0,1.7631552691753647,5.125603188505178,-1832.0,-271.0
M02_Feb_2020_OP05_003,M02,OP05,good,Feb,2020,41984,0,4.445884146341464,310.7393173976115,310.77112038054025,1795.0,5.775954978705926,13.061801830734197,-1741.0,1795.0,9.362614329268293,124.8483330609146,125.1989010142169,1440.0,11.501698404177537,15.13278359152854,-1331.0,1440.0,-1031.3997237042684,127.76942721179573,1039.2836073888932,1756.0,1.6896254184281734,5.03912814084506,-1756.0,-277.0
M02_Feb_2020_OP05_004,M02,OP05,good,Feb,2020,40960,0,4.4440185546875,314.8840342417739,314.9153923219522,1965.0,6.239771214457158,12.817815387461476,-1965.0,1868.0,9.3931396484375,126.74888207873477,127.09646014214583,1423.0,11.196220558845651,13.632985586717018,-1393.0,1423.0,-1031.483935546875,129.51284431106717,1039.5829385541167,1809.0,1.7401209012875989,4.986490039515912,-1809.0,-325.0
M02_Feb_2020_OP05_005,M02,OP05,good,Feb,2020,43008,0,4.409342447916667,307.1072329086284,307.13888520605394,1778.0,5.78891207086062,13.39937305968896,-1766.0,1778.0,9.117861793154763,122.65674927470519,122.99517692298737,1272.0,10.341868940084167,13.963354339767864,-1259.0,1272.0,-1031.3047340029761,126.0114012163891,1038.9746520553172,1830.0,1.761351921704599,5.186319321148261,-1830.0,-353.0
M02_Feb_2021_OP05_000,M02,OP05,good,Feb,2021,43008,0,0.7335146949404762,305.54323971549854,305.54412018504024,1840.0,6.022043555888687,13.516538149610628,-1840.0,1827.0,2.3815801711309526,111.24444425916221,111.26993440566669,804.0,7.225671555343834,8.654783873536363,-804.0,763.0,-1033.0276692708333,129.7757892128199,1041.1474059636996,1651.0,1.585750481193211,5.236589766078414,-1651.0,-187.0
M02_Feb_2021_OP05_001,M02,OP05,good,Feb,2021,44032,0,1.335914789244186,302.0445829043655,302.04753720266655,1952.0,6.4625589007542725,13.87000015529708,-1827.0,1952.0,3.2184774709302326,111.30597464228293,111.35249700073824,860.0,7.723221509745744,9.131911935422297,-860.0,823.0,-1032.6470521438953,129.0793618128623,1040.6831486804679,1809.0,1.7382812456353482,5.307620538650319,-1809.0,-329.0
M02_Feb_2021_OP05_002,M02,OP05,good,Feb,2021,45056,0,1.3290349786931819,298.60386609096344,298.6068237305447,1811.0,6.064831263314334,14.065549525639984,-1760.0,1811.0,5.571200284090909,112.53535878891424,112.67317893072475,823.0,7.304311530129172,8.21498859814319,-823.0,718.0,-1031.9616477272727,128.50142612286004,1039.9314683649095,1661.0,1.5972206347516344,5.1952865870112666,-1661.0,-433.0
M02_Feb_2021_OP05_003,M02,OP05,good,Feb,2021,43008,0,1.273344494047619,306.5057152065693,306.5083601804216,1873.0,6.110763174281726,13.504870666785212,-1873.0,1756.0,5.117722284226191,116.79796996143006,116.91003750101864,944.0,8.074584699297311,7.9573400121601265,-944.0,901.0,-1031.6604585193452,133.36413509161002,1040.2448241645227,1602.0,1.5400220820965425,4.753156608229592,-1602.0,-411.0
M02_Feb_2021_OP05_004,M02,OP05,good,Feb,2021,44032,0,1.0802598110465116,301.9756712269073,301.9776034314475,1891.0,6.2620538030373485,13.816631181452072,-1891.0,1764.0,3.05078125,112.52181822233926,112.56316823142689,1054.0,9.363631253102293,9.525429468637588,-1054.0,944.0,-1032.5448991642443,126.99243738233521,1040.3249722766466,1653.0,1.5889265797230414,5.298711532073168,-1653.0,-324.0
M02_Feb_2021_OP05_005,M02,OP05,good,Feb,2021,39936,0,0.570487780448718,291.6158449416906,291.6164029634886,1870.0,6.4125336606464165,14.10035134738956,-1807.0,1870.0,2.6314853766025643,109.39732825780115,109.42897306121615,935.0,8.54435506286756,9.362507142127372,-935.0,798.0,-1031.733899238782,134.3693276556211,1040.4469977144847,1887.0,1.8136435629542975,4.8222422573088695,-1887.0,-505.0
M02_Feb_2021_OP05_006,M02,OP05,good,Feb,2021,44032,0,1.5604333212209303,302.02041188742675,302.02444296579847,1840.0,6.092222145769716,13.869090346583118,-1840.0,1811.0,3.7824082485465116,111.39930374531798,111.46349845173661,897.0,8.047477537127534,9.027166012672504,-849.0,897.0,-1032.8069131540697,126.43821294514022,1040.5175354368607,1704.0,1.6376465960129893,5.298429951549793,-1704.0,-306.0
M02_Feb_2021_OP05_007,M02,OP05,good,Feb,2021,38912,0,0.3126284950657895,295.785384571672,295.78554978698304,1891.0,6.3931453086935734,13.847112333755788,-1813.0,1891.0,1.7752364309210527,111.76960015660325,111.78369730668526,1366.0,12.220028795901225,12.30428403056869,-1243.0,1366.0,-1032.6919459292762,133.2005384314246,1041.2468672824984,1799.0,1.727736290525537,4.777804633093393,-1799.0,-394.0
M02_Feb_2021_OP05_008,M02,OP05,good,Feb,2021,43008,0,1.1125372023809523,306.2349174538517,306.236938345122,1877.0,6.129241005814472,13.49762196110582,-1830.0,1877.0,4.564546130952381,114.84998432421823,114.94065416837839,1030.0,8.961146144958743,8.64562064105943,-915.0,1030.0,-1032.1471586681548,130.5931396296219,1040.3760499286145,1655.0,1.5907709525931109,4.945190959900272,-1655.0,-456.0
M02_Feb_2021_OP05_009,M02,OP05,good,Feb,2021,45056,0,1.2397017045454546,298.48648363555975,298.4890580464173,1862.0,6.2380846125034335,14.128728994610396,-1805.0,1862.0,4.0624778053977275,110.42040248965296,110.49510854285047,1075.0,9.728937454123686,9.219278651334196,-882.0,1075.0,-1031.8193137428977,125.89798225589541,1039.4716918458964,1748.0,1.6816234763410414,5.265903458282878,-1748.0,-464.0
M02_Feb_2021_OP05_010,M02,OP05,good,Feb,2021,43008,0,1.2199590773809523,307.31469283636346,307.31711428630024,1895.0,6.1662690162923885,13.345046597966265,-1836.0,1895.0,5.560546875,112.30726942797422,112.44484180217724,1169.0,10.396208321023801,9.220823059153187,-1169.0,1136.0,-1032.126976376488,131.24882223660276,1040.4385367250518,1643.0,1.5791418156920711,4.958234387586745,-1643.0,-329.0
M02_Aug_2019_OP06_000,M02,OP06,good,Aug,2019,187392,0,1.514098787568306,323.28829394144134,323.29183951146416,1848.0,5.716197485196556,10.718122456110278,-1848.0,1846.0,2.098419356215847,172.72170004881926,172.7344465691451,845.0,4.891902088919762,3.1700591274249916,-827.0,845.0,-1031.6162002646859,160.46925884803468,1044.0222065089354,2305.0,2.2078074447358724,5.490119067795402,-2305.0,-130.0
M02_Aug_2019_OP06_001,M02,OP06,good,Aug,2019,188416,0,0.9046524711277174,319.65397265979044,319.6552527853712,1868.0,5.84379572593555,10.929872792135482,-1842.0,1868.0,2.3098462975543477,172.27315168865206,172.28863625515075,878.0,5.096099308022419,3.144707456916742,-833.0,878.0,-1032.4815620754075,157.50967016462522,1044.426863031128,2330.0,2.230888616975909,5.8755375270712475,-2330.0,-72.0
M02_Aug_2019_OP06_002,M02,OP06,good,Aug,2019,184320,0,1.5572102864583333,316.24712588859853,316.2509597403229,1866.0,5.900377350734976,11.083588051592479,-1848.0,1866.0,2.5762369791666666,168.9961357397093,169.01577113372315,950.0,5.620777242428885,3.165481703907541,-851.0,950.0,-1032.1224826388889,156.01917420418985,1043.8480741410701,2348.0,2.2493694802589452,5.791697331639619,-2348.0,-54.0
M02_Aug_2019_OP06_003,M02,OP06,good,Aug,2019,188416,0,1.562224014945652,318.85405309650054,318.85788012834,2654.0,8.32345745675712,11.088264990688339,-1854.0,2654.0,2.7687616762907608,169.96810134863782,169.99065126435897,1036.0,6.0944527966357205,3.124028620798126,-1036.0,974.0,-1032.1743960173233,155.7649806527109,1043.8614433877062,2416.0,2.3144834166488706,6.1100007050554455,-2416.0,-35.0
M02_Aug_2019_OP06_004,M02,OP06,good,Aug,2019,187392,0,1.5501302083333333,320.21440648680345,320.2181584878637,2490.0,7.775948783661408,10.97247858658444,-1776.0,2490.0,2.4741130891393444,171.58279881716797,171.60063544611538,981.0,5.71676204723639,3.1028631994883225,-981.0,942.0,-1032.281660903347,155.95985264633043,1043.996601083949,2492.0,2.3869809512910622,5.976626725697832,-2492.0,-39.0
M02_Aug_2019_OP06_005,M02,OP06,good,Aug,2019,187392,0,1.1616771260245902,319.6625226832089,319.66463348631197,2155.0,6.74144016651838,10.985950357631115,-1846.0,2155.0,2.6531442110655736,170.72829178904652,170.7489056814436,1243.0,7.279695263868885,3.1243870043856967,-1243.0,895.0,-1031.9077655396175,166.5376928475328,1045.259986663579,2385.0,2.2817289769340627,5.931446617276585,-2385.0,-99.0
M02_Aug_2019_OP06_006,M02,OP06,good,Aug,2019,188416,0,1.0844991932744565,319.9516031212971,319.9534411104032,1983.0,6.197776755011507,10.881284044834311,-1887.0,1983.0,2.036637015964674,171.73629643063734,171.74837234176786,913.0,5.315916462854102,3.1169272204949534,-913.0,841.0,-1032.265433933424,166.58832906911056,1045.6211538964762,2512.0,2.402399751228355,6.2418702280393905,-2512.0,-3.0
M02_Aug_2019_OP06_007,M02,OP06,good,Aug,2019,187392,0,1.0414638831967213,321.44940259531523,321.45108971024666,1985.0,6.175122945731068,10.790362165230349,-1969.0,1985.0,2.641131958674863,173.066336643127,173.08648837241827,874.0,5.0494987114157315,3.117438239662292,-874.0,853.0,-1032.316256830601,169.27013043184016,1046.1019219813888,2516.0,2.405119374252294,6.242498005811565,-2516.0,-37.0
M02_Aug_2019_OP06_008,M02,OP06,good,Aug,2019,188416,0,1.104423191236413,321.30684873767893,321.308746840672,1911.0,5.947550506452946,10.79978580326926,-1911.0,1879.0,2.1118429432744565,174.5040133880853,174.5167916538867,1153.0,6.606814101228185,3.056701011383771,-907.0,1153.0,-1032.3629946501358,169.09099054822013,1046.1190734364682,2490.0,2.3802261742732864,5.9880358184771385,-2490.0,-44.0
M02_Aug_2019_OP06_009,M02,OP06,good,Aug,2019,187392,0,1.0622064976092895,319.1469771458926,319.14874479465595,2223.0,6.965404176758722,11.095328613829889,-1909.0,2223.0,2.0137465846994536,170.11612034112056,170.12803876851692,927.0,5.448837279910771,3.199331941195739,-854.0,927.0,-1032.4839427510246,156.26913031257007,1044.2428516046198,2389.0,2.287782000450355,5.910531732356289,-2389.0,-17.0
M02_Aug_2019_OP06_010,M02,OP06,good,Aug,2019,187392,0,0.9704309682377049,320.38499863567796,320.38646832699953,2602.0,8.12144162513222,11.027473959843533,-1961.0,2602.0,1.909852074795082,171.95686118929538,171.96746682155378,819.0,4.762528722074247,3.0671026700958346,-819.0,767.0,-1032.5446230362022,154.77447841109125,1044.080235292479,2285.0,2.1885291213849105,5.803700957312996,-2285.0,-85.0
M02_Aug_2019_OP06_011,M02,OP06,good,Aug,2019,186368,0,1.3477260044642858,316.13187984180104,316.1347526256707,2000.0,6.3264161354894215,11.277607531287678,-1801.0,2000.0,2.3385828039148353,167.31954469117844,167.3358867822262,991.0,5.922220385933739,3.1990232010492905,-991.0,903.0,-1031.9778395432693,149.59815913502845,1042.7645326366749,2408.0,2.309246166928279,6.198512950397924,-2408.0,21.0
M02_Aug_2019_OP06_012,M02,OP06,good,Aug,2019,188416,0,1.2240627122961956,318.16757515713545,318.1699297716474,1860.0,5.845932710658528,11.179331560431537,-1860.0,1842.0,2.665840480638587,167.51594861002005,167.53715929364174,1059.0,6.320985770947058,3.124489754415025,-841.0,1059.0,-1031.9102252462635,149.84335709806825,1042.7328251446838,2416.0,2.316988534109655,6.381387637953543,-2416.0,56.0
M02_Aug_2019_OP06_013,M02,OP06,good,Aug,2019,187392,0,1.4072212260928962,318.3976113239469,318.4007210550477,2057.0,6.460412505298218,11.19004900582657,-1830.0,2057.0,2.301154798497268,168.81309364024608,168.82877686519302,913.0,5.407845848039374,3.127758054712077,-913.0,774.0,-1032.0228451588114,149.85936281177922,1042.846576228757,2453.0,2.352215614372324,6.33079692260965,-2453.0,-11.0
M02_Aug_2019_OP06_014,M02,OP06,good,Aug,2019,187392,0,1.2451598787568305,319.94682197098575,319.94924490058935,2020.0,6.313501382469677,10.95451489058182,-1817.0,2020.0,2.473141863046448,171.26323104910227,171.2810869303816,960.0,5.604821975412841,3.099180802457507,-960.0,911.0,-1032.1199464224726,159.43531248841182,1044.3616244727712,2498.0,2.391891794435739,6.421857625988342,-2498.0,1.0
M02_Aug_2019_OP06_015,M02,OP06,good,Aug,2019,187392,0,1.1592864156420766,320.120224181822,320.1223233003494,2504.0,7.822009956021292,10.954745163750424,-1772.0,2504.0,2.5638180925546448,172.93830616085975,172.95730947548583,1499.0,8.666878575678014,3.1110944760547397,-1499.0,1333.0,-1032.1551293545083,157.9238600763031,1044.1667283696706,2510.0,2.4038306640157323,6.43204127445806,-2510.0,-13.0
M02_Aug_2019_OP06_016,M02,OP06,good,Aug,2019,183296,0,1.212956092877095,318.95934135673366,318.9616476964035,1825.0,5.721691034581956,10.829346187034313,-1817.0,1825.0,2.1258510824022347,173.82439057593686,173.83738953953605,1114.0,6.408287670165696,3.0984432585424897,-1114.0,1057.0,-1032.0824731581704,160.26108279135383,1044.4509782932575,2311.0,2.212645732570825,6.121768775156988,-2311.0,35.0
M02_Aug_2020_OP06_000,M02,OP06,good,Aug,2020,185344,0,-0.5398879920580111,354.4978637843687,354.4982748995047,2162.0,6.098760284836074,8.223672731225854,-2162.0,2074.0,4.7569114727209945,344.0361581137089,344.069042920749,1321.0,3.839345698718591,2.551680242611988,-1294.0,1321.0,-1031.3203394768645,238.4447055578668,1058.5261074849564,2024.0,1.9120926594895202,2.914779746992102,-2024.0,-85.0
M02_Aug_2020_OP06_001,M02,OP06,good,Aug,2020,189440,0,-0.39757179054054054,354.0131643998965,354.0133876448132,2096.0,5.9206800453065,8.352915618165214,-1950.0,2096.0,4.189368665540541,335.91846473873807,335.94458733881487,1397.0,4.158423896828747,2.5891557756747403,-1200.0,1397.0,-1031.2482527449324,234.16790695166497,1057.5006229008093,2190.0,2.0709207659780415,2.996922451275808,-2190.0,42.0
M02_Aug_2020_OP06_002,M02,OP06,good,Aug,2020,184320,0,-1.8087022569444444,353.34731080507316,353.3519399367028,2219.0,6.279857980679255,8.290248040337206,-2067.0,2219.0,2.160910373263889,361.6414262397754,361.6478822091735,1448.0,4.003894592592945,2.4734585367528243,-1366.0,1448.0,-1032.565673828125,242.9420846279814,1060.7604476277945,2065.0,1.9467166263768714,2.9154155687700696,-2065.0,-7.0
M02_Aug_2020_OP06_003,M02,OP06,good,Aug,2020,188416,0,-1.5059973675271738,355.70216859412625,355.70535667970364,2219.0,6.238309202630614,8.310840955787754,-1957.0,2219.0,2.2355001698369565,345.4243977413224,345.43163146412155,1444.0,4.18027727767595,2.559369905780724,-1259.0,1444.0,-1032.724757982337,239.94597015292825,1060.2332263904516,2022.0,1.90712755426829,2.9658783024646174,-2022.0,27.0
M02_Aug_2021_OP06_000,M02,OP06,good,Aug,2021,188416,0,-1.5631103515625,317.21332314796086,317.2171743404569,1909.0,6.017959159900795,10.903411974303065,-1909.0,1897.0,-0.9855001698369565,144.94205481034672,144.94540511251228,1130.0,7.796038785243657,3.901345232621667,-1130.0,843.0,-1033.390083644701,191.85122704640193,1051.0480285383787,2184.0,2.0779259755019384,3.0851993547655105,-2184.0,-128.0
M02_Aug_2021_OP06_001,M02,OP06,good,Aug,2021,189440,0,0.10424936655405405,343.4304489858787,343.43046480848585,1912.0,5.567356993405427,11.670678626460653,-1786.0,1912.0,1.3090952280405406,140.53796739832444,140.5440643028676,921.0,6.553104925265835,4.948258494934496,-921.0,880.0,-1032.9174408783783,172.0476340139621,1047.1479494515283,1750.0,1.6712060611078017,3.1392478377531208,-1750.0,-228.0
M02_Feb_2019_OP06_000,M02,OP06,good,Feb,2019,187200,0,17.135759353637695,312.4772033691406,312.94671630859375,1928.0,6.160793194260002,11.498916625976562,-1788.0,1928.0,16.413921356201172,153.56112670898438,154.4358673095703,1036.0,6.708286216461062,3.5540192127227783,-843.0,1036.0,-1049.259521484375,141.08096313476562,1058.70166015625,1854.0,1.7512015610954788,4.918574333190918,-1854.0,-163.0
M02_Feb_2020_OP06_000,M02,OP06,good,Feb,2020,188416,0,0.5340947690217391,324.7652618500221,324.76570102419333,1955.0,6.019724354618233,10.44164510604874,-1889.0,1955.0,5.504866890285326,316.6920294520103,316.73986973210793,1608.0,5.0767211635213885,2.3429781349096093,-1352.0,1608.0,-1031.2887918223505,220.88548491211253,1054.678609616817,2071.0,1.9636313670497498,2.8851620401931246,-2071.0,-152.0
M02_Feb_2020_OP06_001,M02,OP06,good,Feb,2020,188416,0,0.9852772588315217,323.94291867404064,323.9444170383754,1807.0,5.578117432985232,10.558911829669293,-1793.0,1807.0,5.196803880774456,308.0138558691337,308.05769293745396,1423.0,4.619264613816727,2.3779169327077487,-1407.0,1423.0,-1031.3702498726223,219.15687933787768,1054.397614794074,1942.0,1.841809932754141,2.8429215503331307,-1942.0,-195.0
M02_Feb_2020_OP06_002,M02,OP06,good,Feb,2020,188416,0,0.3995520550271739,324.6071472131785,324.6073931131619,2045.0,6.299918126901963,10.51659125462108,-2045.0,1957.0,4.160697605298913,334.1488031422201,334.17470587394985,1395.0,4.174463163966071,2.307914501417564,-1395.0,1356.0,-1031.5289200492527,225.20878516010666,1055.8271211762221,1911.0,1.8099554005309983,2.7779524591061686,-1911.0,-189.0
M02_Feb_2020_OP06_003,M02,OP06,good,Feb,2020,184320,0,0.22437065972222223,323.693012323123,323.6930900853622,1856.0,5.733826445014776,10.397269849470522,-1856.0,1801.0,4.404128689236111,332.08844718016326,332.11764948590644,1426.0,4.293659196394238,2.3062042782821965,-1397.0,1426.0,-1031.5382107204862,224.90013725812966,1055.7704068191852,1948.0,1.8450981268445623,2.7609500516071495,-1948.0,-214.0
M02_Feb_2020_OP06_004,M02,OP06,good,Feb,2020,188416,0,0.7504776664402174,324.81272231212915,324.8135892978373,1938.0,5.966499136287533,10.497616721534245,-1793.0,1938.0,5.132483440896739,335.32431465840205,335.3635913264857,1380.0,4.114936849708686,2.267636751010358,-1278.0,1380.0,-1031.6813805621603,225.75031561485912,1056.0916986696059,1979.0,1.8738903094239001,2.8005968461817328,-1979.0,-208.0
M02_Feb_2020_OP06_005,M02,OP06,good,Feb,2020,184320,0,0.3794704861111111,323.6136069501384,323.61382943429425,1866.0,5.76613182218428,10.360531157346278,-1866.0,1821.0,4.087163628472222,330.05160709250026,330.07691262926596,1366.0,4.1384294015566505,2.296822101876683,-1266.0,1366.0,-1031.5773220486112,225.7822084995774,1055.996864124099,1914.0,1.8125053823787398,2.776081522744423,-1914.0,-162.0
M02_Aug_2019_OP07_000,M02,OP07,bad,Aug,2019,34447,1,0.2084942084942085,515.5590953399233,515.5591374978773,1953.0,3.7881202328763712,4.863010667283208,-1953.0,1938.0,4.163991058727901,402.5163827739724,402.53792022985886,2605.0,6.471440003745442,7.678828353578367,-2605.0,2605.0,-1031.8852149679217,350.8701502597642,1089.9068580446237,3115.0,2.858042388675807,4.5774670476863815,-3115.0,917.0
M02_Feb_2019_OP07_000,M02,OP07,bad,Feb,2019,37531,1,23.57344627380371,495.3724365234375,495.93304443359375,1926.0,3.883588765898205,5.193690776824951,-1916.0,1926.0,16.643388748168945,306.87884521484375,307.3298034667969,2032.0,6.611789605428007,5.190617561340332,-2032.0,1559.0,-1049.445556640625,309.77166748046875,1094.20947265625,2693.0,2.4611375310639594,3.6710739135742188,-2693.0,665.0
M02_Feb_2019_OP07_001,M02,OP07,bad,Feb,2019,37671,1,23.63045883178711,492.2082824707031,492.77520751953125,2125.0,4.312311105699804,5.2775421142578125,-1975.0,2125.0,15.99041748046875,298.5697326660156,298.99761962890625,1725.0,5.769276699061827,5.1697587966918945,-1725.0,1557.0,-1049.408447265625,303.93157958984375,1092.5347900390625,2551.0,2.3349370869085018,3.481980085372925,-2551.0,351.0
M02_Aug_2019_OP07_000,M02,OP07,good,Aug,2019,50176,0,2.930285395408163,402.09253325089725,402.1032104679375,2073.0,5.155392809690821,9.485629444473018,-2073.0,1957.0,4.664241868622449,152.18730110950895,152.25875925937842,1536.0,10.088089561950044,5.185731681346116,-1536.0,966.0,-1031.617466517857,149.80758436618785,1042.4379643692735,1977.0,1.8965157329013653,4.56444933585843,-1977.0,-339.0
M02_Aug_2019_OP07_001,M02,OP07,good,Aug,2019,50176,0,2.7921914859693877,402.3031372701763,402.3128267787651,2043.0,5.078137866888001,9.527366580386783,-1911.0,2043.0,4.411471619897959,155.1987290636372,155.26141370225065,935.0,6.022101549281761,4.8659002401291644,-935.0,849.0,-1031.7006736288265,154.27753958334512,1043.172008436799,2090.0,2.003504679091112,4.478178806436307,-2090.0,-327.0
M02_Aug_2019_OP07_002,M02,OP07,good,Aug,2019,50176,0,2.579719387755102,401.58278117018784,401.59106698792806,1930.0,4.805883792375333,9.295301595553706,-1893.0,1930.0,3.62320631377551,145.60201425426135,145.6470877803271,1061.0,7.284731992721051,5.083331101966484,-790.0,1061.0,-1032.0470543686224,152.50809926848856,1043.2544477611575,2266.0,2.1720492108736043,6.3312539069035365,-2266.0,-259.0
M02_Aug_2019_OP07_003,M02,OP07,good,Aug,2019,50176,0,2.292948820153061,401.95862982871233,401.9651697698043,1948.0,4.846191029724223,9.372710323321105,-1948.0,1912.0,3.765525350765306,153.21780652835207,153.26407086635402,1196.0,7.8035249438396415,5.050382019978195,-1196.0,829.0,-1031.965501434949,155.52011152179256,1043.6183695391896,2303.0,2.2067453651825724,5.843481070594199,-2303.0,-263.0
M02_Aug_2019_OP07_004,M02,OP07,good,Aug,2019,50176,0,2.640923947704082,401.9456556042461,401.95433140896085,1905.0,4.739344376069911,9.386532562440438,-1905.0,1895.0,4.153419961734694,161.37211976241068,161.42556158797265,960.0,5.9470135371146,4.897812419727931,-921.0,960.0,-1031.9395129145407,157.47357456569478,1043.8855708365727,2297.0,2.200432752566144,5.414362272949015,-2297.0,-298.0
M02_Aug_2019_OP07_005,M02,OP07,good,Aug,2019,49152,0,2.4488728841145835,406.9449408032098,406.9523090286262,1871.0,4.597590328129551,9.045854718538413,-1871.0,1858.0,3.7237548828125,152.22141436529094,152.26695420148417,911.0,5.982913395604785,4.980477765933471,-841.0,911.0,-1031.995869954427,157.39908748438788,1043.9300495454247,2324.0,2.226202800668471,5.75611842458147,-2324.0,-136.0
M02_Aug_2019_OP07_006,M02,OP07,good,Aug,2019,49152,0,2.4427286783854165,406.3452501714001,406.3525922893244,1967.0,4.840623727581611,9.105863460896671,-1967.0,1948.0,4.197306315104167,153.94377308839736,154.0009826364585,1214.0,7.883066583190718,5.148870114420906,-997.0,1214.0,-1031.8039143880208,154.19620807152134,1043.262089951551,2348.0,2.250632916325984,5.298349501936012,-2348.0,-171.0
M02_Aug_2019_OP07_007,M02,OP07,good,Aug,2019,50176,0,2.660833864795918,402.6649979417343,402.6737893186903,1975.0,4.904714566452487,9.372392312741376,-1889.0,1975.0,3.7834422831632653,157.11454651152812,157.1600940475449,862.0,5.484852915265011,4.956895145417267,-862.0,843.0,-1032.0532724808672,154.75374397141934,1043.5912411052707,2235.0,2.1416431184616926,5.045900077270274,-2235.0,-308.0
M02_Aug_2019_OP07_008,M02,OP07,good,Aug,2019,49152,0,2.214599609375,406.62569528116774,406.63172590726725,1891.0,4.650399561866071,9.14929024140234,-1891.0,1864.0,4.754414876302083,155.31426884144616,155.38702187302843,909.0,5.8499094006883805,4.724611916023314,-880.0,909.0,-1031.7545572916667,156.83013791549465,1043.605844488577,2270.0,2.175150716133084,6.137377096365033,-2270.0,-302.0
M02_Aug_2019_OP07_009,M02,OP07,good,Aug,2019,49152,0,2.2835286458333335,406.6893229212055,406.695733787785,1957.0,4.811951140409966,9.11091472571267,-1914.0,1957.0,4.339925130208333,155.13668057309718,155.19737307498153,1274.0,8.208901830989651,5.012690022236821,-1266.0,1274.0,-1031.5350138346355,156.14191390089834,1043.2855707060542,2510.0,2.40586093633149,6.772238897037144,-2510.0,-101.0
M02_Aug_2019_OP07_010,M02,OP07,good,Aug,2019,49152,0,2.276611328125,406.4442771939497,406.4506531214479,1934.0,4.758265204268521,9.159331782174077,-1934.0,1848.0,4.431233723958333,154.85064034884283,154.9140298641896,917.0,5.919412210785026,5.1079674313153,-917.0,841.0,-1031.5219319661458,154.64704005518504,1043.0499523632604,2367.0,2.2693064647930217,6.445040730875078,-2367.0,-87.0
M02_Aug_2019_OP07_011,M02,OP07,good,Aug,2019,49152,0,2.6282755533854165,406.4038766876968,406.4123753272939,1983.0,4.879280554395129,9.26994385843071,-1983.0,1918.0,4.639322916666667,150.52639568888185,150.5978722167446,911.0,6.049222253876627,4.84217024012475,-911.0,837.0,-1031.5862833658855,152.95563298110181,1042.8641741326098,1981.0,1.8995762335470712,4.3708103901563256,-1981.0,-273.0
M02_Aug_2019_OP07_012,M02,OP07,good,Aug,2019,49152,0,2.2347615559895835,406.0647799943848,406.0709294090138,1920.0,4.72823800214983,9.130973328738488,-1905.0,1920.0,3.95068359375,147.66248956565784,147.71533002903232,925.0,6.262044703269447,4.990413674864933,-815.0,925.0,-1032.0599568684895,155.61941390388026,1043.7265717395412,2356.0,2.2572961767882753,6.782456699192139,-2356.0,-324.0
M02_Aug_2019_OP07_013,M02,OP07,good,Aug,2019,50176,0,2.413384885204082,402.3609797323975,402.3682174797344,2016.0,5.010336086252979,9.3866699665197,-1920.0,2016.0,4.352160395408164,148.07012253367503,148.13406929955343,976.0,6.5886261318208605,4.948500338612851,-976.0,841.0,-1032.1238639987246,157.7732533023711,1044.1130542682013,2369.0,2.268911388777134,6.017249820000787,-2369.0,-245.0
M02_Aug_2019_OP07_014,M02,OP07,good,Aug,2019,49152,0,2.786865234375,406.4157444645037,406.4252993681266,1981.0,4.874204443177824,9.29928008252446,-1969.0,1981.0,4.159464518229167,149.84534562858198,149.90306451713255,1145.0,7.638269462257304,4.893672903286697,-1145.0,907.0,-1031.3726603190105,155.28790249584407,1042.9975537435703,1998.0,1.9156324890971175,4.372741247650875,-1998.0,-363.0
M02_Aug_2019_OP07_015,M02,OP07,good,Aug,2019,49152,0,2.0289510091145835,406.326026134452,406.3310917914266,1924.0,4.735054833036519,9.100912585874935,-1862.0,1924.0,3.8021036783854165,156.43414344900128,156.4803413499725,895.0,5.719568300265325,4.8120138486289,-895.0,895.0,-1032.2123413085938,157.60341016521954,1044.1748667945783,2199.0,2.1059690957229407,5.4923324691239515,-2199.0,-238.0
M02_Aug_2019_OP07_016,M02,OP07,good,Aug,2019,49152,0,2.18023681640625,406.69795996199514,406.70380385462863,1911.0,4.698751233423585,9.116390077920624,-1909.0,1911.0,3.6222127278645835,157.93972168455264,157.98125240306155,946.0,5.988052288549064,5.021945557294335,-946.0,837.0,-1032.2264607747395,153.2551114856354,1043.5413722129178,2240.0,2.1465368404607577,6.007503220908123,-2240.0,-310.0
M02_Aug_2019_OP07_017,M02,OP07,good,Aug,2019,50176,0,2.19905931122449,402.58411828267526,402.59012426448487,1883.0,4.677213588982495,9.417121113321294,-1883.0,1873.0,3.5505420918367347,161.79571192114742,161.8346648441453,1159.0,7.161630056923674,5.191813083015539,-1159.0,981.0,-1032.3065609056123,156.59009610045723,1044.1155558105256,2199.0,2.1060887252972313,5.672602745874187,-2199.0,-171.0
M02_Aug_2019_OP07_018,M02,OP07,good,Aug,2019,50176,0,2.2396564094387754,401.71900282310116,401.725246020236,1991.0,4.9561236684131815,9.309588178050719,-1901.0,1991.0,4.406987404336735,153.23389947341275,153.29725857238918,874.0,5.7013413556073775,5.092043857087928,-874.0,798.0,-1031.8863002232142,158.37603920158966,1043.9694949477866,2272.0,2.1763088011624636,5.31945105981373,-2272.0,68.0
M02_Aug_2019_OP07_019,M02,OP07,good,Aug,2019,49152,0,2.5524698893229165,406.0381409888312,406.0461636811778,1909.0,4.701435872939123,9.20513730866366,-1903.0,1909.0,3.6540934244791665,156.937151072418,156.9796859006979,938.0,5.975295431495254,5.089617858185853,-882.0,938.0,-1031.8497314453125,159.25887697377314,1044.0676501926066,2305.0,2.207711348565182,5.2669989783589335,-2305.0,-238.0
M02_Aug_2019_OP07_020,M02,OP07,good,Aug,2019,49152,0,2.6776936848958335,405.7729118686147,405.7817468169369,1994.0,4.913971650133309,9.180350651086616,-1994.0,1940.0,4.343994140625,154.12156138363864,154.18276806577472,878.0,5.694540388751117,4.864104279257739,-878.0,851.0,-1031.676025390625,161.31158466891083,1044.2111130964813,2123.0,2.033113776872668,4.872129756918868,-2123.0,-277.0
M02_Aug_2020_OP07_000,M02,OP07,good,Aug,2020,50176,0,0.9434590242346939,412.3648024277472,412.3658817072593,1969.0,4.774885817051672,8.403085582386595,-1889.0,1969.0,6.102897799744898,150.82602887598915,150.9494496447564,1327.0,8.791022445745607,6.257899493321009,-1327.0,1069.0,-1031.0949657206634,151.41956549672585,1042.1538817035193,1731.0,1.6609831142887297,3.9761292813141247,-1731.0,-374.0
M02_Aug_2020_OP07_001,M02,OP07,good,Aug,2020,50176,0,0.9753667091836735,413.0595238845228,413.0606754605502,2076.0,5.025896008341444,8.386199201786788,-1934.0,2076.0,5.625837053571429,148.70201816977988,148.80840114159844,1288.0,8.655425299371407,6.959537077568333,-1288.0,1214.0,-1031.1163703762754,152.24202768974394,1042.2948739454825,1731.0,1.660758431486386,3.948975768279053,-1731.0,-366.0
M02_Aug_2020_OP07_002,M02,OP07,good,Aug,2020,49152,0,-0.19881184895833334,417.17781353871135,417.177860911975,1952.0,4.679059420202249,8.229350089374508,-1952.0,1870.0,2.77569580078125,152.4888198203752,152.51408019389334,1163.0,7.625525449987709,6.515991067105413,-1149.0,1163.0,-1032.4464314778645,154.09501411639062,1043.8826118136597,1768.0,1.6936770284239588,3.86144688848381,-1768.0,-310.0
M02_Aug_2020_OP07_003,M02,OP07,good,Aug,2020,49152,0,-0.26934814453125,416.52951654972,416.52960363648396,2020.0,4.849595280538344,8.246508690279045,-2020.0,1903.0,3.1936848958333335,152.4017535224612,152.43521279525572,1432.0,9.394154892041902,7.0082128023189485,-1432.0,1241.0,-1032.7230834960938,153.3218670893496,1044.0424139437268,1774.0,1.6991646855600038,3.882284171434302,-1774.0,-271.0
M02_Aug_2020_OP07_004,M02,OP07,good,Aug,2020,49152,0,-2.40057373046875,436.1262737209447,436.13288042057985,2279.0,5.225471644793834,7.573893101049676,-2262.0,2279.0,-2.4495646158854165,180.43899956410172,180.45562593197613,1182.0,6.550086725728143,4.678201299981221,-1173.0,1182.0,-1033.4210815429688,171.26241150963597,1047.5160835870422,1815.0,1.73267029350503,3.8570655635624758,-1815.0,-224.0
M02_Aug_2021_OP07_000,M02,OP07,good,Aug,2021,51200,0,-0.90388671875,401.8396937257983,401.84071031298424,1971.0,4.904928618269748,8.967749019649219,-1971.0,1838.0,1.2254296875,147.43873940307714,147.44383186382365,1016.0,6.8907596008380905,5.672665140088852,-892.0,1016.0,-1033.37958984375,160.5264134267139,1045.7734487513446,2057.0,1.9669652183807704,4.620094957348048,-2057.0,-78.0
M02_Aug_2021_OP07_001,M02,OP07,good,Aug,2021,50176,0,-0.8658322704081632,406.361074316529,406.3619967285377,1871.0,4.604269137032235,8.781449428349411,-1871.0,1870.0,1.2153220663265305,147.75780781945784,147.7628058049005,880.0,5.95549059322759,5.448701785880982,-769.0,880.0,-1032.5998086734694,162.3732732994525,1045.2882113343019,1897.0,1.814810479473881,4.257075143370597,-1897.0,-165.0
M02_Aug_2021_OP07_002,M02,OP07,good,Aug,2021,50176,0,-0.8204918686224489,407.22423230706005,407.2250588863373,1848.0,4.538031144384473,8.724554066849707,-1848.0,1840.0,1.246352838010204,153.25330590216052,153.25837388324987,962.0,6.2769816462547,5.745879792657561,-895.0,962.0,-1032.33984375,165.9901075968116,1045.5994782007954,2080.0,1.9892894395654623,4.652567192556083,-2080.0,-99.0
M02_Aug_2021_OP07_003,M02,OP07,good,Aug,2021,50176,0,-0.48891900510204084,407.6321591302458,407.63245233786233,1987.0,4.87448923314156,8.692993121207726,-1934.0,1987.0,3.154994419642857,169.95380909509703,169.98309097001578,1561.0,9.183266353683104,6.529710511966333,-1561.0,1542.0,-1032.8882334183672,183.65010708032935,1049.0879203216155,2166.0,2.064650596049163,5.663967944353234,-2166.0,284.0
M02_Feb_2019_OP07_000,M02,OP07,good,Feb,2019,50400,0,16.517518997192383,399.5179443359375,399.8592834472656,1946.0,4.866712067363175,9.280379295349121,-1946.0,1938.0,14.496210098266602,147.845947265625,148.55491638183594,851.0,5.728521281736948,5.034463405609131,-851.0,792.0,-1049.430419921875,152.35800170898438,1060.4324951171875,1873.0,1.766260472613126,4.154889106750488,-1873.0,-275.0
M02_Feb_2019_OP07_001,M02,OP07,good,Feb,2019,50400,0,16.473491668701172,398.7897644042969,399.1298522949219,1981.0,4.9632970037435715,9.230707168579102,-1850.0,1981.0,14.409920692443848,161.30416870117188,161.946533203125,995.0,6.144003087438738,5.304608345031738,-995.0,950.0,-1049.4190673828125,154.27243041992188,1060.697998046875,1784.0,1.6819113482678227,4.011262893676758,-1784.0,-318.0
M02_Feb_2019_OP07_002,M02,OP07,good,Feb,2019,49200,0,16.829532623291016,404.0499572753906,404.4002990722656,2004.0,4.955485949435188,9.070866584777832,-1907.0,2004.0,14.91650390625,156.9208221435547,157.62820434570312,1098.0,6.9657584729691875,4.9809770584106445,-1098.0,851.0,-1049.12744140625,155.547119140625,1060.5958251953125,1895.0,1.786731528620744,3.9472007751464844,-1895.0,-281.0
M02_Feb_2020_OP07_000,M02,OP07,good,Feb,2020,48128,0,3.3542012965425534,414.68108147045564,414.6946466930148,1957.0,4.71913494810244,8.310097780497033,-1957.0,1842.0,7.96235039893617,150.7561153934333,150.96623911455706,1198.0,7.935549080552552,7.566996306878025,-1192.0,1198.0,-1031.2860289228724,151.96208379458338,1042.4218667903601,1772.0,1.6998875948909504,3.80587883801622,-1772.0,-277.0
M02_Feb_2020_OP07_001,M02,OP07,good,Feb,2020,49152,0,3.0110677083333335,410.7551413340905,410.76617760123924,1873.0,4.559771719613824,8.50035370888988,-1873.0,1873.0,7.676656087239583,152.1019242589155,152.29552328268423,1292.0,8.483506094935217,8.534269268381662,-1292.0,1260.0,-1031.0014241536458,150.43741465727885,1041.9190718744005,1760.0,1.6891906938931256,3.9892491328166653,-1760.0,-300.0
M02_Feb_2020_OP07_002,M02,OP07,good,Feb,2020,49152,0,3.2166544596354165,411.29910583984224,411.31168392177534,1905.0,4.631524156659501,8.437822379812651,-1905.0,1870.0,7.095865885416667,148.915339048527,149.0843033877194,1272.0,8.532085344303116,8.261597938066132,-1210.0,1272.0,-1031.1405843098958,148.5371343633636,1041.784135459853,1725.0,1.655813273868458,3.8771721026663424,-1725.0,-286.0
M02_Feb_2020_OP07_003,M02,OP07,good,Feb,2020,49152,0,3.2777506510416665,411.1665197274033,411.1795843595296,1932.0,4.698676864050445,8.466828513965545,-1932.0,1852.0,7.015604654947917,149.610483366708,149.77488254675592,1227.0,8.192294857029594,7.244979032614027,-1136.0,1227.0,-1031.2651977539062,151.00387481684734,1042.2620007983144,1690.0,1.621473294340151,3.8597006944461447,-1690.0,-294.0
M02_Feb_2020_OP07_004,M02,OP07,good,Feb,2020,45056,0,2.77978515625,412.2260373979689,412.2354098259229,2110.0,5.118434636391382,8.378949324736938,-1998.0,2110.0,6.9331276633522725,152.25446331017827,152.412236572615,1221.0,8.011167787163002,7.827140115791588,-1188.0,1221.0,-1031.3517622514205,158.92578346578878,1043.5247300132974,1815.0,1.7392975439852507,3.6584921105889454,-1815.0,-302.0
M02_Feb_2020_OP07_005,M02,OP07,good,Feb,2020,49152,0,3.1826171875,410.561837531322,410.57417294474067,1864.0,4.539983571374998,8.512614826256085,-1864.0,1860.0,6.96551513671875,150.5189527267825,150.68003693617558,1198.0,7.950621889663086,7.2367103399248025,-1198.0,1198.0,-1031.4124755859375,151.14501547763578,1042.4281800191545,1739.0,1.6682204427436391,3.8860454835544718,-1739.0,-310.0
M02_Feb_2020_OP07_006,M02,OP07,good,Feb,2020,49152,0,3.1683349609375,411.8493891410633,411.86157587506466,1940.0,4.710320441711915,8.342207578512047,-1852.0,1940.0,7.643473307291667,147.71061955264503,147.9082479540121,1165.0,7.8765046311834075,7.096953382818754,-1165.0,1143.0,-1031.4010620117188,150.565332292739,1042.3329938207482,1803.0,1.729773508743085,3.787826512111072,-1803.0,-347.0
M02_Feb_2021_OP07_000,M02,OP07,good,Feb,2021,51200,0,-0.50634765625,401.71911065563864,401.7194297689698,1950.0,4.854134143129326,9.09406401390245,-1950.0,1911.0,0.67072265625,141.9031358192522,141.90472093703843,745.0,5.25000151566873,5.332785422052154,-724.0,745.0,-1032.88197265625,153.62313349155744,1044.2438587715185,1747.0,1.6729808706322928,4.055465903236559,-1747.0,-331.0
M02_Feb_2021_OP07_001,M02,OP07,good,Feb,2021,52224,0,0.04739200367647059,397.5387021143772,397.5387049392619,1936.0,4.86996605851446,9.279071577096127,-1936.0,1852.0,2.1819087009803924,139.0015162787467,139.0186399493611,843.0,6.063935025598517,5.538875876120458,-790.0,843.0,-1032.3818742340686,152.59727072032175,1043.598707012585,1840.0,1.7631298195713565,4.2190176700574105,-1840.0,-244.0
M02_Feb_2021_OP07_002,M02,OP07,good,Feb,2021,53248,0,0.2679912860576923,394.11336236343345,394.11345347848805,1957.0,4.965575223903945,9.495365275020976,-1957.0,1920.0,4.169170673076923,147.4360426872159,147.49497844797222,915.0,6.203601028510673,5.307822836842354,-915.0,747.0,-1031.7911095252405,148.00226142480014,1042.3519382061806,1803.0,1.7297420707087137,4.294590938783118,-1803.0,-255.0
M02_Feb_2021_OP07_003,M02,OP07,good,Feb,2021,54272,0,0.647682045990566,389.339164870857,389.33970359362155,1944.0,4.993068988486917,9.721070586025386,-1907.0,1944.0,3.7289578419811322,147.88290717210074,147.9299136762387,1001.0,6.766717935026998,5.634607410141531,-1001.0,907.0,-1031.262455778302,148.36339296959437,1041.8800070408033,1905.0,1.8284255260936149,4.512838338073057,-1905.0,-259.0
M02_Feb_2021_OP07_004,M02,OP07,good,Feb,2021,52224,0,0.5257352941176471,398.2291032142485,398.2294502474974,2016.0,5.062408113581421,9.260950327815717,-2016.0,1838.0,4.273494944852941,152.32135466809382,152.38129100046012,1003.0,6.582172873157843,5.836118607697917,-931.0,1003.0,-1031.4858302696077,154.75502929801672,1043.0302666461853,1793.0,1.7190296938988234,4.138451271436776,-1793.0,-290.0
M02_Feb_2021_OP07_005,M02,OP07,good,Feb,2021,54272,0,-0.010373673349056603,389.8086546043388,389.80865474237197,1916.0,4.915232067554533,9.663901544021659,-1848.0,1916.0,1.7009876179245282,145.32144979204344,145.33140448140497,1171.0,8.057446387300471,6.124079503395227,-1171.0,913.0,-1032.5846477004718,151.32508278923925,1043.6140739506523,1864.0,1.7861008647993186,4.447640905906432,-1864.0,-146.0
M02_Feb_2021_OP07_006,M02,OP07,good,Feb,2021,52224,0,-0.09126072303921569,397.51601966297983,397.51603013868277,1948.0,4.900431309198763,9.274988095412008,-1948.0,1858.0,2.0909352022058822,140.6873665590208,140.70290373454313,1270.0,9.026110807180235,6.081780250374887,-1270.0,1036.0,-1031.8702129289215,151.1270248773184,1042.8784751725618,1815.0,1.7403753584037465,4.314300262541223,-1815.0,-355.0
M02_Feb_2021_OP07_007,M02,OP07,good,Feb,2021,52224,0,0.10361136642156862,397.85856888934,397.85858238071097,1936.0,4.8660506163153245,9.30520028705746,-1936.0,1918.0,1.5567746629901962,145.66714048711043,145.67545903494826,929.0,6.377189446694164,5.714868996632075,-899.0,929.0,-1032.6455078125,149.15128680319867,1043.3613233968308,1766.0,1.692606348729223,4.2892949587676705,-1766.0,-335.0
M02_Feb_2021_OP07_008,M02,OP07,good,Feb,2021,52224,0,-0.3121744791666667,399.23874687599266,399.23886892438014,1959.0,4.906836865052472,9.281371797022938,-1875.0,1959.0,1.0885991115196079,144.43513510882505,144.43923740428065,1167.0,8.079522025816335,5.89957947975814,-1013.0,1167.0,-1032.6827895220588,150.56669816687696,1043.601492128071,1860.0,1.7822895176272329,4.236710923266629,-1860.0,-171.0
M02_Feb_2021_OP07_009,M02,OP07,good,Feb,2021,52224,0,0.03601792279411765,398.5750972340772,398.5750988614879,2002.0,5.02289281422403,9.241234190767594,-2002.0,1942.0,3.739468443627451,144.28911448960864,144.33756331751025,897.0,6.214598468915547,5.53599362324505,-890.0,897.0,-1031.9732689950981,153.3831394237091,1043.309740863135,1819.0,1.743489904057766,4.3400232709184765,-1819.0,-204.0
M02_Feb_2021_OP07_010,M02,OP07,good,Feb,2021,54272,0,0.24990787146226415,389.6337032564832,389.63378340090765,1928.0,4.9482362211292505,9.667064502399423,-1918.0,1928.0,2.649966833726415,144.1499709777463,144.174326622686,954.0,6.616989462324195,5.949435097373154,-831.0,954.0,-1031.8153928360848,150.39545904206068,1042.7184658353167,1862.0,1.7857169130579853,4.452727853856008,-1862.0,-165.0
M02_Feb_2021_OP07_011,M02,OP07,good,Feb,2021,52224,0,-0.21522671568627452,400.9536584468146,400.9537162122631,1961.0,4.890838819316131,9.076315802240638,-1901.0,1961.0,3.812844669117647,149.0818141405616,149.13056390931996,944.0,6.3300236735777835,5.6944443175511035,-858.0,944.0,-1032.282896752451,156.21895907864763,1044.036561669776,1983.0,1.8993587703753367,4.2560275828597325,-1983.0,-163.0
M02_Aug_2019_OP08_000,M02,OP08,bad,Aug,2019,59184,1,1.163101513922682,354.0969603789898,354.09887059234114,1991.0,5.622723384204614,9.903180621157576,-1991.0,1745.0,3.9741653149499867,281.7687455547998,281.79677067254704,1686.0,5.983035206457928,5.182425465630599,-1686.0,1665.0,-1031.7271221951878,219.6094743379002,1054.840829647835,2625.0,2.4885271087547607,7.596277660883379,-2625.0,710.0
M02_Aug_2021_OP08_000,M02,OP08,bad,Aug,2021,70000,1,-4.866757142857143,313.7210432908253,313.75879004192285,2012.0,6.412569348993113,9.964282141181531,-2012.0,1940.0,-0.10678571428571429,167.31449543457228,167.31452951167836,890.0,5.319322850188447,4.732217803328742,-890.0,782.0,-1032.8208142857143,200.27159678345325,1052.058718370795,1764.0,1.6767124963630435,2.9728331001183452,-1764.0,-197.0
M02_Feb_2019_OP08_000,M02,OP08,bad,Feb,2019,63811,1,18.170392990112305,334.730224609375,335.2230224609375,2061.0,6.148145747478194,11.2631254196167,-1788.0,2061.0,17.040964126586914,222.74354553222656,223.3944549560547,1237.0,5.5372905305252,3.2138512134552,-1237.0,1065.0,-1049.5028076171875,173.66851806640625,1063.77490234375,1811.0,1.7024278313108674,4.063248157501221,-1811.0,-257.0
M02_Feb_2019_OP08_001,M02,OP08,bad,Feb,2019,64071,1,17.95071029663086,333.6618347167969,334.14434814453125,1961.0,5.868721140696315,11.373519897460938,-1961.0,1885.0,16.734310150146484,219.4182891845703,220.0554962158203,1432.0,6.507449369024441,3.3453586101531982,-1432.0,1214.0,-1049.568115234375,171.13824462890625,1063.4290771484375,1772.0,1.6663076439019144,4.086591720581055,-1772.0,-316.0
M02_Aug_2019_OP08_000,M02,OP08,good,Aug,2019,75776,0,2.41162109375,325.2028265658847,325.2117684259607,1971.0,6.060666283817855,13.194687216503775,-1907.0,1971.0,3.187882706925676,174.0309805801026,174.06017579511163,1028.0,5.906003457161111,3.1927649371972104,-1028.0,915.0,-1031.5884580869933,126.1655103388754,1039.2749794242952,2266.0,2.1803661637801066,6.600408252531023,-2266.0,-308.0
M02_Aug_2019_OP08_001,M02,OP08,good,Aug,2019,73728,0,1.9864366319444444,328.133124329742,328.1391369722463,2012.0,6.131545351660302,12.872661270666592,-1868.0,2012.0,2.6096598307291665,174.44552728424557,174.46504610927252,815.0,4.671422833256479,3.2025777655953713,-810.0,815.0,-1032.3743489583333,125.34741640272566,1039.9561390683652,2145.0,2.0625869874873546,6.643581400232151,-2145.0,-292.0
M02_Aug_2019_OP08_002,M02,OP08,good,Aug,2019,75776,0,2.5767129434121623,324.0865250171371,324.0967681839425,1994.0,6.152483442439935,13.138419644756398,-1856.0,1994.0,3.6851905616554053,173.4361114817215,173.47525874134283,794.0,4.577021563541113,3.2072767134745104,-757.0,794.0,-1031.8601668074325,124.36962653955639,1039.3282483649962,2453.0,2.360178320813372,7.9659301650896985,-2453.0,-314.0
M02_Aug_2019_OP08_003,M02,OP08,good,Aug,2019,74752,0,2.413406999143836,326.48776454997335,326.49668441529747,1938.0,5.9357417471808125,12.973061140942582,-1938.0,1830.0,3.2866144049657535,176.38527876572007,176.41589610777058,769.0,4.359017622370187,3.1126472179055753,-769.0,767.0,-1032.09792380137,124.53709875435403,1039.584346400642,2342.0,2.2528234559405576,7.7680031158739435,-2342.0,-335.0
M02_Aug_2019_OP08_004,M02,OP08,good,Aug,2019,75776,0,2.524216110641892,324.27022445428753,324.2800489308697,2030.0,6.260021258454778,13.14575842842899,-2030.0,1887.0,3.064453125,176.3848541717321,176.41147256949733,1237.0,7.012015613172117,3.2510914978602385,-962.0,1237.0,-1032.3085541596283,122.85976621086682,1039.5938981855036,2455.0,2.361499047161523,8.322800239968295,-2455.0,-347.0
M02_Aug_2019_OP08_005,M02,OP08,good,Aug,2019,75776,0,2.1117372255067566,324.28908116446183,324.29595679965007,1959.0,6.040778365948822,13.114720059588302,-1959.0,1940.0,3.6149308488175675,173.85483736324198,173.8924155897578,935.0,5.3768877545862965,3.266995229403339,-935.0,886.0,-1031.7674989442567,125.01437606290563,1039.3136033460182,2613.0,2.5141593370736004,9.070972600718308,-2613.0,-325.0
M02_Aug_2019_OP08_006,M02,OP08,good,Aug,2019,75776,0,2.106247360641892,324.32721796798927,324.3340570966913,1907.0,5.879740219299511,13.09373438535535,-1907.0,1858.0,3.416213576858108,173.35672021751415,173.39037735634633,915.0,5.2771094564234176,3.242751332982769,-915.0,786.0,-1031.8681244721283,124.65391877684947,1039.3702063115206,2492.0,2.397605766326052,8.649132816111809,-2492.0,-300.0
M02_Aug_2019_OP08_007,M02,OP08,good,Aug,2019,74752,0,2.1729719606164384,326.16058215465404,326.1678205442782,1981.0,6.073560526891628,12.92921728509813,-1981.0,1848.0,2.847000749143836,172.57368206969275,172.59716439257343,909.0,5.2665986906509845,3.2152798183033866,-722.0,909.0,-1032.3793343321918,123.75553595159482,1039.770418234163,2346.0,2.256267305607906,7.4075448443559955,-2346.0,-290.0
M02_Aug_2019_OP08_008,M02,OP08,good,Aug,2019,75776,0,2.1688529349662162,324.4353213609832,324.4425706803254,2016.0,6.213734516320218,13.117880736677282,-1959.0,2016.0,3.14966480152027,175.90432041754354,175.9325164087633,907.0,5.155385817893195,3.1871655380365493,-815.0,907.0,-1032.2983002533783,124.8918734848947,1039.8258319394556,2424.0,2.331159628414712,8.3076330305121,-2424.0,-251.0
M02_Aug_2019_OP08_009,M02,OP08,good,Aug,2019,75776,0,2.11596019847973,324.417094289223,324.4239947269994,2002.0,6.170936899056032,13.065501474774894,-1877.0,2002.0,2.9710594383445947,175.81438184506686,175.83948378492573,1044.0,5.937233080580162,3.2128274354243844,-1044.0,761.0,-1032.320286106419,123.6337595114021,1039.6973019094364,2309.0,2.220838695800643,7.2504559305770195,-2309.0,-255.0
M02_Aug_2019_OP08_010,M02,OP08,good,Aug,2019,70656,0,1.7859346693840579,322.52086568792924,322.52581038846273,2117.0,6.563815768574311,13.212373536307412,-2117.0,1852.0,2.752802309782609,173.26750655455183,173.28937286570232,897.0,5.176312806528343,3.190800719851102,-841.0,897.0,-1032.5209748641305,127.65071608701574,1040.3817899463168,2158.0,2.0742385351740458,6.541456563546438,-2158.0,-302.0
M02_Aug_2019_OP08_011,M02,OP08,good,Aug,2019,74752,0,1.8950262200342465,326.6551792454435,326.6606760114346,1936.0,5.926639299345084,13.033686491966249,-1936.0,1862.0,1.8513618364726028,173.79830057102194,173.80816097647667,940.0,5.408261584030109,3.2605149628495846,-888.0,940.0,-1032.3979692851028,124.29759940453313,1039.8535763278087,2156.0,2.073368836806627,7.016312954231272,-2156.0,-300.0
M02_Aug_2019_OP08_012,M02,OP08,good,Aug,2019,74752,0,2.103435359589041,326.3877222088181,326.3945000286809,1905.0,5.836495406119294,12.99204380683387,-1905.0,1875.0,2.9816459760273974,173.02433636997984,173.05002510545407,1030.0,5.952036120031382,3.3349264012168947,-1030.0,847.0,-1031.8424389982877,124.43031615239175,1039.3179121403225,2479.0,2.3852182003626434,7.993130224800854,-2479.0,-318.0
M02_Aug_2019_OP08_013,M02,OP08,good,Aug,2019,75776,0,2.3024572423986487,324.3690187216744,324.3771903445355,1875.0,5.78030778923906,13.149716735522917,-1875.0,1832.0,3.307907516891892,173.11496488494703,173.14656600480635,831.0,4.799402143366403,3.274875364957253,-784.0,831.0,-1031.810203758446,124.28154383184261,1039.2681072356988,2418.0,2.3266373548511234,8.28843983449394,-2418.0,-298.0
M02_Aug_2019_OP08_014,M02,OP08,good,Aug,2019,71680,0,2.392857142857143,320.49566734013894,320.5045998875947,1912.0,5.965593007621621,13.29845208606062,-1868.0,1912.0,2.8551060267857142,172.89035103551313,172.9139239957475,1048.0,6.060819023607223,3.4170438896057442,-1048.0,1040.0,-1032.0304547991072,126.62251875594231,1039.7692637739158,2311.0,2.2226084964389723,7.7446809145088435,-2311.0,-296.0
M02_Aug_2019_OP08_015,M02,OP08,good,Aug,2019,75776,0,2.2573374155405403,324.0790358753277,324.0868973995856,1934.0,5.96753529845873,13.14352472819632,-1911.0,1934.0,2.9904191300675675,176.5572539075139,176.5825770395704,1054.0,5.968878796937079,3.1803097332346932,-1054.0,776.0,-1031.991039379223,127.14783475075812,1039.7942475513196,2332.0,2.2427513957610183,7.944035071362384,-2332.0,-325.0
M02_Aug_2019_OP08_016,M02,OP08,good,Aug,2019,75776,0,2.213550464527027,324.3028211646164,324.31037544455495,1912.0,5.895586896901118,13.128975828497156,-1912.0,1793.0,2.9611222550675675,173.91818514120797,173.94339127377316,897.0,5.156850130558814,3.1938059660004825,-808.0,897.0,-1032.1378536739865,126.088935822549,1039.8110254866538,2564.0,2.4658326726243294,8.518578577782893,-2564.0,-329.0
M02_Aug_2019_OP08_017,M02,OP08,good,Aug,2019,75776,0,2.433936866554054,324.41134196169907,324.42047229184044,1899.0,5.853514689084442,13.119188731738362,-1899.0,1844.0,2.4098263302364864,173.04844999372156,173.0652284780841,927.0,5.3563619229115655,3.25402393073502,-927.0,794.0,-1032.1702781883446,124.12429191112186,1039.606811740786,2381.0,2.290288956469126,8.627954976259542,-2381.0,-306.0
M02_Aug_2020_OP08_000,M02,OP08,good,Aug,2020,71680,0,-0.02642299107142857,353.51078803823634,353.51078902572306,2080.0,5.883837394984428,9.971774475535213,-2080.0,2037.0,4.82646484375,339.69648636909596,339.73077225120085,1360.0,4.0031698953499575,2.684006105467799,-1352.0,1360.0,-1031.1671875,219.66045322308292,1054.303790796007,1856.0,1.7604034209141055,3.0562900732492007,-1856.0,-122.0
M02_Aug_2020_OP08_001,M02,OP08,good,Aug,2020,75776,0,0.3835251266891892,357.6631513669895,357.66335699549774,2065.0,5.773585578759733,9.90116929004851,-2065.0,2002.0,4.896999049831081,323.34630758992995,323.38338737748364,1356.0,4.1931653044908845,2.801395244467431,-1356.0,1321.0,-1031.2361961570946,214.9174398981039,1053.393372979396,1870.0,1.77521526902237,3.253242663322402,-1870.0,-130.0
M02_Aug_2020_OP08_002,M02,OP08,good,Aug,2020,75776,0,-0.7528637035472973,355.87432555628635,355.8751219092138,2164.0,6.080784710070437,10.01502533183163,-1967.0,2164.0,2.3486460092905403,340.27225311658964,340.2803584973976,1393.0,4.093683238583556,2.742301245983711,-1272.0,1393.0,-1032.4307432432433,218.03509302710765,1055.2026067941338,2012.0,1.9067428255439611,3.2419029690327776,-2012.0,-68.0
M02_Aug_2020_OP08_003,M02,OP08,good,Aug,2020,75776,0,-0.95458984375,357.3002616033523,357.30153677754276,2174.0,6.0844966400285605,9.925228284255203,-2092.0,2174.0,1.93115234375,340.7178284010719,340.72330113996765,1370.0,4.020857967201985,2.736310777640954,-1251.0,1370.0,-1032.6237595016892,220.1145647823436,1055.8230203574476,1930.0,1.827957870578159,3.2307977218969244,-1930.0,-148.0
M02_Aug_2021_OP08_000,M02,OP08,good,Aug,2021,76800,0,-0.5749088541666667,323.1300972971855,323.13060873194786,1873.0,5.796417762310293,12.74471041881899,-1873.0,1844.0,-0.6897265625,142.5343097171338,142.5359785081326,931.0,6.531684208747902,4.652183645549236,-835.0,931.0,-1033.286328125,147.00947627674608,1043.6917274776151,1635.0,1.5665545265472722,4.1275278978242,-1635.0,-286.0
M02_Aug_2021_OP08_001,M02,OP08,good,Aug,2021,77824,0,-0.19040398848684212,321.0412860638745,321.0413425265122,1811.0,5.641018025117573,12.890514636600075,-1811.0,1754.0,1.6510716488486843,143.25626162507217,143.26577585864936,884.0,6.170350139116148,4.612810772990125,-884.0,827.0,-1032.9127390008223,152.4289569581119,1044.099283262621,1672.0,1.6013802775300288,3.9052974893719368,-1672.0,-288.0
M02_Feb_2019_OP08_000,M02,OP08,good,Feb,2019,73200,0,16.03971290588379,327.7051696777344,328.09747314453125,1868.0,5.693430010590546,12.537474632263184,-1815.0,1868.0,15.266721725463867,154.97491455078125,155.72506713867188,970.0,6.228926516603926,3.5266494750976562,-970.0,837.0,-1049.7659912109375,120.84695434570312,1056.698974609375,1778.0,1.682598396253072,5.961104869842529,-1778.0,-279.0
M02_Feb_2020_OP08_000,M02,OP08,good,Feb,2020,75776,0,1.8705262880067568,328.0824876484766,328.0878199052914,1891.0,5.763700708383116,12.501963826736139,-1891.0,1873.0,5.693781672297297,283.12108534480836,283.1783327102447,1510.0,5.3323288739928785,2.739654285106888,-1341.0,1510.0,-1031.2126134923988,183.32102758602073,1047.3805675975746,1846.0,1.7624921228338768,3.3363802710364645,-1846.0,-257.0
M02_Feb_2020_OP08_001,M02,OP08,good,Feb,2020,75776,0,2.139503272804054,328.4479539280028,328.45492219442497,1850.0,5.632431956385524,12.486836284981168,-1850.0,1799.0,5.687394425675675,268.9277879436442,268.98792088793664,1403.0,5.215847594080277,2.8164215413698344,-1403.0,1401.0,-1031.2256651182433,182.97133205843346,1047.3322685536814,1801.0,1.7196070951648417,3.3168636189878056,-1801.0,-331.0
M02_Feb_2020_OP08_002,M02,OP08,good,Feb,2020,75776,0,1.813133445945946,330.0253859688513,330.0303665373568,1897.0,5.747955922671966,12.312340775600008,-1870.0,1897.0,5.07349292652027,300.2432037785302,300.28606651936326,1307.0,4.352516302702713,2.6827659771043764,-1296.0,1307.0,-1031.3699588260135,195.60784657648932,1049.755410374752,1752.0,1.6689602003332888,3.1937710102042236,-1752.0,-290.0
M02_Feb_2020_OP08_003,M02,OP08,good,Feb,2020,75776,0,2.0204946157094597,328.5683832943827,328.57459563876284,1893.0,5.761248815721521,12.430472759860123,-1852.0,1893.0,5.036766258445946,304.5116574525664,304.5533098471454,1512.0,4.964648063614444,2.684486315840335,-1512.0,1405.0,-1031.5750105574325,193.5024040392836,1049.5666642836695,1918.0,1.8274208444958921,3.2092536530361344,-1918.0,-306.0
M02_Feb_2020_OP08_004,M02,OP08,good,Feb,2020,75776,0,2.052615603885135,328.5696634967142,328.57607490680346,1930.0,5.8738299815268675,12.467125899269234,-1850.0,1930.0,5.328177787162162,300.61611285631665,300.6633279722908,1465.0,4.872559649625826,2.6789795818646285,-1465.0,1327.0,-1031.690746410473,193.24424662418573,1049.632857280272,1922.0,1.8311164581681816,3.179569262787129,-1922.0,-331.0
M02_Feb_2020_OP08_005,M02,OP08,good,Feb,2020,75776,0,1.8480389569256757,329.7932233930129,329.7984012149544,1940.0,5.882381457439377,12.286584519818492,-1920.0,1940.0,4.925002639358108,304.84166086127163,304.8814422815142,1368.0,4.48699005673441,2.6166915617416295,-1196.0,1368.0,-1031.4006281672298,194.91705744162053,1049.6570464039462,1844.0,1.7567642748814185,3.156667894476766,-1844.0,-288.0
M02_Feb_2021_OP08_000,M02,OP08,good,Feb,2021,79872,0,-1.311473357371795,319.9780269642849,319.98071457874414,2024.0,6.3253812113789545,13.011164868564142,-1895.0,2024.0,-0.9406926081730769,156.40883681728573,156.41166560432566,919.0,5.875520834390913,4.076509243463981,-919.0,870.0,-1033.166015625,148.7369360304754,1043.8173652426806,1729.0,1.656420038191278,3.7465944622388414,-1729.0,-349.0
M02_Feb_2021_OP08_001,M02,OP08,good,Feb,2021,79872,0,-1.1529572315705128,321.2588931396185,321.26096204125184,1866.0,5.80836211204645,12.872950131771276,-1862.0,1866.0,0.4070387620192308,155.61980130474433,155.62033362861644,1206.0,7.749629960812738,4.171484199055568,-993.0,1206.0,-1032.8008688902244,149.57342497208134,1043.575509600662,1836.0,1.759336035686167,3.709247299089451,-1836.0,-372.0
M02_Feb_2021_OP08_002,M02,OP08,good,Feb,2021,81920,0,0.04696044921875,316.75751339822693,316.7575168792553,1811.0,5.717307099267148,13.19911749045284,-1811.0,1776.0,3.05592041015625,160.5077633635162,160.53685168680653,935.0,5.824207901025142,3.892337818672291,-935.0,870.0,-1032.2246704101562,155.98211762823593,1043.9435766472939,1731.0,1.6581355915414906,3.5479651292205174,-1731.0,-304.0
M02_Feb_2021_OP08_003,M02,OP08,good,Feb,2021,80896,0,-0.5006428006329114,320.91593726415755,320.9163277761768,1961.0,6.1106270708908905,12.923688508829946,-1961.0,1926.0,3.053537875791139,167.20564461190986,167.23352440118936,1341.0,8.018727135014938,3.7887438326456193,-1341.0,1098.0,-1031.7389982199368,161.0452068772433,1044.2322151255498,1709.0,1.6366091519160075,3.3740756636314875,-1709.0,-349.0
M02_Feb_2021_OP08_004,M02,OP08,good,Feb,2021,80896,0,-0.10975820806962025,318.275615451345,318.2756343765521,1975.0,6.205313214970695,13.090869383909649,-1975.0,1926.0,0.0902887658227848,156.769773075154,156.76979907525723,997.0,6.359643285129114,4.030039905866565,-839.0,997.0,-1032.7051399327531,146.96722308756472,1043.1103828002083,1780.0,1.7064349366570648,3.6840072557212133,-1780.0,-394.0
M02_Feb_2021_OP08_005,M02,OP08,good,Feb,2021,79872,0,-1.2429637419871795,321.67023206100527,321.672633515885,2041.0,6.344960022529271,12.801607235401416,-1912.0,2041.0,-0.1412635216346154,160.20681742049203,160.20687970054664,927.0,5.786268365832463,3.890716886344239,-927.0,905.0,-1031.9246168870193,150.58363815603258,1042.8537035546876,1694.0,1.6243889188155585,3.592398771083612,-1694.0,-273.0
M02_Feb_2021_OP08_006,M02,OP08,good,Feb,2021,75776,0,-0.5741263724662162,322.5250216916351,322.5255326920355,1854.0,5.748382103349002,12.31620678444848,-1817.0,1854.0,-0.14435969172297297,167.3495245241002,167.3495867881454,1415.0,8.45535401166724,4.033316138446017,-1415.0,1290.0,-1032.97265625,155.0176471631757,1044.5396016868808,1661.0,1.5901742713417142,3.547847756934815,-1661.0,-259.0
M02_Feb_2021_OP08_007,M02,OP08,good,Feb,2021,75776,0,-0.827808277027027,320.17216906317816,320.1732392145912,1991.0,6.218508470239646,12.538074841014332,-1801.0,1991.0,-1.4260847761824325,163.87075836982584,163.87696350155719,1190.0,7.26154533604531,3.940894808589877,-1190.0,1001.0,-1032.9219805743244,153.46972687644305,1044.260874983409,1709.0,1.636564234992671,3.5141141904073603,-1709.0,-353.0
M02_Feb_2021_OP08_008,M02,OP08,good,Feb,2021,79872,0,-0.7419245793269231,320.9600154951026,320.9608730027664,1955.0,6.091085127323758,12.948207656622959,-1860.0,1955.0,1.5266801883012822,162.96331790645223,162.97046890610815,993.0,6.093128446308239,3.8601331373034498,-905.0,993.0,-1032.2079827724358,148.43912840664586,1042.826684804942,1651.0,1.5831969243372548,3.625868714594502,-1651.0,-427.0
M02_Feb_2021_OP08_009,M02,OP08,good,Feb,2021,82944,0,-1.0036289544753085,315.33785293075437,315.339450056691,1934.0,6.133073421838941,13.319652354444427,-1860.0,1934.0,1.5250892168209877,160.82262650076723,160.8298575878389,1323.0,8.226084508452853,4.039530265605179,-1323.0,1173.0,-1031.9210792824074,151.20109016971762,1042.9395397317523,1807.0,1.7326028318619184,3.619918396896888,-1807.0,-406.0
M02_Feb_2021_OP08_010,M02,OP08,good,Feb,2021,79872,0,-0.7176983173076923,329.9120419322851,329.91282258015445,1934.0,5.862154689456249,12.004109951410642,-1934.0,1928.0,2.454852764423077,158.25103867265426,158.270077851339,1212.0,7.657796195301145,4.116056352265345,-1198.0,1212.0,-1032.3176958133013,158.75445539174638,1044.4533508951051,1762.0,1.6870068907241778,3.40444693190233,-1762.0,-294.0
M02_Aug_2019_OP09_000,M02,OP09,good,Aug,2019,210944,0,2.576442088895631,381.80907799930725,381.8177707971677,2562.0,6.710007223212788,9.921386734826047,-2012.0,2562.0,5.481293613470874,115.79107808690625,115.92074164792554,1524.0,13.146913816585927,10.178389756037213,-1065.0,1524.0,-1031.588573270631,155.51963666736987,1043.2455808157956,2365.0,2.2669638323803114,7.6882238974235815,-2365.0,58.0
M02_Aug_2019_OP09_001,M02,OP09,good,Aug,2019,207872,0,1.8921259236453203,382.25919279213946,382.2638756338467,2145.0,5.611307101523239,9.89950874500707,-2047.0,2145.0,4.392530018472907,116.6986808563461,116.78131885526258,1071.0,9.170987367657537,9.53131784071523,-1030.0,1071.0,-1032.4065771243843,158.55937069323755,1044.5115674440003,2395.0,2.2929377468367806,7.867110086741545,-2395.0,54.0
M02_Aug_2019_OP09_002,M02,OP09,good,Aug,2019,210944,0,2.4902912621359223,381.37152783727765,381.3796583399666,2549.0,6.683628621135816,9.939481636895925,-2065.0,2549.0,5.515719811893204,115.04743577559572,115.17957997658758,1134.0,9.845495184393856,9.619136010088592,-1003.0,1134.0,-1031.960311741505,159.29162046116653,1044.1819311589184,2383.0,2.282169350847847,8.278876287077116,-2383.0,97.0
M02_Aug_2019_OP09_003,M02,OP09,good,Aug,2019,211968,0,2.5876453049516908,380.36934183741903,380.3781435861629,2229.0,5.859958143192023,9.97018006346429,-2059.0,2229.0,4.924361224335748,117.388091572696,117.49133319759123,1122.0,9.549640551895642,9.68011444225371,-1028.0,1122.0,-1032.111686669686,157.30747691935096,1044.0307352060456,2432.0,2.329433337534867,8.482832394372045,-2432.0,40.0
M02_Aug_2019_OP09_004,M02,OP09,good,Aug,2019,209920,0,2.40933212652439,382.64120535637244,382.6487905611012,2238.0,5.848705275451896,9.87773173321621,-2000.0,2238.0,4.504277820121951,117.07776606502395,117.16437950784068,1167.0,9.960365128907664,9.155530888357818,-1167.0,919.0,-1032.2300114329269,158.06819900299902,1044.2625876851434,2492.0,2.38637295770991,8.418099663117475,-2492.0,115.0
M02_Aug_2019_OP09_005,M02,OP09,good,Aug,2019,209920,0,2.04183974847561,382.1508657975393,382.1563205539945,2182.0,5.709705381391716,9.873954941482886,-2051.0,2182.0,4.95512099847561,118.42208862251252,118.52571154744334,1380.0,11.643043369941005,9.277791783304316,-1380.0,1210.0,-1031.7964939024391,161.55563376189417,1044.3678603009446,2463.0,2.358364417007493,8.345926896914193,-2463.0,138.0
M02_Aug_2019_OP09_006,M02,OP09,good,Aug,2019,209920,0,2.060184832317073,381.86539563204184,381.8709529968981,2108.0,5.520189434301182,9.862486293552086,-2004.0,2108.0,5.069898056402439,118.01186593740682,118.12071947093276,1118.0,9.464893246566437,9.383160929213298,-1118.0,1009.0,-1031.8335604039635,161.41635196067426,1044.3829446406198,2453.0,2.3487553225451188,8.449724678519614,-2453.0,132.0
M02_Aug_2019_OP09_007,M02,OP09,good,Aug,2019,206848,0,2.0872718131188117,380.79765344675934,380.8033739007312,2213.0,5.811398090650559,9.865101640971126,-1971.0,2213.0,4.905674698329208,116.01458718572381,116.11825904705832,1220.0,10.506530239189862,9.696701362567438,-1216.0,1220.0,-1032.3813089805074,161.71028966391583,1044.969561717227,2477.0,2.3704039722740617,8.548013722329346,-2477.0,234.0
M02_Aug_2019_OP09_008,M02,OP09,good,Aug,2019,210944,0,2.1584828200849513,381.29216583757324,381.29827533991295,2090.0,5.4812731532468755,9.890562612614128,-1981.0,2090.0,4.54662848907767,118.72804962405294,118.81507311006155,1220.0,10.268057478447046,9.286080769621966,-995.0,1220.0,-1032.2453494766382,160.34667268440546,1044.6250604676814,2408.0,2.3051332876524446,8.772681894592244,-2408.0,222.0
M02_Aug_2019_OP09_009,M02,OP09,good,Aug,2019,210944,0,2.1187945615898056,381.2815163225726,381.2874033844213,2033.0,5.331935914888566,9.886786956954534,-1953.0,2033.0,4.677288759101942,118.949118194215,119.04104228927666,1015.0,8.526471042932327,9.004679778511143,-956.0,1015.0,-1032.2504171723301,160.65063556189264,1044.6767684115932,2459.0,2.3538381194585694,8.751211528926481,-2459.0,214.0
M02_Aug_2019_OP09_010,M02,OP09,good,Aug,2019,206848,0,2.1460686107673266,381.1751084856263,381.1811497693861,2197.0,5.763663815299316,9.930788188669279,-2117.0,2197.0,4.547600170173268,115.89857506310776,115.98775956525147,1143.0,9.854488131197845,9.51120939741525,-1143.0,976.0,-1032.5196327738242,160.0274225023164,1044.8471505517577,2426.0,2.321870714504882,7.767277838537842,-2426.0,66.0
M02_Aug_2019_OP09_011,M02,OP09,good,Aug,2019,210944,0,2.0772100652305827,381.60257291205556,381.6082263981684,2151.0,5.636670939466739,9.946236518719482,-2012.0,2151.0,4.092147679004855,117.45803127909387,117.52929330421152,1130.0,9.614624305407167,9.462380504317856,-1126.0,1130.0,-1032.407392483313,156.9607477841653,1044.2708941645162,2418.0,2.3154911369377533,8.019986053444136,-2418.0,95.0
M02_Aug_2019_OP09_012,M02,OP09,good,Aug,2019,209920,0,2.324828506097561,382.23246705751535,382.23953707126805,2203.0,5.763401705850365,9.849320549257826,-2149.0,2203.0,4.581459603658536,118.14363789119281,118.23243610052718,1348.0,11.401270619628123,9.666208666957786,-1348.0,1198.0,-1031.844736089939,155.86129370622552,1043.5498561507707,2490.0,2.386086285503017,8.982018548778514,-2490.0,154.0
M02_Aug_2019_OP09_013,M02,OP09,good,Aug,2019,210944,0,2.3197815533980584,381.63310996612825,381.6401603721422,2315.0,6.065923454551046,9.944444634891926,-1991.0,2315.0,4.925074901395631,116.67021170913411,116.77411812143362,1143.0,9.788127869322826,9.371929412891234,-1091.0,1143.0,-1031.9547652457525,156.23759195833043,1043.7149144543034,2508.0,2.4029550265757047,8.856962432891853,-2508.0,85.0
M02_Aug_2019_OP09_014,M02,OP09,good,Aug,2019,209920,0,2.514910442073171,382.51302529015516,382.5212925984102,2155.0,5.633673318840386,9.894241352919401,-2043.0,2155.0,4.768497522865854,117.0656978119644,117.1627763960369,1276.0,10.890831023727442,9.295307086097136,-1034.0,1276.0,-1032.0076410060976,157.68550108672557,1043.984908103533,2434.0,2.331451327607332,8.78983226074923,-2434.0,74.0
M02_Aug_2019_OP09_015,M02,OP09,good,Aug,2019,209920,0,2.2716749237804876,381.4979109401907,381.50467436020887,2014.0,5.279096523201241,9.837535556380256,-2006.0,2014.0,4.414281631097561,115.81397209223921,115.89806734411326,1220.0,10.526491320840535,9.606379667086028,-1220.0,1011.0,-1032.0834127286585,156.32427614825878,1043.8550905862899,2521.0,2.4150861769367427,8.892072949754636,-2521.0,124.0
M02_Aug_2019_OP09_016,M02,OP09,good,Aug,2019,206848,0,2.0859471689356437,381.0410308757528,381.0467404222847,2117.0,5.5557488765128715,9.921768170410498,-2104.0,2117.0,4.807409305383663,116.84624919302341,116.94510308135014,1251.0,10.697326925521379,9.563750531677897,-1145.0,1251.0,-1032.0652363087872,158.3881679125994,1044.1482000807273,2408.0,2.3061860373975915,8.818492722176734,-2408.0,181.0
M02_Aug_2019_OP09_017,M02,OP09,good,Aug,2019,210944,0,2.325560338288835,381.268421879704,381.27551423285365,2155.0,5.652080764577744,9.931427359307351,-2053.0,2155.0,4.43677468901699,118.13133805547143,118.21462684633053,1079.0,9.127466107917533,9.394968295379591,-1057.0,1079.0,-1032.1426397527305,155.4905839353183,1043.7891312368995,2440.0,2.337636910540138,9.012738298579904,-2440.0,91.0
M02_Aug_2020_OP09_000,M02,OP09,good,Aug,2020,211968,0,-0.4343627339975845,395.7804562245459,395.78069457755817,2494.0,6.301469561727877,8.852548739744165,-2494.0,2192.0,4.7540524984903385,211.0539290083347,211.10746544121454,1973.0,9.345950868560855,8.959634062077848,-1973.0,1741.0,-1031.169124584843,324.5110240518058,1081.0259794418555,2078.0,1.9222479750883434,2.280056199093401,-2078.0,199.0
M02_Aug_2020_OP09_001,M02,OP09,good,Aug,2020,211968,0,-0.2847741168478261,396.760525977401,396.76062817542964,2334.0,5.882640146864599,8.806744006490359,-2184.0,2334.0,4.213268040458937,206.7342904202965,206.77721940089108,1704.0,8.2407530429953,8.702170976454095,-1561.0,1704.0,-1031.2791270380435,327.08504005809954,1081.9063089261276,2061.0,1.9049708676213337,2.3125315030358147,-2061.0,111.0
M02_Aug_2020_OP09_002,M02,OP09,good,Aug,2020,209976,0,-1.6601849735207834,396.94241294507987,396.94588473595314,2215.0,5.5801057150986955,8.8015055120177,-2215.0,2156.0,2.0799091324722827,210.8531956450969,210.86345376984804,1709.0,8.104770975938433,8.637292601282795,-1709.0,1653.0,-1032.5716510458337,338.2589059687665,1086.5649092487324,2127.0,1.9575452712444399,2.25515256646054,-2127.0,111.0
M02_Aug_2020_OP09_003,M02,OP09,good,Aug,2020,210944,0,-1.548363546723301,398.0559289804578,398.05894039220885,2315.0,5.815721655991504,8.789446638669057,-2153.0,2315.0,1.5580675439927185,207.99788986321593,208.00372535611507,1682.0,8.086393631269408,8.831147907473301,-1643.0,1682.0,-1032.5865300743326,339.0372060227149,1086.8215903075532,2092.0,1.9248789485383682,2.2884426668258486,-2092.0,199.0
M02_Aug_2020_OP09_004,M02,OP09,good,Aug,2020,210944,0,-3.565624051881068,442.84282834830975,442.85718272870986,2641.0,5.963547850183231,7.0169430977884195,-2609.0,2641.0,-1.507200963288835,285.5036480682019,285.50762636923633,2114.0,7.404355627495718,5.4029245216206165,-1909.0,2114.0,-1033.5905121738472,420.32819871706596,1115.789021944798,2391.0,2.1428782260579466,2.2474508419017813,-2391.0,486.0
M02_Aug_2021_OP09_000,M02,OP09,good,Aug,2021,216064,0,-1.1000907138625593,375.9471128376757,375.94872236857356,1977.0,5.258695886886892,9.758866955006,-1977.0,1953.0,-0.7047448904028436,145.0135094879695,145.01522195748268,1046.0,7.213035886030495,5.501662097286564,-1046.0,1028.0,-1033.3842380035544,292.29745338597894,1073.9277371453422,2266.0,2.110011615887081,2.3036019705387716,-2266.0,160.0
M02_Aug_2021_OP09_001,M02,OP09,good,Aug,2021,212992,0,-0.6104219876802884,377.34926487664336,377.3497586032701,2053.0,5.440575893301257,9.667820231814709,-2002.0,2053.0,1.6600764347956731,144.3020070973994,144.31155569152207,1210.0,8.384636935010771,5.573933088111641,-1102.0,1210.0,-1033.0029625525842,287.24870341479595,1072.1972478307791,2217.0,2.0677165554055783,2.2626764018682226,-2217.0,124.0
M02_Feb_2019_OP09_000,M02,OP09,good,Feb,2019,213600,0,14.912888526916504,375.918212890625,376.2138977050781,2115.0,5.621801886909537,9.948675155639648,-1977.0,2115.0,13.329508781433105,115.33462524414062,116.10233306884766,1288.0,11.093661651366018,8.943708419799805,-1011.0,1288.0,-1049.1923828125,144.2571563720703,1059.0631103515625,2233.0,2.1084673596635257,6.173483371734619,-2233.0,5.0
M02_Feb_2020_OP09_000,M02,OP09,good,Feb,2020,211968,0,2.7499905646135265,379.80659941094564,379.81655493700106,2129.0,5.605337556582099,9.710552588594176,-1952.0,2129.0,7.264874886775362,158.48081315003856,158.64723931987578,1489.0,9.385602966577773,11.98230978535181,-1489.0,1481.0,-1031.2415600467996,268.1473561603683,1065.5337440848846,2059.0,1.932364893585174,2.4366903454015603,-2059.0,-80.0
M02_Feb_2020_OP09_001,M02,OP09,good,Feb,2020,211968,0,2.5923394097222223,380.24539471345145,380.25423130374725,2069.0,5.441096586634119,9.708343005807809,-2069.0,1998.0,6.703049516908212,159.8547869403495,159.9952617441237,1436.0,8.975265794411824,11.358823164984472,-1421.0,1436.0,-1031.2312801932367,266.1914488203596,1065.0332580131308,2084.0,1.9567464061054762,2.4825536949204947,-2084.0,-33.0
M02_Feb_2020_OP09_002,M02,OP09,good,Feb,2020,211968,0,2.6847778910024154,380.4551076066741,380.46458039655937,2131.0,5.60104700884075,9.68553688197131,-2051.0,2131.0,6.052139945652174,164.63037462576958,164.74158141569174,1510.0,9.16587049258574,12.054173943142555,-1380.0,1510.0,-1031.4223986639493,289.92562783626295,1071.3958344803968,2100.0,1.9600598886203933,2.3580969575268633,-2100.0,19.0
M02_Feb_2020_OP09_003,M02,OP09,good,Feb,2020,206848,0,2.502194848391089,381.15564056724304,381.16385363159065,2141.0,5.617006910811007,9.630123605513532,-2076.0,2141.0,6.273466506806931,165.2208676511258,165.33992708781156,1540.0,9.314144666231227,12.184072579804143,-1450.0,1540.0,-1031.5865224706065,286.8084645595256,1070.7146439112485,2127.0,1.9865236849943626,2.3598319975525803,-2127.0,-1.0
M02_Feb_2020_OP09_004,M02,OP09,good,Feb,2020,206848,0,2.5677502320544554,380.89078595431624,380.8994410158027,2125.0,5.578900284896554,9.667738776621325,-2125.0,2108.0,6.544172532487623,164.98335010825394,165.1130885395754,1436.0,8.697069461309303,12.018001245454158,-1436.0,1374.0,-1031.7329246596535,290.5508532658441,1071.8640894069883,2207.0,2.0590297051756146,2.2961246077174864,-2207.0,-29.0
M02_Feb_2020_OP09_005,M02,OP09,good,Feb,2020,209920,0,2.51254287347561,382.0593768760441,382.0676384236201,2115.0,5.535669047308789,9.581714228128874,-2082.0,2115.0,6.118850038109756,171.53871150176337,171.64780764540538,1428.0,8.319360553383826,12.367968729236539,-1397.0,1428.0,-1031.5763290777438,293.3808793572337,1072.484061926301,2117.0,1.973922107707253,2.3302114445987296,-2117.0,-21.0
M02_Feb_2021_OP09_000,M02,OP09,good,Feb,2021,215040,0,-1.0318824404761904,377.35035407445577,377.35176493755546,2063.0,5.467047438724415,9.689624682198192,-1971.0,2063.0,-0.691806175595238,147.18335401289863,147.18497985280575,1333.0,9.056630651667609,5.59654022820337,-1333.0,1102.0,-1033.1427269345238,229.36086545169024,1058.2959419833624,2129.0,2.0117246183614963,2.670813573288099,-2129.0,-95.0
M02_Feb_2021_OP09_001,M02,OP09,good,Feb,2021,217088,0,-1.1758964106721699,376.7244120491134,376.72624724874004,1961.0,5.205371312249491,9.692389646959954,-1961.0,1938.0,0.21651127653301888,152.89771086070317,152.89786415635785,1145.0,7.488659219131336,5.365533376544057,-1145.0,1093.0,-1032.7789191479953,232.5112169578676,1058.628245347596,2131.0,2.0129823754138503,2.6435518092611954,-2131.0,-42.0
M02_Feb_2021_OP09_002,M02,OP09,good,Feb,2021,216064,0,0.3162118631516588,377.84280849846283,377.84294081529225,2129.0,5.634616318108632,9.645571674566199,-2010.0,2129.0,3.065420430983412,147.7558975251196,147.787692504729,1249.0,8.451312682617559,5.858337859590563,-1249.0,1048.0,-1032.0484254665284,225.1367817347378,1056.3193281379524,2078.0,1.967208158221468,2.618570809324348,-2078.0,-144.0
M02_Feb_2021_OP09_003,M02,OP09,good,Feb,2021,215040,0,-0.3690662202380952,378.8546693010545,378.8548490663493,2049.0,5.408403785907875,9.66158743359965,-2049.0,2024.0,3.046647135416667,155.06581799526384,155.09574452352985,1134.0,7.311612600872868,5.323188499181634,-1097.0,1134.0,-1031.7825799851191,228.21366931717688,1056.7198168029017,2174.0,2.057309766913827,2.5942092169998876,-2174.0,-31.0
M02_Feb_2021_OP09_004,M02,OP09,good,Feb,2021,217088,0,-0.19078898879716982,376.4839541206731,376.4840024632857,2071.0,5.500897744524912,9.741737795579771,-2071.0,1959.0,-0.12979529038915094,151.635125047864,151.63518059836497,1327.0,8.751267316486505,5.588330862587827,-1054.0,1327.0,-1032.6672501474056,233.93087779146808,1058.8320476408387,2110.0,1.9927617460212377,2.5851643556097543,-2110.0,-72.0
M02_Feb_2021_OP09_005,M02,OP09,good,Feb,2021,212992,0,-1.0023193359375,377.6647517624757,377.6660818340238,2012.0,5.327457499570298,9.600275321042387,-1991.0,2012.0,-0.3322002704326923,152.30706071450248,152.30742299871932,1163.0,7.6358720875329835,5.515859431275365,-1075.0,1163.0,-1031.9815110426682,229.58223014852513,1057.2104045713318,2147.0,2.0308161844761132,2.662605110381889,-2147.0,-39.0
M02_Feb_2021_OP09_006,M02,OP09,good,Feb,2021,216064,0,-0.5018050207345972,380.93230317721196,380.93263369285415,2143.0,5.625666615183986,9.420856247914896,-1987.0,2143.0,0.5719370186611374,156.91913024889254,156.9201725401238,1171.0,7.462393018339185,5.223530923678649,-1171.0,1061.0,-1032.9046347378555,218.8230414616349,1055.8292986735416,2092.0,1.9813808942678701,2.7391319347639334,-2092.0,-78.0
M02_Feb_2021_OP09_007,M02,OP09,good,Feb,2021,217088,0,-1.1017836084905661,377.58557633896754,377.58718382163113,2166.0,5.736423514372245,9.677933215865474,-2166.0,2127.0,-0.41449550412735847,149.18827897027327,149.18885477352194,1143.0,7.661430216990041,5.755301392671997,-1087.0,1143.0,-1032.8051573555424,220.28957677296236,1056.0369267667763,2074.0,1.963946475195596,2.6294754124087305,-2074.0,-111.0
M02_Feb_2021_OP09_008,M02,OP09,good,Feb,2021,212992,0,-0.7015286959134616,376.72051972651377,376.72117291907796,2004.0,5.319584201948935,9.670580916498821,-2002.0,2004.0,1.5902897761418269,149.21792585664784,149.22639987124313,1405.0,9.41522412396382,5.867962880576075,-1405.0,1065.0,-1032.1836970402644,220.84230493522367,1055.5446499721415,2067.0,1.9582307579831448,2.5971713391833093,-2067.0,-152.0
M02_Feb_2021_OP09_009,M02,OP09,good,Feb,2021,220160,0,-0.8587390988372093,373.56481513440787,373.5658021543784,1918.0,5.134302949945548,9.9163860796262,-1918.0,1916.0,1.198373909883721,151.76307610600858,151.76780742036846,1171.0,7.715733790345596,5.34593812347222,-1151.0,1171.0,-1031.9609193313954,214.35823127672978,1053.988989668956,2024.0,1.9203236654642015,2.720329586748032,-2024.0,-179.0
M02_Feb_2021_OP09_010,M02,OP09,good,Feb,2021,217088,0,-1.012874963148585,381.74070457599134,381.7420483073161,2168.0,5.679227660702134,9.355811594157153,-1996.0,2168.0,2.247954746462264,160.028979244335,160.0447671700826,1331.0,8.316423107951547,4.812409923203607,-1331.0,1149.0,-1032.2799325619103,226.1395796782644,1056.7596551094691,2106.0,1.9928845597174512,2.6625464883169427,-2106.0,-17.0
M02_Feb_2019_OP10_000,M02,OP10,bad,Feb,2019,85591,1,20.393779754638672,434.6509094238281,435.12908935546875,2178.0,5.005411160228666,7.947186470031738,-2082.0,2178.0,17.59938621520996,238.76234436035156,239.4100799560547,1551.0,6.478423967297853,3.6407392024993896,-1551.0,1397.0,-1049.31494140625,427.8177795410156,1133.177001953125,2914.0,2.5715311861937526,3.6628997325897217,-2914.0,706.0
M02_Feb_2019_OP10_001,M02,OP10,bad,Feb,2019,85641,1,20.248361587524414,434.78643798828125,435.2576599121094,2318.0,5.325581175224047,7.959068298339844,-2012.0,2318.0,17.580469131469727,236.8101806640625,237.46185302734375,1296.0,5.457718717670267,3.637723207473755,-1282.0,1296.0,-1049.3338623046875,427.6051940917969,1133.1141357421875,2840.0,2.5063671084994503,3.6227595806121826,-2840.0,739.0
M02_Aug_2019_OP10_000,M02,OP10,good,Aug,2019,97280,0,1.6588712993421053,419.26455972177416,419.2678414721083,2240.0,5.342646820073406,8.939226317202992,-2151.0,2240.0,3.0350637335526316,166.30778024284083,166.33547240792555,1155.0,6.943798477136898,5.459766844702106,-1155.0,1001.0,-1031.3443976151316,163.55869470736826,1044.2330741297637,2197.0,2.103936424184727,5.023894749942056,-2197.0,29.0
M02_Aug_2019_OP10_001,M02,OP10,good,Aug,2019,96256,0,0.8025162067819149,422.399415601632,422.40017795079393,2186.0,5.175187213710527,8.791124715538317,-2055.0,2186.0,2.9178440824468086,169.84288203669357,169.8679439818463,1100.0,6.475618496433656,5.210407957397919,-1100.0,1046.0,-1032.249241605718,160.77796793286484,1044.6951956279886,2117.0,2.026428386824758,4.9192867229306145,-2117.0,42.0
M02_Aug_2019_OP10_002,M02,OP10,good,Aug,2019,97280,0,1.5722553453947368,419.411417036439,419.41436399744924,2180.0,5.197723747995569,8.938271655058443,-2180.0,2123.0,3.5929173519736843,166.18018784635126,166.21902384428418,1218.0,7.327681103103071,5.405290884861749,-1048.0,1218.0,-1031.8759251644738,161.86118420570963,1044.493641860262,2463.0,2.3580804145570027,5.887711313277928,-2463.0,46.0
M02_Aug_2019_OP10_003,M02,OP10,good,Aug,2019,92160,0,1.3306749131944444,422.48627044694337,422.4883660077427,2293.0,5.427368383341419,8.799588193037504,-2137.0,2293.0,3.5890625,167.74475914510376,167.78315049574488,1257.0,7.491813071133615,5.594432720797709,-1257.0,1182.0,-1031.989236111111,165.3834096016438,1045.157143983937,2395.0,2.2915214365475443,5.6300504639039675,-2395.0,-9.0
M02_Aug_2019_OP10_004,M02,OP10,good,Aug,2019,96256,0,1.5347095246010638,421.59572528331427,421.5985186293812,2139.0,5.073547238623844,8.852784689419792,-2102.0,2139.0,3.6175822805851063,169.39098488313923,169.42960975353955,1077.0,6.356622089649241,5.237606485638566,-1077.0,979.0,-1032.2212641289893,161.41852616998048,1044.7663273244107,2561.0,2.4512658314310154,6.0541775877668815,-2561.0,54.0
M02_Aug_2019_OP10_005,M02,OP10,good,Aug,2019,97280,0,1.1082956414473684,421.06794441856186,421.0694029920744,2196.0,5.215292263924801,8.761713432104706,-2076.0,2196.0,4.000894325657895,169.86175677806287,169.90886842991708,1108.0,6.521142835207691,5.16179782439203,-1108.0,1081.0,-1031.5412109375,165.7394617760554,1044.7711898077112,2389.0,2.2866250747588976,5.763390498434611,-2389.0,62.0
M02_Aug_2019_OP10_006,M02,OP10,good,Aug,2019,96256,0,0.9627451795212766,423.39898243795835,423.40007700492833,2115.0,4.995275425930973,8.664497998021327,-2086.0,2115.0,3.6419963430851063,170.93028749011523,170.96908293260654,1104.0,6.45730784223239,5.256785797705564,-1050.0,1104.0,-1031.6442923038564,167.57979501921022,1045.1664621206544,2527.0,2.4177966779307947,5.782575268529801,-2527.0,46.0
M02_Aug_2019_OP10_007,M02,OP10,good,Aug,2019,96256,0,0.995345744680851,422.89508965679806,422.89626100142186,2236.0,5.2873487098352046,8.717968048188109,-2073.0,2236.0,3.297342503324468,169.26721204815007,169.2993252855357,1179.0,6.963997039040352,5.220232015175671,-1067.0,1179.0,-1032.090591755319,164.7842056809566,1045.1625825830872,2350.0,2.248454010085251,5.338268904050177,-2350.0,74.0
M02_Aug_2019_OP10_008,M02,OP10,good,Aug,2019,97280,0,1.1493729440789473,421.2944528715891,421.2960207247823,2207.0,5.238596833179573,8.74949541794032,-2071.0,2207.0,3.416488486842105,172.18448868893677,172.21838037402196,1212.0,7.037576345613005,5.251680614087966,-1212.0,1118.0,-1032.0984375,165.2691463697989,1045.2468968773567,2480.0,2.3726451687241785,5.404836591341506,-2480.0,74.0
M02_Aug_2019_OP10_009,M02,OP10,good,Aug,2019,97280,0,1.2006270559210526,421.67603150823936,421.67774076166876,2123.0,5.034650385304342,8.757000410736824,-2123.0,2033.0,2.7792146381578946,173.34461986619098,173.36689785123113,1286.0,7.417794376776222,5.334807550107696,-1134.0,1286.0,-1032.1714021381579,165.01459384102233,1045.2787281736717,2073.0,1.9832030865317427,5.064829916850381,-2073.0,19.0
M02_Aug_2019_OP10_010,M02,OP10,good,Aug,2019,96256,0,1.1058115857712767,422.119974644632,422.1214230683489,2389.0,5.6595090167057895,8.894965157198714,-2367.0,2389.0,3.240961602393617,166.16877162262668,166.2003745323122,1186.0,7.135964665166391,5.2636256232540966,-995.0,1186.0,-1032.3359478889627,159.5722944917183,1044.596011132129,2320.0,2.2209542974279533,5.191020759660211,-2320.0,21.0
M02_Aug_2019_OP10_011,M02,OP10,good,Aug,2019,96256,0,1.076649767287234,422.3323742190228,422.33374656567304,2178.0,5.157058884616791,8.822883181893078,-2030.0,2178.0,2.8427007147606385,167.8241888848874,167.84826279179677,1149.0,6.845468525493461,5.363466188436923,-1067.0,1149.0,-1032.2298765791224,161.230618105002,1044.7458209139058,2176.0,2.082803258400703,5.161670210885076,-2176.0,85.0
M02_Aug_2019_OP10_012,M02,OP10,good,Aug,2019,96256,0,1.2236328125,420.5543885961176,420.5561687155642,2174.0,5.169345171275675,8.83994053626905,-2032.0,2174.0,3.318089261968085,165.48170728176063,165.51496959863388,1249.0,7.546145240087752,5.736530725351025,-1218.0,1249.0,-1031.7477040392287,156.76909577162215,1043.589897507288,2432.0,2.330417346707801,5.890000320273268,-2432.0,165.0
M02_Aug_2019_OP10_013,M02,OP10,good,Aug,2019,96256,0,1.3192528257978724,420.76962088402155,420.7716890273175,2076.0,4.933792016280879,8.820246984633663,-2028.0,2076.0,3.5337745179521276,165.08515933960328,165.12297658571302,1218.0,7.376320516895196,5.509853423761964,-1218.0,1134.0,-1031.7156125332447,157.8070736894105,1043.7146054603545,2274.0,2.178756518403802,5.923195786108936,-2274.0,5.0
M02_Aug_2019_OP10_014,M02,OP10,good,Aug,2019,97280,0,1.3898334703947368,418.28526658346794,418.2875755719721,2090.0,4.996562465767972,8.978847199440567,-2090.0,2012.0,3.5023129111842106,164.88193423054082,164.91912694206283,1134.0,6.876097521413521,5.556544937565312,-1134.0,1073.0,-1031.7852898848685,157.0190873579212,1043.6646387693302,2414.0,2.3130035361230057,6.333779166145122,-2414.0,89.0
M02_Aug_2019_OP10_015,M02,OP10,good,Aug,2019,96256,0,1.1483336103723405,422.10906834146095,422.11063034017144,2129.0,5.043701454010473,8.658569048644843,-2022.0,2129.0,3.372059923537234,168.94690751592904,168.98055612206926,1097.0,6.491871166571035,5.406363927587907,-1087.0,1097.0,-1031.8385762965424,163.38837120995876,1044.6945043314429,2381.0,2.2791351827046626,5.557316962032165,-2381.0,21.0
M02_Aug_2019_OP10_016,M02,OP10,good,Aug,2019,96256,0,1.1216339760638299,422.7809408470777,422.7824286868087,2090.0,4.943441018804125,8.648645126171742,-2078.0,2090.0,2.8624916888297873,167.29725425161024,167.32174138107857,940.0,5.617919059658431,5.168600985486126,-917.0,940.0,-1031.950413480718,164.20933937660462,1044.9336644120172,2453.0,2.3475174391862472,5.588866161124284,-2453.0,25.0
M02_Aug_2019_OP10_017,M02,OP10,good,Aug,2019,97280,0,1.295178865131579,420.72849467425965,420.7304882215706,2541.0,6.039495760672864,8.781481604643634,-2137.0,2541.0,3.167845394736842,167.42843274881986,167.45839882541293,1093.0,6.52699421269117,5.4334123691836975,-1016.0,1093.0,-1031.8895045230263,162.22460137717437,1044.5634355254638,2170.0,2.0774228985991545,5.177548424090839,-2170.0,113.0
M02_Aug_2020_OP10_000,M02,OP10,good,Aug,2020,97280,0,-0.22188527960526316,433.116644960121,433.11670179593494,2309.0,5.33112666961501,8.182369517918506,-2309.0,2266.0,5.06057771381579,258.296390906374,258.3459599104579,1497.0,5.794555488767298,6.6837005592498535,-1497.0,1409.0,-1031.1706106085526,325.2710044092037,1081.255776628355,2092.0,1.9347873511699665,3.0182239525969097,-2092.0,269.0
M02_Aug_2020_OP10_001,M02,OP10,good,Aug,2020,96256,0,-0.23970453789893617,433.7988947123073,433.7989609391486,2375.0,5.474886327201586,8.182167678788542,-2350.0,2375.0,4.328426279920213,250.90821408383417,250.9455462222828,1506.0,6.001301966387616,6.533048911592392,-1368.0,1506.0,-1031.1541098736702,319.71299761982635,1079.581029453749,2121.0,1.9646510471503864,3.0437176726566713,-2121.0,314.0
M02_Aug_2020_OP10_002,M02,OP10,good,Aug,2020,96256,0,-1.2710688164893618,435.7141385341294,435.71599251631187,2320.0,5.324569306262373,8.084647775077064,-2320.0,2119.0,2.3872381981382977,269.76666846664705,269.77723091804563,1702.0,6.3089089995035295,6.503821046065272,-1702.0,1551.0,-1032.3683510638298,340.71582598840814,1087.1392212394942,2236.0,2.0567742900956514,2.94740748172226,-2236.0,413.0
M02_Aug_2020_OP10_003,M02,OP10,good,Aug,2020,97280,0,-1.197985197368421,432.8850041019765,432.88666177753885,2279.0,5.26465747556616,8.202352566963619,-2279.0,2252.0,2.7207442434210525,263.35134766388967,263.3654016108133,1694.0,6.432128098979754,6.7835249834510805,-1428.0,1694.0,-1032.6418277138157,335.88326314321637,1085.8944289404312,2160.0,1.9891436427274376,2.9942080806317706,-2160.0,388.0
M02_Aug_2021_OP10_000,M02,OP10,good,Aug,2021,98304,0,-1.8579508463541667,415.97753190750063,415.9816811269495,2016.0,4.846367259583135,8.64625715316068,-2016.0,1942.0,-1.4881388346354167,182.9707301391827,182.976781709748,1114.0,6.0882041403871305,4.417393175523543,-1114.0,1091.0,-1033.1502685546875,291.9513892942888,1073.608444045355,1979.0,1.8433163514839086,2.958678926792705,-1979.0,103.0
M02_Aug_2021_OP10_001,M02,OP10,good,Aug,2021,98304,0,-1.3379414876302083,416.34083858120636,416.3429883616709,2194.0,5.269693645216633,7.866316388038187,-2194.0,1992.0,1.453887939453125,272.9213098148515,272.9251823141182,1897.0,6.950622818735293,7.46255110010972,-1897.0,1870.0,-1032.7827758789062,280.1081148844682,1070.0938361546941,2194.0,2.0502874849592465,3.5143220309649355,-2194.0,119.0
M02_Feb_2019_OP10_000,M02,OP10,good,Feb,2019,98400,0,17.22947120666504,412.3998718261719,412.7596435546875,2125.0,5.148274627091672,9.042749404907227,-1961.0,2125.0,15.110233306884766,163.80081176757812,164.49627685546875,1180.0,7.173414636227801,5.589206695556641,-1180.0,1108.0,-1049.040283203125,162.6782684326172,1061.5789794921875,1932.0,1.819930534913364,4.354658126831055,-1932.0,85.0
M02_Feb_2020_OP10_000,M02,OP10,good,Feb,2020,96256,0,1.7904026761968086,419.37678451188617,419.3806062865472,2094.0,4.993077811922585,8.739443562357696,-2073.0,2094.0,6.574364195478723,229.3472391406732,229.4414486661552,1766.0,7.696952796744182,7.788339942653422,-1766.0,1403.0,-1031.108751662234,274.199419849463,1066.9445063358417,2102.0,1.970111835730615,3.6704811983510806,-2102.0,124.0
M02_Feb_2020_OP10_001,M02,OP10,good,Feb,2020,97280,0,1.5803556743421052,417.49554955795145,417.4985406258964,2283.0,5.468282587473053,8.805310924055524,-2014.0,2283.0,6.181301398026315,228.26120517896538,228.3448844987051,1518.0,6.647838874658952,7.787844386138521,-1344.0,1518.0,-1031.183552631579,273.1202395647597,1066.7399797878563,2235.0,2.095168496866947,3.7033616049932383,-2235.0,124.0
M02_Feb_2020_OP10_002,M02,OP10,good,Feb,2020,96256,0,1.7495740525265957,419.97431369737944,419.97795796321276,2100.0,5.000262418971869,8.717505107852844,-2074.0,2100.0,5.431567902260638,236.18687010170066,236.2493164822165,1516.0,6.416949782430866,7.656590263239803,-1516.0,1372.0,-1031.2854055851064,290.4055098253188,1071.3939275120708,2336.0,2.18033716639082,3.5283218975241013,-2336.0,160.0
M02_Feb_2020_OP10_003,M02,OP10,good,Feb,2020,97280,0,1.8180612664473683,417.51355936540745,417.5175177172092,2151.0,5.151879642704966,8.797805439729963,-2151.0,2102.0,5.6611328125,235.24643504178349,235.3145418893376,1499.0,6.37019704759658,7.376459986057343,-1452.0,1499.0,-1031.4075041118422,288.20733207098976,1070.9177866660434,2121.0,1.9805441896740257,3.518333202160133,-2121.0,220.0
M02_Feb_2020_OP10_004,M02,OP10,good,Feb,2020,93184,0,1.660392342032967,418.36968899884664,418.37298380239747,2192.0,5.2393440419549355,8.748758445903546,-2078.0,2192.0,6.069132039835165,240.04584721227442,240.1225585561997,1590.0,6.621618599936195,7.387584212705789,-1423.0,1590.0,-1031.4585658482142,295.41080748624273,1072.9279184741763,2262.0,2.1082497351889375,3.4664903465734858,-2262.0,177.0
M02_Feb_2020_OP10_005,M02,OP10,good,Feb,2020,97280,0,1.6980674342105264,417.0856594063735,417.08911603572267,2318.0,5.557565304105104,8.793416028171114,-2164.0,2318.0,5.704142680921053,236.7906865450644,236.85938123326937,1464.0,6.180882481315736,7.558222530547309,-1438.0,1464.0,-1031.3814247532894,285.41999971264016,1070.145887046289,2112.0,1.973562694175589,3.547806986569361,-2112.0,111.0
M02_Feb_2021_OP10_000,M02,OP10,good,Feb,2021,96256,0,-1.9443982712765957,413.1893936805132,413.1939686572245,2123.0,5.138022723078972,8.821346216139338,-2041.0,2123.0,-1.5652530751329787,179.4467687894408,179.45359524445377,1518.0,8.45901135573329,5.673291733473956,-1518.0,1167.0,-1033.057253573803,230.50542233196714,1058.4611655067406,1877.0,1.7733291132144486,3.230187197014996,-1877.0,-117.0
M02_Feb_2021_OP10_001,M02,OP10,good,Feb,2021,101376,0,-1.416400331439394,411.0459915487467,411.048431888739,2196.0,5.342436145321203,8.936598679266908,-2196.0,2131.0,0.6824790877525253,176.03433355937096,176.03565652843488,1186.0,6.7372714334634045,5.552862091254314,-1186.0,1132.0,-1032.6755543718434,224.1565355706307,1056.723688121082,1909.0,1.8065271191131491,3.3006755056019967,-1909.0,-113.0
M02_Feb_2021_OP10_002,M02,OP10,good,Feb,2021,101376,0,-0.24357836174242425,411.5135571676733,411.5136292557152,2106.0,5.117691979750513,8.974182791070856,-2106.0,2063.0,2.504794034090909,182.7711506718026,182.7883133875029,1307.0,7.150347720694919,5.441118381696445,-1128.0,1307.0,-1031.8991477272727,233.67347162231508,1058.0260594240092,1961.0,1.8534515124018505,3.1244442510577883,-1961.0,-148.0
M02_Feb_2021_OP10_003,M02,OP10,good,Feb,2021,101376,0,-0.9149798768939394,395.6302716316291,395.63132967384144,2194.0,5.545566883716551,8.971147106354053,-2194.0,1971.0,2.9741161616161618,247.30348998440675,247.321372965238,1637.0,6.618918455664917,5.70928415779079,-1622.0,1637.0,-1031.1925603693182,226.44105422384723,1055.7621169558213,1975.0,1.8706865573986535,3.5032070648043145,-1975.0,-197.0
M02_Feb_2021_OP10_004,M02,OP10,good,Feb,2021,101376,0,-0.549124053030303,395.816485354194,395.8168662593504,2184.0,5.517703226342512,8.975869476103904,-2184.0,2074.0,2.7947739109848486,242.79362221685528,242.80970687020437,1692.0,6.96841992772748,5.537282814268693,-1692.0,1520.0,-1031.5592842487374,227.72984723680617,1056.3973874647108,1967.0,1.861988701733426,3.566567848282188,-1967.0,-78.0
M02_Feb_2021_OP10_005,M02,OP10,good,Feb,2021,97280,0,-1.294407894736842,410.69358640931017,410.6956262361939,2096.0,5.103536210523401,8.943948082246179,-2022.0,2096.0,0.22220394736842106,176.6863395124453,176.68647923624863,1116.0,6.316272783430073,5.583629886632022,-1067.0,1116.0,-1032.614607319079,227.75164875341574,1057.4326175972797,1930.0,1.8251753992470803,3.1554008206310096,-1930.0,-56.0
M02_Feb_2021_OP10_006,M02,OP10,good,Feb,2021,101376,0,-1.3161399147727273,413.0275929582682,413.0296899366632,2086.0,5.050484386049539,8.92163019091061,-2047.0,2086.0,0.18968986742424243,179.17528069782844,179.1753811085424,1321.0,7.372664658655048,5.722570506573827,-1321.0,1259.0,-1031.8445588699494,225.82678417762386,1056.2674519843579,1963.0,1.8584308323731913,3.31129648538423,-1963.0,-136.0
M02_Feb_2021_OP10_007,M02,OP10,good,Feb,2021,97280,0,-1.4529708059210527,416.30606640004487,416.30860193568117,2520.0,6.053201851422073,8.621011077555337,-2086.0,2520.0,0.26107113486842104,183.37394444410805,183.37413028867593,1122.0,6.118638426443776,5.321460996262454,-1098.0,1122.0,-1032.6167249177631,227.4099335656638,1057.3611390930853,1961.0,1.854617053244438,3.11744777223981,-1961.0,-179.0
M02_Feb_2021_OP10_008,M02,OP10,good,Feb,2021,101376,0,-1.4502939551767677,411.36691535178045,411.36947188457646,2121.0,5.155948958203486,8.92137040417043,-2121.0,2061.0,-0.5343868371212122,178.08792920466007,178.08873096772774,1143.0,6.418148940637508,5.74137608569187,-1143.0,1089.0,-1032.8400213068182,220.34853696119745,1056.0833240582908,1905.0,1.803834940485106,3.2454876038484874,-1905.0,-150.0
M02_Feb_2021_OP10_009,M02,OP10,good,Feb,2021,100352,0,-0.9438277264030612,413.2541513235477,413.25522912229775,2172.0,5.255831861131087,8.935780984105408,-2172.0,2151.0,2.283123405612245,178.87615266559317,178.89072263516027,1292.0,7.222286214556676,5.647021416428167,-1292.0,1149.0,-1032.1175562021683,227.1347043270415,1056.814469871826,1895.0,1.7931245777036264,3.157493106244338,-1895.0,-150.0
M02_Feb_2021_OP10_010,M02,OP10,good,Feb,2021,98304,0,-1.9016215006510417,393.8503661764353,393.85495693420427,2240.0,5.687372878168968,9.12860592325191,-2240.0,2000.0,1.597381591796875,226.09671529686142,226.10235800623536,1407.0,6.222845318407508,5.392759779921566,-1397.0,1407.0,-1031.6404317220051,226.90874170102882,1056.299937245056,1912.0,1.8100919375103834,3.4575205816697214,-1912.0,-218.0
M02_Feb_2021_OP10_011,M02,OP10,good,Feb,2021,102400,0,-1.45650390625,409.1934507532346,409.1960429219334,2145.0,5.241986175338514,9.082319406741371,-2121.0,2145.0,1.56904296875,182.2827226996218,182.28947553445042,1344.0,7.372888621570481,5.645781075599791,-1344.0,1169.0,-1031.8540234375,216.0632343317708,1054.2324444419562,1948.0,1.847789840153466,3.319219730900934,-1948.0,-203.0
M02_Feb_2021_OP10_012,M02,OP10,good,Feb,2021,101376,0,-0.85873382260101,412.8507030225102,412.85159610925444,2219.0,5.374812695196115,8.871569467720608,-2219.0,2184.0,2.02990845959596,175.2290106580275,175.24076781544144,1188.0,6.779244435011649,5.456008799589392,-1169.0,1188.0,-1032.1315202809344,225.43301607971074,1056.46368602817,1953.0,1.8486200953507494,3.2956567228901026,-1953.0,-76.0
M02_Feb_2019_OP11_000,M02,OP11,bad,Feb,2019,104331,1,18.677324295043945,317.73687744140625,318.2853088378906,1815.0,5.702430962418116,10.074052810668945,-1815.0,1803.0,17.413137435913086,238.53123474121094,239.1659698486328,1245.0,5.205590079508199,2.8448591232299805,-1245.0,1083.0,-1049.6280517578125,161.53465270996094,1061.9852294921875,1916.0,1.8041682189084487,4.270596027374268,-1916.0,-304.0
M02_Feb_2019_OP11_001,M02,OP11,bad,Feb,2019,103781,1,18.551931381225586,314.42376708984375,314.9706115722656,1797.0,5.705294189288842,10.258831977844238,-1745.0,1797.0,17.668359756469727,240.64117431640625,241.2889404296875,1124.0,4.658315453656434,2.7656519412994385,-993.0,1124.0,-1049.636962890625,155.8475341796875,1061.143798828125,1887.0,1.778269827410677,4.1877241134643555,-1887.0,-269.0
M02_Aug_2019_OP11_000,M02,OP11,good,Aug,2019,118784,0,2.0288001751077585,316.4750281579211,316.4815310214917,2037.0,6.436394545442435,11.162827947345333,-1938.0,2037.0,2.8763048895474137,175.30090047515301,175.32449582764278,882.0,5.030671817057855,3.181393721636389,-882.0,692.0,-1031.531595164332,128.32762361321252,1039.4832421951232,2469.0,2.375218666138477,6.647398075705454,-2469.0,-238.0
M02_Aug_2019_OP11_001,M02,OP11,good,Aug,2019,113664,0,1.3824253941441442,313.0988284253377,313.10188032218747,1819.0,5.809610591058145,10.998806691732085,-1786.0,1819.0,2.6134572072072073,171.39219014046284,171.4121145068763,929.0,5.419686949621829,3.4753257434220064,-802.0,929.0,-1032.2409470016892,133.9224501637903,1040.8922111942318,2381.0,2.2874606749802093,6.746679358324614,-2381.0,-308.0
M02_Aug_2019_OP11_002,M02,OP11,good,Aug,2019,117760,0,1.9805961277173914,316.2232106051987,316.22941306349253,1834.0,5.799587022070491,11.124422002300225,-1821.0,1834.0,3.8421025815217393,168.28926157343614,168.3331141314131,1016.0,6.0356514239191,3.521062990321948,-1016.0,907.0,-1031.969921875,125.04057797428541,1039.5177082641917,2420.0,2.328002669662036,7.319776236484253,-2420.0,-298.0
M02_Aug_2019_OP11_003,M02,OP11,good,Aug,2019,117760,0,1.9703549592391305,316.5480883172402,316.55422049937147,2603.0,8.222919902611656,11.118983871931436,-1825.0,2603.0,3.4544497282608697,170.3176476004179,170.35267625448452,1251.0,7.343588768345326,3.509238211322579,-1251.0,833.0,-1032.0759171195652,125.73066570956468,1039.7061599307576,2432.0,2.339122430670187,7.352108401501937,-2432.0,-275.0
M02_Aug_2019_OP11_004,M02,OP11,good,Aug,2019,117760,0,1.9818614130434782,316.4453486880756,316.4515547141114,1948.0,6.1557605610750175,11.03951336201807,-1858.0,1948.0,3.4857931385869567,169.81461824761604,169.85039100452076,1040.0,6.123035654197106,3.4974725115536116,-1040.0,925.0,-1032.2850458559783,125.25751785187036,1039.8566543886186,2428.0,2.3349372144255183,7.462965907496929,-2428.0,-308.0
M02_Aug_2019_OP11_005,M02,OP11,good,Aug,2019,117760,0,1.5931300951086957,316.9682136428471,316.9722172737502,2510.0,7.918675086379136,11.003423759173229,-1879.0,2510.0,3.7000594429347826,167.64455822009757,167.68538499431887,1317.0,7.853993954479811,3.662749260912233,-952.0,1317.0,-1031.754093070652,138.7968996035744,1041.0480718524043,2424.0,2.328422736220835,7.606782929167232,-2424.0,-185.0
M02_Aug_2019_OP11_006,M02,OP11,good,Aug,2019,117760,0,1.5475118885869565,317.5105985073497,317.5143696866974,1897.0,5.9745327490904945,10.888060271409698,-1817.0,1897.0,3.533797554347826,170.53406926359412,170.57067891274698,864.0,5.065348895292648,3.5605632526097413,-819.0,864.0,-1031.8596212635869,143.27391609766175,1041.758941899801,2471.0,2.371949882660731,7.490323857010688,-2471.0,-185.0
M02_Aug_2019_OP11_007,M02,OP11,good,Aug,2019,117760,0,1.5256199048913044,317.1798110642376,317.1834801228457,2545.0,8.0237470091895,10.972855725470554,-1807.0,2545.0,3.0606827445652174,170.46504099104115,170.49251590301617,903.0,5.296420169631769,3.5271847714349107,-767.0,903.0,-1032.3334833559782,135.02071992687416,1041.125840457079,2391.0,2.2965523542766877,7.549680536769932,-2391.0,-271.0
M02_Aug_2019_OP11_008,M02,OP11,good,Aug,2019,114688,0,1.4537702287946428,313.0088485363997,313.01222453757447,2069.0,6.609965483158419,10.888432640699039,-1813.0,2069.0,3.1561715262276784,172.17283564047742,172.20176175401292,962.0,5.586470139453041,3.415678296490031,-962.0,853.0,-1032.38423374721,136.74614358764654,1041.4013221980788,2346.0,2.252733840445212,7.2681643806576295,-2346.0,-218.0
M02_Aug_2019_OP11_009,M02,OP11,good,Aug,2019,116736,0,1.4003734923245614,319.731424845256,319.7344915386759,2016.0,6.305231538512758,10.736722556415707,-2016.0,1901.0,2.861782140899123,173.12242844313286,173.1460800222449,1046.0,6.041141675662629,3.50527554429706,-1046.0,956.0,-1032.3915330317982,142.90146264915828,1042.2346691139262,2518.0,2.4159626182275447,7.516538473166951,-2518.0,-154.0
M02_Aug_2019_OP11_010,M02,OP11,good,Aug,2019,117760,0,1.891312839673913,315.7693618671112,315.77502586211614,1897.0,6.007441515746496,11.197324420861522,-1840.0,1897.0,2.8919072690217393,168.7074654296863,168.73224949416579,819.0,4.853843900352424,3.5581566632442336,-819.0,808.0,-1032.4827360733696,128.31514406539102,1040.425574698197,2356.0,2.264457984592911,6.638384562379836,-2356.0,-277.0
M02_Aug_2019_OP11_011,M02,OP11,good,Aug,2019,118784,0,1.5603953394396552,315.6234094724007,315.62726663043236,1895.0,6.00391727948794,11.17108485498985,-1836.0,1895.0,2.0250622979525863,169.0186993699558,169.03083036541614,1030.0,6.093562918512047,3.5947747297794495,-1030.0,1028.0,-1032.4530829067887,129.63908795095787,1040.5602632853556,2203.0,2.117128702420828,6.839714537952703,-2203.0,-308.0
M02_Aug_2019_OP11_012,M02,OP11,good,Aug,2019,117760,0,1.801672894021739,315.5291237164993,315.5342674552465,1889.0,5.986671480199609,11.23631597266864,-1889.0,1844.0,3.186693274456522,167.14068870634907,167.1710645873207,1024.0,6.125461978290629,3.612628750056992,-987.0,1024.0,-1031.9318444293478,126.15561692712633,1039.614626306123,2486.0,2.3912707046389485,7.507404553893437,-2486.0,-283.0
M02_Aug_2019_OP11_013,M02,OP11,good,Aug,2019,113664,0,1.775267454954955,312.1468062827286,312.1518544667706,1881.0,6.025913263316004,11.159859845303213,-1881.0,1731.0,3.176880982545045,168.3899393923354,168.41990458770496,1329.0,7.890991289024991,3.615811862645126,-1221.0,1329.0,-1031.8409610782658,127.71937964035708,1039.7153499370088,2371.0,2.280431851028887,7.343030763829537,-2371.0,-244.0
M02_Aug_2019_OP11_014,M02,OP11,good,Aug,2019,112640,0,1.779669744318182,313.5544855532198,313.5595360293531,1883.0,6.005239144835727,11.085353763063386,-1883.0,1870.0,2.9742720170454544,167.94695951257873,167.97329401887413,1048.0,6.2390870294074405,3.5326190508726625,-876.0,1048.0,-1032.0418678977273,126.1299622213075,1039.7207242638663,2525.0,2.428536760953503,7.654349808965671,-2525.0,-277.0
M02_Aug_2019_OP11_015,M02,OP11,good,Aug,2019,118784,0,1.8090399380387931,314.8314913419115,314.83668872301,1871.0,5.942763556524652,11.181576569194746,-1801.0,1871.0,3.0512106007543105,169.88449074701475,169.91188917348512,839.0,4.937853402026246,3.489834504596923,-788.0,839.0,-1032.028631802263,135.40334130740916,1040.8732687973409,2529.0,2.4296906028935585,7.323258185919848,-2529.0,-236.0
M02_Aug_2019_OP11_016,M02,OP11,good,Aug,2019,118784,0,1.7514311691810345,315.48303696391326,315.48789853671764,2053.0,6.507381137349914,11.12727501209032,-1895.0,2053.0,3.1302448141163794,168.03611034006937,168.06526354608874,831.0,4.944507761249033,3.601781643053059,-771.0,831.0,-1032.14013671875,131.21486519430957,1040.4473089367673,2494.0,2.3970459422386488,7.531314756872989,-2494.0,-275.0
M02_Aug_2019_OP11_017,M02,OP11,good,Aug,2019,117760,0,1.88984375,316.75412580546663,316.75976342361537,1983.0,6.2602648094166415,11.02335085941968,-1938.0,1983.0,2.329763926630435,171.00818319626384,171.0240524605845,1346.0,7.870238019942893,3.515161721946653,-1346.0,1112.0,-1032.1989639945652,132.10166662466318,1040.6178701120155,2646.0,2.542720124261537,7.7028486767997455,-2646.0,-234.0
M02_Aug_2020_OP11_000,M02,OP11,good,Aug,2020,115712,0,-0.2254044524336283,350.39928355797684,350.39935605692915,2055.0,5.8647368052415185,8.266587969395045,-1899.0,2055.0,4.850689643252212,358.4928852057307,358.52570051970383,1606.0,4.479455720111584,2.567436732241993,-1270.0,1606.0,-1031.2357145326328,227.46605799200907,1056.0245766392245,1909.0,1.807723079774669,3.0327172305866603,-1909.0,-99.0
M02_Aug_2020_OP11_001,M02,OP11,good,Aug,2020,120832,0,0.1645756091101695,347.34340827256796,347.3434472615468,2059.0,5.927850420766941,8.55298388731353,-1971.0,2059.0,4.4135493908898304,338.7314569219142,338.76020918441475,1450.0,4.280313805127706,2.70100654116026,-1188.0,1450.0,-1031.3030819650423,219.29025119425248,1054.359645063976,1942.0,1.8418762602415082,3.100124879852475,-1942.0,-117.0
M02_Aug_2020_OP11_002,M02,OP11,good,Aug,2020,114688,0,-1.5692487444196428,345.99513731391323,345.9986959317846,2076.0,6.000022613984921,8.338148149848685,-1961.0,2076.0,1.7423793247767858,366.97796626891966,366.98210257801907,1426.0,3.8857480786732306,2.4988430709992824,-1426.0,1323.0,-1032.5458461216517,229.63189429069448,1057.7720601427372,1987.0,1.878476540335043,3.0074154990751896,-1987.0,-117.0
M02_Aug_2020_OP11_003,M02,OP11,good,Aug,2020,118784,0,-1.167413119612069,349.7589190594965,349.76086732946453,2002.0,5.7239107830613145,8.391383579301412,-2002.0,1979.0,2.2381212957974137,354.88222279225704,354.88928025640314,1389.0,3.913896748294185,2.5873742471929746,-1389.0,1303.0,-1032.731832570043,228.93626785118687,1057.8028420935113,1971.0,1.8632961848534726,3.080513824443893,-1971.0,-95.0
M02_Aug_2021_OP11_000,M02,OP11,good,Aug,2021,119808,0,-1.5362496661324787,312.0312902790016,312.0350720291155,1866.0,5.980097005973375,10.974272979910104,-1866.0,1811.0,-0.9238364716880342,153.3938213003576,153.39660324450622,915.0,5.964929996145596,3.737888704239584,-915.0,821.0,-1033.272702991453,174.51742754643948,1047.9068714655373,1719.0,1.640412947761201,3.32057147835302,-1719.0,-218.0
M02_Aug_2021_OP11_001,M02,OP11,good,Aug,2021,117760,0,-1.042578125,314.4524616150615,314.45418996241483,1940.0,6.169420099734968,10.758638756516179,-1815.0,1940.0,1.1671280570652174,153.48225631653378,153.4866938594866,763.0,4.971114959961991,3.786507295795745,-747.0,763.0,-1032.804245923913,172.8098275374437,1047.161805497118,1700.0,1.6234358349166116,3.2273995862261233,-1700.0,-244.0
M02_Feb_2019_OP11_000,M02,OP11,good,Feb,2019,120000,0,16.688316345214844,310.17864990234375,310.62725830078125,1938.0,6.2389888466369845,11.308210372924805,-1907.0,1938.0,15.813316345214844,157.35833740234375,158.15089416503906,1009.0,6.379982897517188,3.5134880542755127,-741.0,1009.0,-1049.5694580078125,126.60295867919922,1057.177490234375,1815.0,1.716835646583448,5.799339771270752,-1815.0,-335.0
M02_Feb_2020_OP11_000,M02,OP11,good,Feb,2020,117760,0,1.105477241847826,320.0345353156876,320.03644460383,1885.0,5.8899541967272615,10.448264825448575,-1885.0,1871.0,5.558890964673913,326.320694640417,326.3680392124226,1506.0,4.614422428232295,2.3955701542077845,-1424.0,1506.0,-1031.216168478261,190.24712581062903,1048.618498315851,1809.0,1.7251269197571575,3.0306866597010176,-1809.0,-284.0
M02_Feb_2020_OP11_001,M02,OP11,good,Feb,2020,113664,0,1.0555672860360361,316.81588923269044,316.8176476975292,1905.0,6.012922619193024,10.495460691211944,-1852.0,1905.0,5.152194186373874,314.43217005248437,314.47437839806366,1300.0,4.133882088016887,2.3817520825833123,-1298.0,1300.0,-1031.392164625563,190.2787043456843,1048.7973029038915,1733.0,1.6523688564050463,2.8805289357665376,-1733.0,-245.0
M02_Feb_2020_OP11_002,M02,OP11,good,Feb,2020,118784,0,0.9284078663793104,319.4477414533345,319.44909056186526,1881.0,5.88826218503734,10.543955148902437,-1860.0,1881.0,4.604584792564655,336.3204208304897,336.35194018871005,1389.0,4.129603055718074,2.418664040637202,-1300.0,1389.0,-1031.5120891702586,192.93152816707592,1049.399716345147,1803.0,1.7181251070654895,2.932763317606872,-1803.0,-263.0
M02_Feb_2020_OP11_003,M02,OP11,good,Feb,2020,118784,0,1.1143335802801724,318.9195934723719,318.92154025702166,1918.0,6.014018364687023,10.521610936935952,-1918.0,1813.0,4.874957906788793,336.59499325553423,336.6302937931851,1428.0,4.242042461209143,2.375952236757926,-1428.0,1380.0,-1031.5621043238148,189.56653899238907,1048.8354722178926,1842.0,1.7562335073439714,2.941234452437867,-1842.0,-199.0
M02_Feb_2020_OP11_004,M02,OP11,good,Feb,2020,117760,0,1.3514860733695653,319.8964164286392,319.8992712690854,1909.0,5.967503434524025,10.51553398675371,-1825.0,1909.0,5.385326086956522,350.90007889072734,350.9414012375592,1395.0,3.9750225965949704,2.313959832486747,-1376.0,1395.0,-1031.7867017663043,196.56002219819194,1050.3426299395555,1764.0,1.6794519709263953,2.8223691848345442,-1764.0,-271.0
M02_Feb_2020_OP11_005,M02,OP11,good,Feb,2020,118784,0,1.5070716594827587,319.0252285919463,319.0287882670315,1883.0,5.902288662501213,10.518874184022456,-1840.0,1883.0,4.967992322198276,341.3326872276369,341.36883911357995,1278.0,3.743751196853632,2.3857528391515133,-1243.0,1278.0,-1031.5572130926723,191.94463499821623,1049.2630874990884,1764.0,1.681179888072192,2.9217035745301048,-1764.0,-292.0
M02_Feb_2019_OP12_000,M02,OP12,bad,Feb,2019,85141,1,20.486087799072266,402.6908264160156,403.2115783691406,2033.0,5.0420179108517225,8.82604694366455,-1955.0,2033.0,17.652565002441406,252.3733367919922,252.98995971679688,1339.0,5.2927001589268965,3.280813694000244,-1339.0,1290.0,-1049.373779296875,427.90911865234375,1133.2659912109375,2750.0,2.42661477651996,3.108191967010498,-2750.0,409.0
M02_Feb_2019_OP12_001,M02,OP12,bad,Feb,2019,85371,1,20.42644500732422,402.52484130859375,403.0428161621094,2047.0,5.078864869723093,8.83543872833252,-2047.0,2033.0,17.605649948120117,251.20394897460938,251.8201446533203,1434.0,5.694540450583021,3.3405396938323975,-1434.0,1294.0,-1049.4261474609375,426.0404052734375,1132.610107421875,2691.0,2.3759279405738654,3.1205718517303467,-2691.0,532.0
M02_Aug_2019_OP12_000,M02,OP12,good,Aug,2019,96256,0,1.4742042054521276,457.5417030058541,457.54407795045995,2689.0,5.877029404566238,7.342692617519715,-2689.0,2264.0,2.819128158244681,258.5910059839715,258.6063724260773,1799.0,6.956518445864069,7.102499524873892,-1799.0,1748.0,-1031.3694834607713,253.15097971978284,1061.983253138779,3076.0,2.8964675204704298,5.833782287414625,-3076.0,509.0
M02_Aug_2019_OP12_001,M02,OP12,good,Aug,2019,94208,0,0.6727666440217391,492.9395797075031,492.94003880509354,3173.0,6.436888364133455,7.1820120468397715,-3173.0,2555.0,2.534561820652174,301.1289687488516,301.1396350920443,2043.0,6.784228184959946,6.66538141082429,-1817.0,2043.0,-1032.353759765625,306.2460430722682,1076.8198197468523,3334.0,3.0961540072542353,6.85544415300115,-3334.0,759.0
M02_Aug_2019_OP12_002,M02,OP12,good,Aug,2019,96256,0,1.4201088763297873,442.0941015944635,442.09638244825805,2559.0,5.788330557759086,7.587710883868648,-2559.0,2032.0,3.5850544381648937,243.26191068430433,243.28832648753013,1862.0,7.653470377648546,6.869853797043274,-1862.0,1571.0,-1031.9164311835107,243.77198337030612,1060.3189618330919,2689.0,2.5360293428604024,5.597597357341297,-2689.0,564.0
M02_Aug_2019_OP12_003,M02,OP12,good,Aug,2019,95232,0,1.3000042002688172,444.34826741952816,444.3501690892637,2799.0,6.299086159316213,7.529892836101298,-2799.0,2553.0,3.3549647177419355,244.33130734215987,244.3543401206254,1811.0,7.411368257694955,6.553119955100155,-1811.0,1503.0,-1032.0120022681451,234.9685703091222,1058.42288422852,2646.0,2.4999459473409424,5.3075528294585155,-2646.0,183.0
M02_Aug_2019_OP12_004,M02,OP12,good,Aug,2019,97280,0,1.283655427631579,448.49225315394796,448.49409016213565,2695.0,6.008997797553424,7.457721000863813,-2695.0,2246.0,3.4594058388157896,251.3599810366643,251.38378538702506,1709.0,6.798370059424718,7.042588836996563,-1709.0,1618.0,-1032.1950143914473,252.85709005519283,1062.7150397570085,2724.0,2.563245929617075,5.813202128811233,-2724.0,361.0
M02_Aug_2019_OP12_005,M02,OP12,good,Aug,2019,97280,0,0.9654708059210526,475.02169549890993,475.02267664663776,3062.0,6.446008055059181,7.242811003974605,-3062.0,2235.0,3.9111328125,269.36620884770997,269.3946017069851,2074.0,7.698743727076783,6.922979303367658,-2074.0,1926.0,-1031.764298930921,272.90751997590223,1067.2469643938148,2879.0,2.6975949298063755,6.083242505156266,-2879.0,435.0
M02_Aug_2019_OP12_006,M02,OP12,good,Aug,2019,96256,0,0.6932866522606383,460.33108030849144,460.33160237416354,2641.0,5.737168568004073,7.395400803540342,-2641.0,2246.0,3.3831761136968086,253.82386761537774,253.84641350991168,2182.0,8.59574878301285,6.956361953107466,-2182.0,1829.0,-1031.7543633643618,267.040480387902,1065.7521684177802,2945.0,2.7633065991056425,5.809646727059032,-2945.0,714.0
M02_Aug_2019_OP12_007,M02,OP12,good,Aug,2019,96256,0,0.926020196143617,488.34197688533305,488.34285486907544,2955.0,6.0510765552047125,7.422779446867179,-2955.0,2391.0,3.163293716755319,287.21182266956333,287.22924208428213,2510.0,8.7386645655789,7.044774681586325,-2510.0,2115.0,-1032.1902842420213,300.6724613768907,1075.0910249434987,3136.0,2.916962310391171,6.406683859262089,-3136.0,634.0
M02_Aug_2019_OP12_008,M02,OP12,good,Aug,2019,96256,0,0.8961519281914894,479.28431167787187,479.2851494766031,3000.0,6.259321832266469,7.271831061728388,-3000.0,2250.0,3.223788646941489,275.2031475532441,275.22202898106246,1879.0,6.827215128659962,7.054618449356403,-1879.0,1838.0,-1032.2785696476064,281.12099639013974,1069.8729176706424,2961.0,2.7676184256040175,5.980668460695937,-2961.0,579.0
M02_Aug_2019_OP12_009,M02,OP12,good,Aug,2019,96256,0,0.9395362367021277,471.17572969809635,471.1766664265896,2885.0,6.122968740960541,7.443992620986502,-2885.0,2194.0,2.6058739195478724,268.5528178835092,268.5654604971716,2215.0,8.247523698317591,6.648854206754236,-2215.0,1735.0,-1032.2239133144947,283.39255939677486,1070.4193336911212,3427.0,3.2015490491774794,6.576926543018983,-3427.0,771.0
M02_Aug_2019_OP12_010,M02,OP12,good,Aug,2019,97280,0,0.6275287828947368,437.71908762332686,437.7195374462637,2506.0,5.725127131908402,7.705886659146986,-2506.0,2108.0,2.887417763157895,246.88821831283752,246.9051022620357,1932.0,7.8248686734290525,7.234929910803097,-1932.0,1715.0,-1032.3457648026315,231.41135444401974,1057.9645518974376,2795.0,2.6418654528521066,5.390370161330724,-2795.0,435.0
M02_Aug_2019_OP12_011,M02,OP12,good,Aug,2019,96256,0,1.1858793218085106,453.79857738301524,453.8001268671202,2652.0,5.843982500200021,7.413563031133842,-2652.0,2199.0,2.260503241356383,258.2378248318445,258.2477183806017,1934.0,7.488933540739744,7.206562433856395,-1934.0,1883.0,-1032.2743621176862,252.68216347283666,1062.7505043154717,2931.0,2.757937999651091,5.9889611233836515,-2931.0,568.0
M02_Aug_2019_OP12_012,M02,OP12,good,Aug,2019,96256,0,1.3959233710106382,430.5042249370696,430.50648809364617,2736.0,6.355304915648217,7.8979226584946725,-2736.0,1977.0,3.1106424534574466,234.77054870482593,234.79115536075523,1588.0,6.7634574971959545,6.465064453887792,-1588.0,1481.0,-1031.8503885472076,215.94092736096817,1054.2038268070069,2477.0,2.3496404936248294,5.337894178079564,-2477.0,267.0
M02_Aug_2019_OP12_013,M02,OP12,good,Aug,2019,96256,0,1.0682970412234043,444.44192121452113,444.4432051358451,2810.0,6.322517629988553,7.631994975676384,-2810.0,2080.0,3.313954454787234,247.701697460449,247.72386485543984,1883.0,7.601205483770534,7.4756586464216115,-1873.0,1883.0,-1031.6900868517287,233.4916510395756,1057.7820127102343,2904.0,2.745367159873906,5.7915963795932335,-2904.0,314.0
M02_Aug_2019_OP12_014,M02,OP12,good,Aug,2019,94208,0,0.9153681216032609,433.451308519263,433.45227506134904,2746.0,6.335184189796541,7.761986534824959,-2746.0,2053.0,3.0227369225543477,241.9029031575732,241.92178796992474,1586.0,6.555837790836634,6.5052640385893845,-1586.0,1503.0,-1031.8272545855978,218.50812124103788,1054.710046578651,2607.0,2.471769381980181,5.0558898509921555,-2607.0,203.0
M02_Aug_2019_OP12_015,M02,OP12,good,Aug,2019,96256,0,1.1807575631648937,478.7338037508054,478.7352598693119,3004.0,6.274866824766678,7.003644211234243,-3004.0,2490.0,2.63432928856383,273.9445385040934,273.95720444445567,1981.0,7.231056412687421,7.145737200191622,-1967.0,1981.0,-1031.8839968417553,291.0291944967335,1072.1392516774738,2957.0,2.7580372562365056,6.390582712717935,-2957.0,700.0
M02_Aug_2019_OP12_016,M02,OP12,good,Aug,2019,97280,0,0.8903577302631579,465.9997079858333,466.00055856164994,2734.0,5.866945757401497,7.275391958222101,-2734.0,2213.0,2.724105674342105,264.30395163025923,264.3179895487543,1955.0,7.396394030302632,7.27077104743752,-1955.0,1789.0,-1031.966642680921,277.34531348253705,1068.5857824792815,2773.0,2.5950186175659367,6.0125907595202595,-2773.0,726.0
M02_Aug_2019_OP12_017,M02,OP12,good,Aug,2019,94208,0,1.328316066576087,468.3668242665572,468.36870785430654,2869.0,6.12551597040605,7.1817933591297285,-2869.0,2297.0,2.711722995923913,267.1019356894524,267.11570056935807,2037.0,7.6259089063582834,6.907276241698204,-2037.0,1766.0,-1031.9765412703805,277.18389422798197,1068.553458162841,2799.0,2.6194290782721414,6.074587931936741,-2799.0,913.0
M02_Aug_2020_OP12_000,M02,OP12,good,Aug,2020,94208,0,-0.6107230808423914,415.6795954080896,415.6800440498852,2240.0,5.388760014014963,8.111478011832391,-2131.0,2240.0,4.499416185461956,288.95673138335354,288.99176001706616,1668.0,5.771790863177198,6.168024762253293,-1668.0,1469.0,-1031.105659816576,320.13250818863827,1079.6590686438592,2484.0,2.300726286789874,3.4866991837065657,-2484.0,507.0
M02_Aug_2020_OP12_001,M02,OP12,good,Aug,2020,97280,0,0.2071546052631579,412.70454930702294,412.70460129703355,2317.0,5.614185043535288,8.29748085871404,-2186.0,2317.0,4.504533305921052,277.80894027825684,277.8454572578653,1592.0,5.72980395545025,6.300477267949102,-1528.0,1592.0,-1031.2321032072368,311.64618043516623,1077.2942924127321,2426.0,2.2519380424514055,3.5529534353651373,-2426.0,622.0
M02_Aug_2020_OP12_002,M02,OP12,good,Aug,2020,97280,0,-0.9571340460526315,414.24764526576814,414.2487510105683,2436.0,5.880524670399918,8.274809438984365,-2436.0,2172.0,2.3874897203947367,287.60452788340393,287.6144373396451,1624.0,5.646448123472368,6.061415433550745,-1624.0,1567.0,-1032.370158305921,324.90608549415396,1082.2902143841673,2410.0,2.2267594846279852,3.4455181584158074,-2410.0,484.0
M02_Aug_2020_OP12_003,M02,OP12,good,Aug,2020,92160,0,-1.8468098958333334,419.016783373814,419.0208532468631,2418.0,5.770595857613446,8.013079734151075,-2213.0,2418.0,2.353103298611111,294.63471052211315,294.6441069147376,2002.0,6.79463784619092,6.072138475350904,-1795.0,2002.0,-1032.7292860243056,346.0916873364202,1089.1782380563993,2851.0,2.617569742384415,3.4872214443238705,-2851.0,655.0
M02_Aug_2021_OP12_000,M02,OP12,good,Aug,2021,96256,0,-1.8663875498670213,418.6274155755924,418.6315760594105,2086.0,4.9829017190618305,7.767781508469071,-2086.0,1938.0,-1.0613676030585106,273.085526401732,273.08758893677293,1897.0,6.946489246859205,7.201015905757565,-1897.0,1729.0,-1033.1069543716756,289.63076226861955,1072.9380026932688,2233.0,2.0812013316657305,3.4681619423620975,-2233.0,349.0
M02_Aug_2021_OP12_001,M02,OP12,good,Aug,2021,97280,0,-1.7319490131578947,418.33416490031755,418.33775011374513,2006.0,4.795168495921233,8.555981965284701,-1987.0,2006.0,-0.3301603618421053,184.46503800389982,184.46533346849955,1360.0,7.372658994662767,4.243957638443468,-1034.0,1360.0,-1032.3992907072368,293.03581794342125,1073.1813854379768,2033.0,1.8943675576056613,2.87360589950446,-2033.0,80.0
M02_Aug_2021_OP12_002,M02,OP12,good,Aug,2021,109568,0,1.072612441588785,250.05519692746972,250.05749740386813,1797.0,7.186347214767424,20.03225791408041,-1797.0,1756.0,5.514739705023365,116.72725079748913,116.8574491966776,745.0,6.375288910731942,9.793505882602933,-745.0,745.0,-1032.6831921728972,88.43974833707797,1036.463296254301,1567.0,1.5118721576181404,9.982105794256343,-1567.0,-402.0
M02_Feb_2019_OP12_000,M02,OP12,good,Feb,2019,98400,0,18.1318302154541,418.1192321777344,418.5121765136719,2684.0,6.413194527238133,8.646926879882812,-2684.0,2069.0,15.29843521118164,271.5085754394531,271.939208984375,2012.0,7.398712408976688,7.066709041595459,-1690.0,2012.0,-1049.263916015625,252.5234832763672,1079.22314453125,2588.0,2.3980212184238066,5.6005167961120605,-2588.0,530.0
M02_Feb_2020_OP12_000,M02,OP12,good,Feb,2020,98304,0,1.598297119140625,403.9317033172473,403.934865415767,2051.0,5.077551297506646,8.6767376253843,-2051.0,2043.0,6.200215657552083,258.2841631952548,258.3585718176836,1483.0,5.740084370208207,5.951397289752074,-1483.0,1350.0,-1031.0864664713542,287.3995634729144,1070.3914286020813,2229.0,2.0824157784139286,3.286881314625065,-2229.0,333.0
M02_Feb_2020_OP12_001,M02,OP12,good,Feb,2020,97280,0,1.698643092105263,400.0584200428382,400.06202623534057,2071.0,5.176697272391739,8.901520039457555,-2071.0,2063.0,5.6244243421052635,259.8325066990225,259.8933736875137,1600.0,6.156370888946871,5.7895092200855025,-1600.0,1383.0,-1031.2056846217106,292.3260221082771,1071.839384981621,2295.0,2.1411790163312134,3.242648418631102,-2295.0,308.0
M02_Feb_2020_OP12_002,M02,OP12,good,Feb,2020,97280,0,1.2740542763157894,401.1077210972869,401.1097445066099,2045.0,5.098355320475891,8.783837921941718,-2006.0,2045.0,4.720641447368421,273.85616963343926,273.8968530340823,1520.0,5.5495343709219584,5.948552643921116,-1520.0,1350.0,-1031.3950760690789,301.85629489833667,1074.6594929135892,2217.0,2.0629790316087253,3.194329308380419,-2217.0,324.0
M02_Feb_2020_OP12_003,M02,OP12,good,Feb,2020,97280,0,1.7884662828947369,400.8844335222972,400.8884229460089,2133.0,5.32068245903741,8.776070456921428,-2133.0,2043.0,4.961595394736842,272.10624668159585,272.15147787951946,1469.0,5.397729277260517,5.745103546047506,-1446.0,1469.0,-1031.5143297697368,295.866910348606,1073.1071899673116,2328.0,2.1694011761033063,3.1945603459249217,-2328.0,279.0
M02_Feb_2020_OP12_004,M02,OP12,good,Feb,2020,96256,0,1.296116605718085,403.3145877789506,403.3166704136596,2073.0,5.13988176554626,8.640505761987164,-2073.0,2065.0,5.402582696143617,273.5780843107774,273.631423844089,1397.0,5.105407779466108,5.908260317794236,-1395.0,1397.0,-1031.5933344414893,302.22293138059376,1074.9527933432191,2258.0,2.1005573584095507,3.1022326484020213,-2258.0,314.0
M02_Feb_2020_OP12_005,M02,OP12,good,Feb,2020,97280,0,1.4633634868421053,401.13435174252714,401.1370209549252,2225.0,5.546733120526459,8.729493386742895,-2035.0,2225.0,5.17424958881579,270.79365215727677,270.8430817050411,1559.0,5.756100507296004,6.117815372635674,-1512.0,1559.0,-1031.3554379111843,296.9052558513093,1073.2412451360142,2199.0,2.0489335552150867,3.185919188126024,-2199.0,150.0
M02_Feb_2021_OP12_000,M02,OP12,good,Feb,2021,100352,0,-2.1607142857142856,401.12546336091043,401.13128280243814,2199.0,5.481995781124438,8.541378255977328,-2199.0,1991.0,-1.1809032206632653,230.6545626317937,230.6575856009956,1442.0,6.251691208172327,5.658353530040918,-1442.0,1350.0,-1032.995396205357,210.84984005909064,1054.294618991488,1932.0,1.8325048475046786,3.9423647549626293,-1932.0,-124.0
M02_Feb_2021_OP12_001,M02,OP12,good,Feb,2021,100352,0,-1.7728495695153061,401.95888402498,401.9627936043378,2022.0,5.030316318256824,8.59241897265976,-2022.0,2020.0,0.8266501913265306,233.47606452939593,233.4775279522067,1581.0,6.771529636563711,5.800958288524772,-1581.0,1534.0,-1032.4637476084183,210.87315463491603,1053.7783815733274,1948.0,1.8485860348468803,3.7859930984468355,-1948.0,-111.0
M02_Feb_2021_OP12_002,M02,OP12,good,Feb,2021,96256,0,-1.0666036402925532,399.4087581305048,399.41018228717894,2065.0,5.170123576156728,8.653307829469286,-2045.0,2065.0,2.519365026595745,246.5650200498776,246.5778909641612,1520.0,6.164380732013496,5.579885844847595,-1479.0,1520.0,-1031.9521172706118,231.35129426643988,1057.567299843398,2032.0,1.9213907240710768,3.3507164611029676,-2032.0,-138.0
M02_Feb_2021_OP12_003,M02,OP12,good,Feb,2021,101376,0,-1.588008996212121,394.25605428427053,394.259252411879,2160.0,5.478628559218866,8.97172351265013,-2160.0,2096.0,-0.016907354797979796,224.65621127335748,224.65621190957103,1401.0,6.236195242907117,5.908695436563032,-1298.0,1401.0,-1032.5734690656566,204.7666636183237,1052.6810321971534,1893.0,1.7982655164299244,3.9636846498003524,-1893.0,-150.0
M02_Feb_2021_OP12_004,M02,OP12,good,Feb,2021,101376,0,-1.6561513573232323,396.7649663058094,396.76842279214765,2121.0,5.345687504751641,8.760693600531143,-2082.0,2121.0,0.3890368529040404,225.83008176576087,225.83041686186374,1403.0,6.212626356963194,5.877367938175271,-1403.0,1374.0,-1031.7160767834596,203.95755057862715,1051.68281602938,1893.0,1.799972359676852,3.884458243735082,-1893.0,-171.0
M02_Feb_2021_OP12_005,M02,OP12,good,Feb,2021,101376,0,-1.0284288194444444,399.75832807037983,399.7596509497452,2225.0,5.565844363516593,8.737648463225291,-2061.0,2225.0,0.613705413510101,224.47161352945514,224.47245246321793,1413.0,6.294759042789601,5.0155563594338215,-1319.0,1413.0,-1032.6201961016413,207.9337293881383,1053.3474760088677,1914.0,1.8170642106175101,3.7883995573484386,-1914.0,-171.0
M02_Feb_2021_OP12_006,M02,OP12,good,Feb,2021,96256,0,-1.505121758643617,397.65061108052765,397.65345954011946,2119.0,5.3287603795792275,8.788781501147911,-2016.0,2119.0,-0.6179666722074468,226.23749447686333,226.23833846184587,1772.0,7.832447904486535,5.527434014632408,-1772.0,1426.0,-1032.755734707447,216.63699865795172,1055.2326742281266,1899.0,1.7996031078065942,3.4915277053681586,-1899.0,-181.0
M02_Feb_2021_OP12_007,M02,OP12,good,Feb,2021,98304,0,-1.45233154296875,392.4037005575755,392.4063881719946,2102.0,5.356691591571843,8.998892560445123,-2065.0,2102.0,2.2782796223958335,226.82700775877225,226.83844913690433,1563.0,6.890366275854227,5.628396271790961,-1563.0,1452.0,-1032.0694274902344,213.08311211934387,1053.83666468314,1938.0,1.8389946610774865,3.588163404898651,-1938.0,-203.0
M02_Feb_2021_OP12_008,M02,OP12,good,Feb,2021,101376,0,-1.90234375,395.96514812326865,395.96971783209034,2041.0,5.154434564275138,8.896526352838361,-2041.0,2030.0,1.4915561868686869,235.41010442659186,235.4148296220896,1610.0,6.83899142031335,5.470281977218844,-1610.0,1481.0,-1031.6771129261363,212.39919920426945,1053.3143335007944,1914.0,1.8171213844955776,3.591834295268805,-1914.0,-197.0
M02_Feb_2021_OP12_009,M02,OP12,good,Feb,2021,101376,0,-0.9958866003787878,398.5281981005025,398.529442414678,2123.0,5.327084461155006,8.736677628440713,-2028.0,2123.0,2.0322956123737375,241.34497349335837,241.353530025906,1561.0,6.467690776399451,5.887948576448413,-1561.0,1542.0,-1032.0367049400252,227.4853192938148,1056.8109248288804,1897.0,1.7950230788039627,3.6142440069763992,-1897.0,-31.0
M02_Aug_2019_OP13_000,M02,OP13,good,Aug,2019,65536,0,2.4684600830078125,381.64400972476705,381.6519925979419,2197.0,5.756553201896862,11.43279239283033,-1992.0,2197.0,4.96881103515625,232.84049224314427,232.89350336824086,1924.0,8.261286691874169,13.755189770853066,-1858.0,1924.0,-1031.5415802001953,179.65305532182805,1047.06888597092,2609.0,2.491717627136577,13.014251540986754,-2609.0,493.0
M02_Aug_2019_OP13_001,M02,OP13,good,Aug,2019,65536,0,2.4616546630859375,381.3141500292708,381.32209581432016,2014.0,5.281624175748502,11.566890774738184,-1903.0,2014.0,5.0514678955078125,230.35575386079137,230.41113398590974,1791.0,7.773061869959481,12.822615218063135,-1758.0,1791.0,-1031.9183349609375,179.42967588894112,1047.401765617265,2691.0,2.569214687559853,12.680415952844358,-2691.0,507.0
M02_Aug_2019_OP13_002,M02,OP13,good,Aug,2019,66560,0,2.6274489182692307,376.19492846326995,376.20410376456937,2008.0,5.337528165978268,11.59110572429576,-2008.0,1957.0,4.277328725961539,231.39893202437852,231.4384611145107,2084.0,9.00455347812256,14.732741001509433,-2084.0,1903.0,-1032.0871995192308,177.78079529660093,1047.2869705041405,2623.0,2.504566631567417,13.996239208893723,-2623.0,349.0
M02_Aug_2019_OP13_003,M02,OP13,good,Aug,2019,65536,0,1.9069061279296875,380.2755566002984,380.28033769660965,1979.0,5.204055544882944,11.402710010649443,-1938.0,1979.0,4.412200927734375,233.92355861365738,233.96516576512818,1897.0,8.108044604829555,14.102337551878549,-1877.0,1897.0,-1031.9492645263672,181.39545695177367,1047.7707747209085,2588.0,2.470005904382433,13.71284470175602,-2588.0,568.0
M02_Aug_2019_OP13_004,M02,OP13,good,Aug,2019,65536,0,1.8989410400390625,381.62590170563413,381.6306261684352,1992.0,5.219706866819482,11.361469443870131,-1959.0,1992.0,4.380096435546875,240.90691530675838,240.94673080870456,2373.0,9.848649915420525,13.70682485022011,-1858.0,2373.0,-1032.0452270507812,183.6284729442898,1048.2541517943778,2596.0,2.476498657845739,14.122274353666835,-2596.0,437.0
M02_Aug_2019_OP13_005,M02,OP13,good,Aug,2019,65536,0,2.6009674072265625,379.5795027473486,379.5884138608263,1975.0,5.203003906025755,11.45584479515546,-1975.0,1950.0,4.8193206787109375,238.9768279131291,239.02541733302252,1924.0,8.049353166987192,14.153234747025822,-1924.0,1905.0,-1032.0121612548828,176.81267343155866,1047.0491022220444,2451.0,2.3408644301384673,13.222453288011888,-2451.0,359.0
M02_Aug_2019_OP13_006,M02,OP13,good,Aug,2019,65536,0,2.14697265625,380.05723121446266,380.063295373271,2076.0,5.462248065709953,11.414733917054672,-1881.0,2076.0,4.29119873046875,243.59635158755185,243.63414558167037,2012.0,8.258284138277912,14.740979723885282,-2000.0,2012.0,-1031.982894897461,181.2594130530343,1047.7803539775282,2797.0,2.669452609396785,14.441090698151374,-2797.0,503.0
M02_Aug_2019_OP13_007,M02,OP13,good,Aug,2019,65536,0,2.229583740234375,381.3213202870596,381.3278384135115,1977.0,5.1845152670341985,11.401841766945388,-1977.0,1950.0,4.2054595947265625,244.70897415618157,244.74510806750283,2311.0,9.442476780220694,14.119263154821525,-2311.0,2010.0,-1032.1136474609375,181.6472463323454,1047.9762895100462,2699.0,2.575439947464696,14.279916078674113,-2699.0,532.0
M02_Aug_2019_OP13_008,M02,OP13,good,Aug,2019,65536,0,1.69598388671875,380.93161596086816,380.93539137221467,1977.0,5.1898564553910385,11.361716283719886,-1973.0,1977.0,4.9069671630859375,241.13704491221935,241.1869663886034,2065.0,8.561822518522193,14.276604019760846,-2065.0,1842.0,-1031.666519165039,180.65471727419256,1047.3642793410163,2648.0,2.5282512037417164,14.777138595594867,-2648.0,521.0
M02_Aug_2019_OP13_009,M02,OP13,good,Aug,2019,65536,0,1.865509033203125,380.40026455852194,380.4048388232548,2043.0,5.370594144700737,11.35558063242335,-1895.0,2043.0,4.9857940673828125,240.77290787528761,240.8245238948976,2084.0,8.653603737256903,14.618874309367403,-2084.0,1953.0,-1031.6945343017578,178.4393236434262,1047.0120363827937,2531.0,2.4173552089659567,14.654198533453192,-2531.0,458.0
M02_Aug_2019_OP13_010,M02,OP13,good,Aug,2019,65536,0,1.5662841796875,380.85296192640607,380.8561826388644,2016.0,5.293336676410508,11.299556384624735,-1944.0,2016.0,4.4191131591796875,240.43903950951562,240.47964629334447,1969.0,8.187803127413757,14.263892003435718,-1969.0,1930.0,-1031.6095428466797,181.05848345838288,1047.3778799099134,2724.0,2.600780532270068,14.266694401955098,-2724.0,505.0
M02_Aug_2019_OP13_011,M02,OP13,good,Aug,2019,66560,0,2.6420973557692307,378.72302852134555,378.732244482586,2166.0,5.719079987390913,11.656161171107916,-2020.0,2166.0,4.664588341346154,234.20411927461294,234.2505664232028,1969.0,8.405529301657083,14.560779388462642,-1969.0,1959.0,-1031.7394681490384,179.97883059932306,1047.3197742811699,2539.0,2.424283454155774,13.369182235193907,-2539.0,491.0
M02_Aug_2019_OP13_012,M02,OP13,good,Aug,2019,65536,0,2.2169952392578125,381.6191208099747,381.62556051143764,2184.0,5.722887107124324,11.236194243962046,-1916.0,2184.0,4.4127044677734375,238.9863417352217,239.02707691118198,2024.0,8.467659924369492,14.81573677256431,-1991.0,2024.0,-1032.1873931884766,186.29537733158102,1048.86452045645,2678.0,2.5532372844822464,15.701969238695225,-2678.0,421.0
M02_Aug_2019_OP13_013,M02,OP13,good,Aug,2019,65536,0,2.127044677734375,381.89826146231775,381.904184877571,2012.0,5.268337137088448,11.332524359163907,-1930.0,2012.0,4.22515869140625,246.2416794836744,246.27792568743996,2082.0,8.453863634706506,14.752343051895,-2041.0,2082.0,-1032.1728515625,187.2550135324565,1049.0210844381074,2680.0,2.554762759068377,15.991596389291994,-2680.0,489.0
M02_Aug_2019_OP13_014,M02,OP13,good,Aug,2019,65536,0,2.740875244140625,381.2859369578066,381.2957882260129,1959.0,5.137743611368725,11.494572563669788,-1903.0,1959.0,4.4954071044921875,235.07921646971403,235.1221952539781,2000.0,8.50621523773886,13.723295169463775,-1940.0,2000.0,-1031.4340057373047,181.01003252644878,1047.1966100339173,2607.0,2.4895038572704724,12.867749502445054,-2607.0,394.0
M02_Aug_2019_OP13_015,M02,OP13,good,Aug,2019,66560,0,1.896484375,378.0581035623106,378.0628602787047,1967.0,5.202838487096946,11.543780790669546,-1967.0,1924.0,4.070012019230769,235.46407340386804,235.49924598983083,1920.0,8.152892345493575,14.19624724388342,-1920.0,1909.0,-1032.2874549278847,180.3117528949354,1047.9168468125388,2572.0,2.4543932162397075,13.703639008109246,-2572.0,398.0
M02_Aug_2019_OP13_016,M02,OP13,good,Aug,2019,65536,0,1.8773345947265625,380.5978832467212,380.6025132826443,2035.0,5.34678550188333,11.478378067706794,-1918.0,2035.0,4.0301666259765625,239.00898513058746,239.04296102622752,2037.0,8.521480788453347,14.631521416366617,-2037.0,1981.0,-1032.322265625,183.1806027829677,1048.4485649477824,2674.0,2.5504350803638873,14.048729449665643,-2674.0,411.0
M02_Aug_2019_OP13_017,M02,OP13,good,Aug,2019,65536,0,1.8319549560546875,380.89740676137194,380.901812199022,2049.0,5.379339069485427,11.408792009062658,-1916.0,2049.0,3.7232208251953125,240.8608070076882,240.8895820198707,2084.0,8.651266619857779,14.361931522097816,-2010.0,2084.0,-1032.4344177246094,183.24092194588107,1048.5695314941827,2590.0,2.4700317167420662,14.00124590697344,-2590.0,476.0
M02_Aug_2019_OP13_018,M02,OP13,good,Aug,2019,65536,0,2.190093994140625,379.7741199703243,379.78043487117327,1924.0,5.066085093753308,11.416105333821235,-1852.0,1924.0,3.9803924560546875,237.46804420489573,237.5014011381881,1946.0,8.193635871932129,13.805780514196758,-1944.0,1946.0,-1031.9037780761719,178.3422982075885,1047.2016914319045,2514.0,2.4006836701747973,12.22458068158448,-2514.0,318.0
M02_Aug_2019_OP13_019,M02,OP13,good,Aug,2019,66560,0,2.4422776442307694,377.3721551506331,377.3800580358281,1996.0,5.289097707994157,11.729953972776137,-1992.0,1996.0,3.842082331730769,236.77380294476905,236.80497325346045,1827.0,7.715209587446036,13.71823858982798,-1827.0,1803.0,-1032.0260216346153,181.42121028927806,1047.850831403878,2521.0,2.4058767950992057,13.157210775192537,-2521.0,544.0
M02_Aug_2019_OP13_020,M02,OP13,good,Aug,2019,65536,0,2.2609100341796875,379.6685552135202,379.67528696519673,2135.0,5.623226144280775,11.512556078237612,-2088.0,2135.0,4.6664276123046875,241.31445257248,241.35956696807483,2002.0,8.294678454841646,14.161909139944669,-2002.0,1946.0,-1031.7778930664062,177.85336834906911,1046.99448004928,2422.0,2.3132882227669445,11.85539088952044,-2422.0,540.0
M02_Aug_2020_OP13_000,M02,OP13,good,Aug,2020,67584,0,1.4238873106060606,373.12398300701796,373.1266998622515,2053.0,5.502152488036673,11.67879634412425,-2053.0,1994.0,6.412494081439394,156.60651346772664,156.73774319180987,1100.0,7.018092627848167,7.229309661281505,-977.0,1100.0,-1031.1427260890152,143.20075919722368,1041.038798028655,1760.0,1.690619027199364,5.475993781348697,-1760.0,-277.0
M02_Aug_2020_OP13_001,M02,OP13,good,Aug,2020,65536,0,1.1396942138671875,378.9451267527432,378.94684058922263,2071.0,5.465146501234347,11.327992058594624,-1944.0,2071.0,5.6279296875,156.7496808762169,156.85068073605316,1030.0,6.566755051151319,7.184477764773036,-972.0,1030.0,-1031.0588684082031,143.41761743101384,1040.9855921734907,1842.0,1.769476939785553,5.301137593270235,-1842.0,-263.0
M02_Aug_2020_OP13_002,M02,OP13,good,Aug,2020,65536,0,-0.10980224609375,378.8588401771573,378.8588560888,2043.0,5.392509551158929,11.267462615154889,-1971.0,2043.0,3.285675048828125,157.3504550492931,157.38475582071504,1104.0,7.014656497339694,7.166374071027757,-1104.0,1071.0,-1032.485595703125,140.42700875413325,1041.991482749293,1870.0,1.7946403890615379,5.160260624707997,-1870.0,-310.0
M02_Aug_2020_OP13_003,M02,OP13,good,Aug,2020,65536,0,0.0806732177734375,378.63634468138747,378.6363532756074,2063.0,5.4484995488490595,11.314311427148889,-1948.0,2063.0,3.894256591796875,157.7275670273363,157.77563384365035,1112.0,7.0479830941573,7.437476545110879,-1020.0,1112.0,-1032.6272583007812,139.21958981194047,1041.9698406255304,1782.0,1.7102222449454045,5.1244241908834205,-1782.0,-249.0
M02_Aug_2020_OP13_004,M02,OP13,good,Aug,2020,66560,0,-2.735321514423077,387.7774768819224,387.7871240264394,2303.0,5.938825343367979,10.637864876882576,-2008.0,2303.0,-2.3859224759615385,229.39729703935646,229.4097044918197,1758.0,7.663145741346295,9.567898685052464,-1748.0,1758.0,-1033.5396935096153,179.9632075081927,1049.0905843236733,2461.0,2.3458412807951707,10.423524008366416,-2461.0,193.0
M02_Aug_2021_OP13_000,M02,OP13,good,Aug,2021,66560,0,0.3367487980769231,373.7221387486591,373.72229046529327,1942.0,5.196371877048498,11.435879246540226,-1942.0,1914.0,1.8821814903846155,255.05035872899526,255.05730355148023,2078.0,8.147188773132234,16.700252496104195,-2078.0,2053.0,-1033.3035306490385,219.0757260619116,1056.2719158442687,3006.0,2.845858111826566,21.991614913851944,-3006.0,976.0
M02_Aug_2021_OP13_001,M02,OP13,good,Aug,2021,64512,0,0.8380146329365079,379.62246252970834,379.62338748507693,2020.0,5.3210631025186945,11.104751232439423,-2020.0,1938.0,2.8013237847222223,259.2338765704908,259.24901191077146,2225.0,8.582482083927102,16.43067505042546,-2104.0,2225.0,-1032.4297495039682,220.12027876177032,1055.6344655149271,2949.0,2.7935806345253322,20.94309391142825,-2949.0,892.0
M02_Aug_2021_OP13_002,M02,OP13,good,Aug,2021,65536,0,0.445281982421875,376.78834768410576,376.78861079730433,1897.0,5.034653239613186,11.187249890362862,-1854.0,1897.0,2.90087890625,260.1077832372471,260.1239589100232,2346.0,9.018777085472088,17.106912813356693,-2217.0,2346.0,-1032.3939208984375,220.70588509536864,1055.7216942091222,3009.0,2.850182975783354,21.80368441879866,-3009.0,1015.0
M02_Aug_2021_OP13_003,M02,OP13,good,Aug,2021,64512,0,1.1672247023809523,379.4498851488433,379.4516803928745,1918.0,5.054662027096974,11.049464560069179,-1912.0,1918.0,4.603562127976191,257.2847977834504,257.32597994516044,2073.0,8.055929682816261,16.165835053211044,-2065.0,2073.0,-1032.681904141865,221.40424907362862,1056.1494954076934,2937.0,2.780856320786541,20.953025185781392,-2937.0,936.0
M02_Feb_2019_OP13_000,M02,OP13,good,Feb,2019,67200,0,15.84029769897461,375.314453125,375.6485595703125,2047.0,5.4492422447765305,11.616618156433105,-1911.0,2047.0,14.915267944335938,197.30445861816406,197.86741638183594,1952.0,9.865191731381964,14.59566593170166,-1856.0,1952.0,-1049.595947265625,172.67031860351562,1063.704345703125,2787.0,2.620088947890638,14.090487480163574,-2787.0,616.0
M02_Feb_2019_OP13_001,M02,OP13,good,Feb,2019,66000,0,15.587060928344727,369.6171875,369.9456787109375,2045.0,5.527838592751588,11.962287902832031,-1959.0,2045.0,15.005499839782715,186.1956329345703,186.79930114746094,2010.0,10.76021156210477,14.922745704650879,-1665.0,2010.0,-1049.51416015625,163.9903564453125,1062.2489013671875,2631.0,2.4768206364946312,13.100446701049805,-2631.0,443.0
M02_Feb_2019_OP13_002,M02,OP13,good,Feb,2019,67200,0,15.986011505126953,372.287353515625,372.6304016113281,2149.0,5.76710861676153,11.895853996276855,-2033.0,2149.0,15.247246742248535,191.77862548828125,192.3837890625,1651.0,8.58180415327841,14.457178115844727,-1651.0,1626.0,-1049.413330078125,162.36053466796875,1061.89892578125,2453.0,2.310012695601234,13.047886848449707,-2453.0,425.0
M02_Feb_2020_OP13_000,M02,OP13,good,Feb,2020,66560,0,3.487860576923077,373.8975956356306,373.91386333420377,2071.0,5.538708785849276,11.589857262274672,-1973.0,2071.0,8.2412109375,210.27718515504895,210.43861849586239,1768.0,8.401499746752815,12.882846343534785,-1768.0,1600.0,-1031.0950871394232,166.35339762850202,1044.4283276633207,2277.0,2.1801400246336557,10.589740972632827,-2277.0,111.0
M02_Feb_2020_OP13_001,M02,OP13,good,Feb,2020,65536,0,3.725799560546875,376.6864810774622,376.7049065367834,2073.0,5.502981150572249,11.388618860914034,-1916.0,2073.0,7.954010009765625,203.21485307528354,203.37045701292146,1571.0,7.72481914568439,12.13823037608699,-1569.0,1571.0,-1031.175796508789,162.48474601859445,1043.8988533350646,2276.0,2.1802878628792426,9.912590971147974,-2276.0,68.0
M02_Feb_2020_OP13_002,M02,OP13,good,Feb,2020,66560,0,3.598317307692308,373.83896180059844,373.8562788660853,2041.0,5.459317163778551,11.607194045282169,-2030.0,2041.0,7.324684495192308,202.20581351504578,202.3384343673628,1600.0,7.907543640942989,12.12019281822874,-1600.0,1432.0,-1031.3201923076922,166.5341725289886,1044.6793621401212,2236.0,2.1403696493241235,10.30509049308506,-2236.0,257.0
M02_Feb_2020_OP13_003,M02,OP13,good,Feb,2020,65536,0,3.44207763671875,376.71908375915825,376.734808541495,2035.0,5.401677662540326,11.434306977139371,-1840.0,2035.0,7.320556640625,205.22450347948484,205.35502764220234,1610.0,7.84008075422026,12.160903195971398,-1610.0,1557.0,-1031.3282623291016,168.5694518036044,1045.013705536981,2196.0,2.1014078460067505,9.862236422933654,-2196.0,121.0
M02_Feb_2020_OP13_004,M02,OP13,good,Feb,2020,69632,0,3.732565487132353,365.61973730333193,365.638789450563,1979.0,5.412445443695396,12.151462237680065,-1905.0,1979.0,7.698888442095588,200.37262290835173,200.5204750004756,1750.0,8.727288323029601,12.937459677415692,-1467.0,1750.0,-1031.322998046875,161.37477967373937,1043.8720926507915,2211.0,2.1180755914121847,10.199654627351334,-2211.0,242.0
M02_Feb_2020_OP13_005,M02,OP13,good,Feb,2020,66560,0,3.8289212740384615,373.5662710257112,373.5858930502835,1907.0,5.1045824681161704,11.591478515769008,-1905.0,1907.0,7.965985576923077,203.96844542142887,204.12394189277785,1614.0,7.906960766257401,12.159061864894328,-1553.0,1614.0,-1031.5040865384615,163.85180687656046,1044.4367358352824,2311.0,2.2126759053067877,10.007980113059078,-2311.0,183.0
M02_Feb_2021_OP13_000,M02,OP13,good,Feb,2021,64512,0,2.0436042906746033,379.9410901207358,379.9465860889264,1979.0,5.208626876665279,11.203794496695625,-1979.0,1940.0,2.0435732886904763,278.3910048749638,278.39850536071197,2299.0,8.2579466330872,15.30768815748028,-2299.0,2178.0,-1032.7124410962301,213.52674405229962,1054.5561419007104,2920.0,2.7689374552757826,20.09697228814624,-2920.0,868.0
M02_Feb_2021_OP13_001,M02,OP13,good,Feb,2021,64512,0,2.5767609126984126,379.522667693615,379.53141502394686,1975.0,5.2037853042425635,11.219958120906453,-1877.0,1975.0,3.278196304563492,280.3904258812853,280.40958881054655,2192.0,7.817136387161794,14.814364979197732,-2080.0,2192.0,-1032.4645492311508,219.0132694708348,1055.4382301316302,2961.0,2.8054697238233595,20.436407059231414,-2961.0,866.0
M02_Feb_2021_OP13_002,M02,OP13,good,Feb,2021,66560,0,2.8848407451923075,374.2020885423755,374.21320844620243,1879.0,5.021201704242165,11.571031657638802,-1860.0,1879.0,5.972971754807692,262.96523060216884,263.0330566625335,2365.0,8.991265318542265,16.597688649398773,-2365.0,2162.0,-1031.8316105769231,202.66168308991894,1051.5456387521208,2847.0,2.707443115239926,19.152289242408163,-2847.0,839.0
M02_Feb_2021_OP13_003,M02,OP13,good,Feb,2021,65536,0,2.471405029296875,376.44721070517767,376.45532310026823,1911.0,5.0762995838712275,11.448304660695813,-1893.0,1911.0,5.0885162353515625,262.90040958287943,262.9496498501628,2543.0,9.67105299987691,17.51750836679336,-2543.0,2457.0,-1031.1474151611328,197.03492957035976,1049.803674628872,2824.0,2.690026781434485,18.935853795291738,-2824.0,866.0
M02_Feb_2021_OP13_004,M02,OP13,good,Feb,2021,65536,0,3.0377349853515625,376.83006701854447,376.84231084505626,1912.0,5.073740248838842,11.415000702333975,-1912.0,1895.0,6.201934814453125,258.41080946367646,258.4852228718602,2354.0,9.106903574008008,16.984065834544886,-2336.0,2354.0,-1031.438247680664,194.64766040666345,1049.644020837706,2691.0,2.563726317282645,18.195318792815616,-2691.0,704.0
M02_Feb_2021_OP13_005,M02,OP13,good,Feb,2021,65536,0,2.31756591796875,377.1546256050251,377.16174610775516,1870.0,4.958085010736324,11.347841154998202,-1832.0,1870.0,3.4293365478515625,285.3227488756612,285.34335698439185,2381.0,8.344333034990681,15.104825563162702,-2373.0,2381.0,-1032.61572265625,223.11804237470432,1056.4454039419215,3019.0,2.8576961845214015,20.776284514499793,-3019.0,872.0
M02_Feb_2021_OP13_006,M02,OP13,good,Feb,2021,66560,0,2.5291917067307694,374.2192412531004,374.22778803121446,1936.0,5.173319731773947,11.498887975813014,-1912.0,1936.0,3.5976111778846156,282.31317655176895,282.33609840213046,2361.0,8.362373828079308,15.56741378006161,-2361.0,2221.0,-1031.9403545673076,217.35059396567118,1054.5815170396884,2873.0,2.7243033881959047,20.974167542486416,-2873.0,923.0
M02_Feb_2021_OP13_007,M02,OP13,good,Feb,2021,65536,0,2.649078369140625,376.6917547857136,376.701069469873,1992.0,5.288012595247787,11.388122038818059,-1850.0,1992.0,3.544952392578125,271.1241229262071,271.1472970913977,2348.0,8.659499929326389,15.834497390290926,-2248.0,2348.0,-1032.6192016601562,204.73846465640182,1052.7204066356458,2724.0,2.587581643549156,17.757247316062443,-2724.0,792.0
M02_Feb_2021_OP13_008,M02,OP13,good,Feb,2021,65536,0,2.00848388671875,377.3222258128062,377.32757134862743,1930.0,5.114919095633218,11.47762662163337,-1842.0,1930.0,2.898193359375,276.4861455207999,276.50133487868965,2582.0,9.338110433111686,16.10204490549799,-2582.0,2322.0,-1032.7081298828125,214.35204930744993,1054.7193382925902,2844.0,2.696451934411242,19.598379297064724,-2844.0,872.0
M02_Feb_2021_OP13_009,M02,OP13,good,Feb,2021,65536,0,2.629638671875,376.5596977939257,376.56887949244725,1942.0,5.157091054941916,11.445453678460263,-1916.0,1942.0,5.3070068359375,267.8396824690163,267.8922541371067,2297.0,8.574342723714588,16.310992917658297,-2297.0,2197.0,-1031.8946228027344,214.69599813828285,1053.992829285755,2787.0,2.6442305133030444,20.389080725422485,-2787.0,847.0
M02_Feb_2021_OP13_010,M02,OP13,good,Feb,2021,65536,0,2.7152252197265625,376.4042293381567,376.4140224694685,2057.0,5.464727340668735,11.439629220311431,-2057.0,1914.0,4.4557647705078125,270.4382475918109,270.4749518905951,2424.0,8.962012870531865,17.074036733210253,-2424.0,2225.0,-1031.7534790039062,199.79348465686772,1050.9199198549802,2728.0,2.595821002590231,17.69792910375538,-2728.0,784.0
M02_Feb_2021_OP13_011,M02,OP13,good,Feb,2021,65536,0,3.229278564453125,377.5358513762716,377.5496620505084,1942.0,5.143694181721186,11.310244965916581,-1942.0,1932.0,5.6652984619140625,271.4289562175383,271.4880731818709,2242.0,8.25818966455324,15.547471158414485,-2242.0,2115.0,-1031.9781494140625,200.49158065165813,1051.2734062936595,2713.0,2.580679758241843,17.3752598314856,-2713.0,644.0
M02_Feb_2019_OP14_000,M02,OP14,bad,Feb,2019,53161,1,19.890653610229492,492.20477294921875,492.6065368652344,2143.0,4.350327979074859,5.453625679016113,-2143.0,1881.0,17.01239585876465,391.4210205078125,391.7905578613281,2693.0,6.873570447180534,8.689070701599121,-2443.0,2693.0,-1050.7530517578125,781.6467895507812,1309.6004638671875,4753.0,3.629351188502651,7.251530170440674,-4753.0,3090.0
M02_Feb_2019_OP14_001,M02,OP14,bad,Feb,2019,53041,1,19.84941864013672,493.70147705078125,494.1003112792969,2387.0,4.831002825761662,5.472004413604736,-2387.0,1952.0,16.641315460205078,389.0757751464844,389.4314880371094,2873.0,7.377420902662674,9.073494911193848,-2471.0,2873.0,-1050.4500732421875,756.3806762695312,1294.4329833984375,4481.0,3.461747388602126,7.25307559967041,-4481.0,2851.0
M02_Aug_2019_OP14_000,M02,OP14,good,Aug,2019,67584,0,2.876731178977273,404.54991968662875,404.56014769219905,1994.0,4.928809748994586,8.747752503974269,-1809.0,1994.0,5.344652580492424,122.84642869581361,122.96263804311364,1024.0,8.32773284874517,8.019143591048568,-919.0,1024.0,-1031.5770744554925,160.76030691738632,1044.0283218487536,2131.0,2.0411323672009676,6.338226101011161,-2131.0,0.0
M02_Aug_2019_OP14_001,M02,OP14,good,Aug,2019,67584,0,2.8598336884469697,404.4966650200934,404.50677455526403,1971.0,4.872600717669119,8.77604365108762,-1971.0,1957.0,5.057972301136363,123.18624318466303,123.2900385016973,1124.0,9.116713837221539,7.412128196174328,-1124.0,876.0,-1031.612334280303,160.07875643473523,1043.9584361941556,2180.0,2.088205741166656,6.550538770226737,-2180.0,-3.0
M02_Aug_2019_OP14_002,M02,OP14,good,Aug,2019,65536,0,1.488525390625,430.9746965981127,430.97726716808836,2090.0,4.849443715983435,7.677887573210425,-2043.0,2090.0,3.6397705078125,148.65989259827327,148.7044437691076,1009.0,6.785271337060159,5.414534117685146,-897.0,1009.0,-1032.176025390625,208.03822420623132,1052.93269021437,2646.0,2.5129811474096146,5.10713459299254,-2646.0,136.0
M02_Aug_2019_OP14_003,M02,OP14,good,Aug,2019,65536,0,1.3131103515625,429.00202569684404,429.00403530828356,1918.0,4.470820416926194,7.626439225329462,-1918.0,1887.0,3.4997711181640625,145.05607099621088,145.09828438247402,977.0,6.733367001257314,5.565685997653969,-919.0,977.0,-1032.0801696777344,194.08800338425365,1050.1712382748383,2750.0,2.6186205637449604,6.292968885266438,-2750.0,167.0
M02_Aug_2019_OP14_004,M02,OP14,good,Aug,2019,64512,0,1.2281125992063493,431.5671036438354,431.5688510632867,2024.0,4.68986581170844,7.5585332597318455,-1955.0,2024.0,3.3294270833333335,143.3649332194003,143.4035883850413,1036.0,7.224365942770698,5.551329680401246,-915.0,1036.0,-1032.1034226190477,191.23138574457812,1049.669909007467,2518.0,2.398849370066193,6.267443807139376,-2518.0,132.0
M02_Aug_2019_OP14_005,M02,OP14,good,Aug,2019,68608,0,2.681436567164179,400.9488260424173,400.9577923009557,1879.0,4.68627879562355,8.89732866943757,-1856.0,1879.0,5.080413362873134,120.94395190372795,121.05060967227269,1130.0,9.334938527441658,7.468991694559397,-909.0,1130.0,-1032.0645260027984,159.17120069541875,1044.2665641320718,2486.0,2.3806182112765484,7.469589596367333,-2486.0,42.0
M02_Aug_2019_OP14_006,M02,OP14,good,Aug,2019,67584,0,2.5504409327651514,403.99032842233976,403.99837896672494,2012.0,4.980218002720544,8.726308163658985,-1834.0,2012.0,4.702962239583333,123.86810680330046,123.95735450896326,1054.0,8.50292428533384,6.828745105037297,-993.0,1054.0,-1031.9743430397727,162.96698268487876,1044.7627874966568,2506.0,2.398630607819212,7.616915626027506,-2506.0,46.0
M02_Aug_2019_OP14_007,M02,OP14,good,Aug,2019,68608,0,2.8016266324626864,401.14254915572883,401.15233248099656,2096.0,5.224947807325268,8.90594531009357,-1926.0,2096.0,4.712759444962686,122.56897892000735,122.65954791649646,1013.0,8.258631449462253,7.177406336994542,-1013.0,968.0,-1031.9559235074628,162.03165190658348,1044.5991021830894,2506.0,2.3990064655069627,7.292294835543588,-2506.0,68.0
M02_Aug_2019_OP14_008,M02,OP14,good,Aug,2019,64512,0,1.1384703621031746,432.4461115036238,432.4476100863202,2020.0,4.671086052705415,7.606303586340402,-2020.0,1950.0,4.272491939484127,146.6757034418508,146.7379165980447,1110.0,7.564507018595566,5.600177179007819,-874.0,1110.0,-1031.725120907738,197.32765614041173,1050.4260702162505,2404.0,2.288595140736644,5.172200424058342,-2404.0,74.0
M02_Aug_2019_OP14_009,M02,OP14,good,Aug,2019,64512,0,1.0710720486111112,433.68266734741485,433.68398996608323,1938.0,4.468691593045811,7.559706772504744,-1932.0,1938.0,3.877139136904762,148.59421740642188,148.6447902030673,1097.0,7.38000974337117,5.452548856998216,-1097.0,946.0,-1031.6854693700398,205.75764476113756,1052.003382165157,2803.0,2.664440103064183,5.048785088972335,-2803.0,218.0
M02_Aug_2019_OP14_010,M02,OP14,good,Aug,2019,65536,0,1.3929901123046875,430.12076713591614,430.12302280050295,2199.0,5.1124908071240975,7.6246199888854855,-1901.0,2199.0,3.804840087890625,148.97189495615424,149.02047609279026,1063.0,7.133247912441939,5.663171534732804,-1063.0,1030.0,-1031.6174926757812,204.5265902482287,1051.696618475705,2518.0,2.394226581853527,5.121735476108934,-2518.0,152.0
M02_Aug_2019_OP14_011,M02,OP14,good,Aug,2019,67584,0,2.951941287878788,404.3991853860255,404.4099591976539,2033.0,5.027076988987748,8.740722402590556,-1887.0,2033.0,4.887784090909091,124.03592803242279,124.13219516379992,1220.0,9.828231897374701,7.805551052649407,-1220.0,958.0,-1031.620723839962,159.38992006319776,1043.8613243500497,2108.0,2.019425330574946,6.274204647376463,-2108.0,-3.0
M02_Aug_2019_OP14_012,M02,OP14,good,Aug,2019,65536,0,1.35174560546875,427.0647062559401,427.0668455238059,2032.0,4.758037345436431,7.764498188018358,-2032.0,1961.0,3.2352447509765625,151.75183759109905,151.7863202692325,985.0,6.4893858567283695,5.016481874339725,-962.0,985.0,-1032.1046905517578,184.1999231956779,1048.412945343691,2227.0,2.1241630121897668,5.355233769985869,-2227.0,107.0
M02_Aug_2019_OP14_013,M02,OP14,good,Aug,2019,64512,0,1.2954644097222223,430.74183877456886,430.7437868372956,1979.0,4.594378515661622,7.675014193282475,-1963.0,1979.0,2.5649336557539684,153.5618254999668,153.58324497008348,1104.0,7.188284114032416,4.841698093765366,-1104.0,899.0,-1032.1913132440477,185.4956327973558,1048.7266264014484,2279.0,2.173111602801632,5.457067064314161,-2279.0,76.0
M02_Aug_2019_OP14_014,M02,OP14,good,Aug,2019,67584,0,2.985603101325758,404.32092227364086,404.3319453296835,2065.0,5.107189832147059,8.757602488224583,-1905.0,2065.0,5.262044270833333,122.65216331712296,122.76498799038107,995.0,8.104916689096736,7.2505571739774,-995.0,864.0,-1031.3708126183712,160.4395531101742,1043.7751689531954,2158.0,2.067495054671844,6.55145586791917,-2158.0,64.0
M02_Aug_2019_OP14_015,M02,OP14,good,Aug,2019,64512,0,0.9075210813492064,433.4553768420397,433.4563268747933,2037.0,4.699435384152094,7.50242033883189,-1930.0,2037.0,2.643647693452381,146.9339353650747,146.9577158062653,1286.0,8.750816470877492,5.623617164695014,-1286.0,948.0,-1032.3716207837301,194.68758498476333,1050.5686170578413,2588.0,2.4634278599029504,5.338772578900967,-2588.0,56.0
M02_Aug_2019_OP14_016,M02,OP14,good,Aug,2019,65536,0,1.394134521484375,429.7620632305828,429.7643244887499,2123.0,4.93991678468317,7.6330458692590035,-1873.0,2123.0,3.1392974853515625,143.95525201824813,143.98947799175767,942.0,6.542144697919681,5.822286751293252,-942.0,942.0,-1032.3505096435547,191.17160216264892,1049.9019745836947,2562.0,2.4402278136641087,5.733995278387546,-2562.0,33.0
M02_Aug_2019_OP14_017,M02,OP14,good,Aug,2019,64512,0,1.0969742063492063,433.79532591561133,433.79671291820654,2073.0,4.778736072144626,7.545597911199341,-1963.0,2073.0,2.7112320188492065,148.20385159405936,148.2286490742394,1134.0,7.6503429470779505,5.657616233824899,-1134.0,1134.0,-1032.3326047867063,194.0389671106409,1050.4102663545661,2611.0,2.48569543123511,5.058306587565302,-2611.0,74.0
M02_Aug_2019_OP14_018,M02,OP14,good,Aug,2019,67584,0,2.4512162642045454,404.0442079683604,404.0516433006474,1932.0,4.781566990342456,8.713061968265462,-1932.0,1924.0,4.022697679924242,124.4380503673543,124.50305408242913,1145.0,9.19656154974267,7.101948413887009,-1145.0,872.0,-1031.8170424952652,165.232234979267,1044.9632054096064,2594.0,2.482384055793811,8.669603822010508,-2594.0,44.0
M02_Aug_2019_OP14_019,M02,OP14,good,Aug,2019,67584,0,2.4484049479166665,404.4995435259648,404.5069534624873,1979.0,4.892375725708078,8.75025506484522,-1895.0,1979.0,3.705936316287879,124.81704151779302,124.87204577980954,1198.0,9.59382055862581,7.2161022705099285,-1028.0,1198.0,-1031.741817589962,166.36875244289325,1045.0692512715334,2580.0,2.468735920476963,8.281000485407382,-2580.0,58.0
M02_Aug_2019_OP14_020,M02,OP14,good,Aug,2019,67584,0,2.5211588541666665,404.78328086113953,404.79113219866383,1932.0,4.772831829358878,8.709083075207387,-1873.0,1932.0,4.590613162878788,125.96251250110066,126.0461355409246,1624.0,12.884171284035284,8.402693623768979,-1624.0,1585.0,-1031.8401692708333,166.21008156998676,1045.1411034575015,2602.0,2.489615987154413,8.44396393755922,-2602.0,44.0
M02_Aug_2019_OP14_021,M02,OP14,good,Aug,2019,65536,0,2.411834716796875,412.4772850594534,412.48433623195774,2059.0,4.991704700374696,8.346402495938287,-1961.0,2059.0,4.71746826171875,130.6268890181386,130.7120447447649,972.0,7.436193060080862,6.657278187050371,-915.0,972.0,-1031.6497955322266,167.42130343687344,1045.1464937826595,2441.0,2.33555775627719,6.318183297993697,-2441.0,-17.0
M02_Aug_2020_OP14_000,M02,OP14,good,Aug,2020,66560,0,0.5182542067307693,436.36068961310036,436.36099737149203,2391.0,5.479408137763613,7.26783042923532,-2391.0,2082.0,5.353245192307693,170.2830842848322,170.3672093674256,1315.0,7.718621469956585,5.1701469293813895,-1309.0,1315.0,-1031.1453575721155,264.48822812459673,1064.5256085501253,1924.0,1.8073778446912812,3.631114485066983,-1924.0,78.0
M02_Aug_2020_OP14_001,M02,OP14,good,Aug,2020,65536,0,0.386016845703125,439.3388433442052,439.33901292740813,2032.0,4.62512988878533,7.128170626167602,-1963.0,2032.0,5.093170166015625,171.29531920509686,171.3710207821498,1354.0,7.900985789897531,5.146554375360312,-1313.0,1354.0,-1031.1032409667969,262.7006835380179,1064.0420774873398,2022.0,1.900300789584196,3.5288554538593155,-2022.0,-31.0
M02_Aug_2020_OP14_002,M02,OP14,good,Aug,2020,64512,0,-1.0222904265873016,441.84117768860335,441.84236032658555,2069.0,4.682665551738202,7.090080282752175,-2055.0,2069.0,1.9291604662698412,174.7753636484756,174.7860103056349,1272.0,7.277470306552287,5.247150251192129,-1272.0,1255.0,-1032.4993489583333,272.3650655246134,1067.8191019632534,1957.0,1.8327074280671052,3.454758496526506,-1957.0,-5.0
M02_Aug_2020_OP14_003,M02,OP14,good,Aug,2020,65536,0,-0.8704376220703125,438.0869014507801,438.0877661889218,2047.0,4.672579692894797,7.167699757716997,-1994.0,2047.0,2.475341796875,175.11061132499552,175.12810601278426,1438.0,8.211132026375177,5.02005455777382,-1358.0,1438.0,-1032.6158905029297,271.2708293968358,1067.6532396807522,1975.0,1.8498515497321593,3.432010134306913,-1975.0,21.0
M02_Aug_2021_OP14_000,M02,OP14,good,Aug,2021,67584,0,-1.3448153409090908,421.18390536454353,421.18605231706084,1864.0,4.42559764205301,7.637670897120853,-1864.0,1827.0,-1.8984966856060606,170.00437600933506,170.01497625794215,1089.0,6.405318072378509,4.173389058792483,-1089.0,960.0,-1033.3665216619318,285.4479116530778,1072.0666389543064,2002.0,1.8674212285467164,3.1731272073857446,-2002.0,9.0
M02_Aug_2021_OP14_001,M02,OP14,good,Aug,2021,67584,0,-1.5424212831439394,421.9475275475199,421.95034668415633,1844.0,4.37018245035427,7.631538920905484,-1838.0,1844.0,-0.7043531013257576,168.94904233946878,168.95051056660043,1276.0,7.552507510754161,4.381462221332339,-991.0,1276.0,-1032.5868992660985,289.0032226188425,1072.2679549534491,2082.0,1.9416788409855883,3.1661411060523914,-2082.0,-31.0
M02_Aug_2021_OP14_002,M02,OP14,good,Aug,2021,66560,0,-1.5238131009615385,423.4852462127333,423.487987747263,2002.0,4.727406816541844,7.555790589111101,-1866.0,2002.0,-0.3240534855769231,164.59922515075186,164.59954413937308,1005.0,6.10572772394209,4.64972513479981,-995.0,1005.0,-1032.4995192307692,286.8244516694663,1071.5985830931559,2030.0,1.8943660732925107,3.194732938796943,-2030.0,-27.0
M02_Aug_2021_OP14_003,M02,OP14,good,Aug,2021,67584,0,-0.7500295928030303,419.7554172457723,419.7560873311577,1875.0,4.4668798299541,7.668829648859074,-1840.0,1875.0,1.784860321969697,156.80124993750653,156.81140809371405,948.0,6.045478524326838,4.820092951600364,-948.0,927.0,-1032.7996715198863,251.82726758034,1063.0579166670861,1936.0,1.8211613587995035,3.4406721493079715,-1936.0,-154.0
M02_Feb_2019_OP14_000,M02,OP14,good,Feb,2019,64800,0,17.2531795501709,422.2616882324219,422.6140441894531,2262.0,5.352401395789797,7.8839874267578125,-1934.0,2262.0,14.629274368286133,139.64756774902344,140.4117431640625,1077.0,7.670298621259844,6.4642109870910645,-1048.0,1077.0,-1049.3291015625,188.56405639648438,1066.136962890625,1938.0,1.8177777034814424,3.626817464828491,-1938.0,-195.0
M02_Feb_2019_OP14_001,M02,OP14,good,Feb,2019,66000,0,17.394515991210938,424.18310546875,424.53961181640625,2053.0,4.8358267234856465,7.74286413192749,-1858.0,2053.0,14.84025764465332,140.4335174560547,141.21546936035156,1128.0,7.987793441535687,6.516145706176758,-1128.0,1007.0,-1049.27099609375,188.508056640625,1066.06982421875,1866.0,1.7503543929380652,3.4961249828338623,-1866.0,-163.0
M02_Feb_2019_OP14_002,M02,OP14,good,Feb,2019,67200,0,17.47894287109375,419.78472900390625,420.1484375,2024.0,4.817345060339537,7.931467533111572,-1975.0,2024.0,15.40529727935791,142.044189453125,142.87713623046875,1294.0,9.056732477565243,6.6063151359558105,-1198.0,1294.0,-1049.2186279296875,188.09803771972656,1065.9456787109375,1996.0,1.8725156824255713,3.6630537509918213,-1996.0,-175.0
M02_Feb_2020_OP14_000,M02,OP14,good,Feb,2020,68608,0,3.5482013759328357,398.4229109598243,398.43871010571286,1955.0,4.906651764536894,8.635957782291866,-1955.0,1938.0,7.129941114738806,124.93838001800748,125.14165917800393,1159.0,9.261504183442348,10.45106790046815,-1159.0,1143.0,-1031.4594362173507,150.54431097996414,1042.38771967548,1752.0,1.680756562006927,3.8293839375871253,-1752.0,-300.0
M02_Feb_2020_OP14_001,M02,OP14,good,Feb,2020,67584,0,3.3162434895833335,401.92913179759626,401.9428124229263,2053.0,5.107691782381775,8.518041543858116,-1854.0,2053.0,7.679066051136363,127.11984736912827,127.35157498267614,1506.0,11.825531016831663,13.699271952364292,-1506.0,1239.0,-1031.0090701941288,151.31632691782792,1042.0539014918877,1748.0,1.6774564132406427,3.8309069874134436,-1748.0,-318.0
M02_Feb_2020_OP14_002,M02,OP14,good,Feb,2020,68608,0,3.306217933768657,398.74302471885784,398.75673140270527,1895.0,4.752270872855148,8.627012915792426,-1895.0,1870.0,7.883424673507463,126.3391343413305,126.58485395456925,1553.0,12.268450383150617,13.446116032267087,-1553.0,1233.0,-1031.1100892024253,149.7824241898975,1041.9322389921697,1733.0,1.663255953838495,3.835589669489557,-1733.0,-277.0
M02_Feb_2020_OP14_003,M02,OP14,good,Feb,2020,68608,0,3.4052734375,398.85783846223273,398.87237456352966,2158.0,5.410251843992492,8.646296607282506,-1899.0,2158.0,6.940619169776119,126.57221551999824,126.76236798080393,1331.0,10.499961630580756,11.116120274187537,-1331.0,1143.0,-1031.3846052938434,152.83122426433204,1042.6464343905232,1782.0,1.7091124481154194,3.8579649868702046,-1782.0,-337.0
M02_Feb_2020_OP14_004,M02,OP14,good,Feb,2020,67584,0,3.3070697206439394,401.96291347157035,401.97651736972193,1961.0,4.878394421722776,8.489996536054985,-1885.0,1961.0,6.9026100852272725,128.3252177873706,128.51072930368412,1424.0,11.080786855041037,11.879236154721942,-1253.0,1424.0,-1031.4396158854167,153.48364759060505,1042.7966778310972,1854.0,1.7779113027633697,3.7868814224360143,-1854.0,-226.0
M02_Feb_2020_OP14_005,M02,OP14,good,Feb,2020,66560,0,3.2968299278846156,404.95000619829443,404.96342625917725,1893.0,4.674496206945061,8.385704760014937,-1868.0,1893.0,6.757752403846154,130.27717066282125,130.45232237665047,1284.0,9.842676440000442,10.572302021702445,-1284.0,1239.0,-1031.3586688701923,154.1125512831831,1042.8093700752343,1825.0,1.7500801703271367,3.7362024639420337,-1825.0,-331.0
M02_Feb_2021_OP14_000,M02,OP14,good,Feb,2021,70656,0,-1.4348816802536233,396.2022614811921,396.20485974839744,2032.0,5.128659959623877,8.777580125483848,-2032.0,1912.0,-1.3977723052536233,156.45733226193065,156.4635759080608,940.0,6.007788039769404,4.1635030826776696,-940.0,851.0,-1033.0571642889493,153.95623154398476,1044.4661918511053,1667.0,1.5960305972619173,3.987236945954603,-1667.0,-343.0
M02_Feb_2021_OP14_001,M02,OP14,good,Feb,2021,70656,0,-1.1128991168478262,396.57276043567714,396.5743219927599,1926.0,4.856592807930621,8.759862977283817,-1926.0,1895.0,-0.4043676403985507,155.5140132753746,155.51453899298932,935.0,6.012299596259295,4.390728499898304,-935.0,851.0,-1032.4084578804348,152.57821825373432,1043.6222192865298,1657.0,1.5877392885835688,4.023922844454541,-1657.0,-300.0
M02_Feb_2021_OP14_002,M02,OP14,good,Feb,2021,72704,0,-0.014345840669014084,390.53462947668964,390.5346297401786,2026.0,5.187760177241877,9.095531256032302,-1977.0,2026.0,2.029049295774648,156.62349386485474,156.63663642800452,1110.0,7.086464733365195,4.454391558918942,-1098.0,1110.0,-1031.390762544014,149.56427997729656,1042.1786693778806,1706.0,1.6369553994214654,4.052506799951431,-1706.0,-445.0
M02_Feb_2021_OP14_003,M02,OP14,good,Feb,2021,71680,0,0.6465541294642857,408.1471729245552,408.1476850339214,1899.0,4.65272760236818,8.244288694581224,-1899.0,1832.0,3.6689453125,148.43410306603096,148.47944003370708,1167.0,7.859674037934635,5.5507901043952375,-1167.0,936.0,-1031.5991629464286,216.56341286236227,1054.0856439504173,1848.0,1.7531782266516927,3.7972647418532186,-1848.0,-136.0
M02_Feb_2021_OP14_004,M02,OP14,good,Feb,2021,66560,0,-1.8870643028846155,396.8028721568161,396.8073592608657,2043.0,5.148594027604484,8.698105427993502,-2043.0,1916.0,-0.7051682692307693,159.72861046077907,159.7301670380997,1063.0,6.654973319763997,4.055840388359739,-868.0,1063.0,-1032.7772686298076,156.61460378809852,1044.5846163514707,1653.0,1.5824471987473883,3.8069024786914785,-1653.0,-249.0
M02_Feb_2021_OP14_005,M02,OP14,good,Feb,2021,70656,0,-0.8077304121376812,396.6125987111754,396.61342121119725,1950.0,4.916626356327014,8.75521771055183,-1944.0,1950.0,-0.023706408514492752,153.2373812730259,153.23738310676188,1282.0,8.366104758568076,4.666771084994183,-1282.0,1087.0,-1032.1529523324275,153.59892157411667,1043.5192119540866,1690.0,1.6195197756209185,3.983433011054714,-1690.0,-286.0
M02_Feb_2021_OP14_006,M02,OP14,good,Feb,2021,65536,0,-1.1753082275390625,396.40778768616684,396.409530016208,2071.0,5.224395084334433,8.169669149384697,-1877.0,2071.0,0.8089447021484375,142.10223151523172,142.10453403442006,1325.0,9.32412191492119,5.159999592271565,-1325.0,1237.0,-1032.90478515625,248.73007830442015,1062.4306787042635,2197.0,2.0678996230412445,4.426958160739627,-2197.0,238.0
M02_Feb_2021_OP14_007,M02,OP14,good,Feb,2021,65536,0,-0.9710693359375,398.1139640995572,398.1151484014628,2248.0,5.646607543134976,8.662882454087569,-1973.0,2248.0,-1.049530029296875,156.05095443094044,156.05448372952904,1233.0,7.901086662380137,4.656500405761207,-1233.0,917.0,-1033.0366973876953,157.34448648073038,1044.9507670582195,1668.0,1.5962474525912924,3.7780534984026,-1668.0,-327.0
M02_Feb_2021_OP14_008,M02,OP14,good,Feb,2021,66560,0,-0.5298828125,414.16651111205147,414.1668500767825,1891.0,4.565792746689956,7.880722545666498,-1830.0,1891.0,2.6298828125,155.56116919470696,155.58339771592512,1358.0,8.728437737807539,5.6009934020306655,-1358.0,1030.0,-1032.158143028846,198.9149869065245,1051.150609682922,1803.0,1.7152632395312715,3.6537273879378747,-1803.0,-234.0
M02_Feb_2021_OP14_009,M02,OP14,good,Feb,2021,71680,0,-0.8679827008928571,410.2734617846475,410.2743799443583,1961.0,4.779728142580953,8.119011259193703,-1924.0,1961.0,1.75009765625,155.39536084139837,155.40521552649005,1251.0,8.049922879111847,5.180680914814371,-1251.0,938.0,-1031.9371233258928,190.08560848968654,1049.2982250309076,1745.0,1.663016250645616,3.870680325474415,-1745.0,-193.0
M02_Feb_2021_OP14_010,M02,OP14,good,Feb,2021,65536,0,-1.4989013671875,376.5815274125163,376.58451042714483,1942.0,5.156876998996232,9.303043787178128,-1942.0,1936.0,1.950225830078125,110.95691440188257,110.97405207693824,819.0,7.380103588829827,6.683745805401211,-757.0,819.0,-1032.4996185302734,154.07871959134775,1043.932811102357,1706.0,1.6342047896727405,3.8697832181926874,-1706.0,-400.0
M02_Feb_2021_OP14_011,M02,OP14,good,Feb,2021,71680,0,0.5331473214285715,354.8597300382471,354.8601305428435,1905.0,5.368312289931942,10.696159098485424,-1905.0,1873.0,2.655078125,115.47961867413385,115.51013708317211,985.0,8.527390105084534,5.975556258979577,-985.0,899.0,-1031.1130301339285,141.0645352323003,1040.7176773805068,1629.0,1.56526600384093,3.9899344541210957,-1629.0,-501.0
M02_Feb_2021_OP14_012,M02,OP14,good,Feb,2021,66560,0,-1.7624549278846153,373.68144026389547,373.6855965180784,1920.0,5.138009112179182,9.447332502237632,-1811.0,1920.0,1.8325270432692307,113.54343605721537,113.55822307100121,968.0,8.524261597460601,6.911004957581388,-895.0,968.0,-1032.7202824519231,151.80751538723376,1043.8183287888871,1860.0,1.7819192753188242,3.89161020339363,-1860.0,-292.0
M02_Feb_2021_OP14_013,M02,OP14,good,Feb,2021,65536,0,-0.96435546875,376.6179618440535,376.6191964903529,1864.0,4.9492963114208814,9.343325435662429,-1788.0,1864.0,2.13458251953125,109.579274295255,109.60006294527126,919.0,8.385031680674327,7.609322258176892,-919.0,917.0,-1032.115234375,153.89161324704182,1043.5250287639192,1684.0,1.6137610058042777,3.8448925572738064,-1684.0,-452.0
M02_Feb_2021_OP14_014,M02,OP14,good,Feb,2021,65536,0,-1.2153778076171875,374.49797379320677,374.4999459525096,1912.0,5.1054747021043925,9.514123201038064,-1912.0,1852.0,1.4303741455078125,112.85542678847804,112.8644909872262,991.0,8.780440963599078,7.258383212690605,-991.0,977.0,-1033.007308959961,153.90790219107473,1044.4097580555047,1708.0,1.635373460297782,3.705625261185442,-1708.0,-333.0
M03_Aug_2019_OP00_000,M03,OP00,good,Aug,2019,264192,0,10.29503542877907,439.1147801623615,439.2354470116442,8098.0,18.43658123472289,8.865789139868031,-8098.0,6310.0,19.37030265867248,216.35581295514442,217.22119239284646,2953.0,13.594437851438883,11.067802128109678,-2953.0,2793.0,-1019.7417219295058,222.48836834746598,1043.7309296431104,2352.0,2.2534543465184407,5.161541383906585,-2352.0,691.0
M03_Aug_2019_OP00_001,M03,OP00,good,Aug,2019,264192,0,10.17270015746124,437.9211335522865,438.0392711164299,5118.0,11.683883928844468,8.234332769027436,-5118.0,4647.0,19.135768683381784,220.7651159562607,221.59290166042126,2834.0,12.789218331293602,9.831966011620732,-2806.0,2834.0,-1019.823734253876,222.44136185983436,1043.80103871072,3132.0,3.000571836821103,5.3110802977214675,-3132.0,2108.0
M03_Aug_2019_OP00_002,M03,OP00,good,Aug,2019,262144,0,8.94561767578125,435.2174380455447,435.3093640786157,3416.0,7.847292711541761,8.073399149807814,-3416.0,2518.0,18.15536880493164,195.70379565932623,196.54412494885315,3316.0,16.871529489181757,17.644197153398128,-3316.0,2978.0,-1020.2727279663086,181.1930789104328,1036.237121163325,2334.0,2.2523802248849667,8.350183352785068,-2334.0,107.0
M03_Aug_2019_OP00_003,M03,OP00,good,Aug,2019,265216,0,9.18484555984556,434.95738449266344,435.05435029735867,2797.0,6.429081787340494,8.154781312004639,-2797.0,2383.0,18.161302485521237,187.06246788556538,187.94201179994,2994.0,15.930445626957772,15.627145134854718,-2994.0,2479.0,-1020.2646446669884,181.23383366693253,1036.236289474109,2110.0,2.036215119498302,8.274634554457712,-2110.0,76.0
M03_Aug_2019_OP00_004,M03,OP00,good,Aug,2019,266240,0,9.345233623798077,434.95262928190675,435.053011839623,3281.0,7.541609667581156,8.200924488623576,-3281.0,2432.0,18.014644681490385,190.57861703102367,191.42815020904823,3035.0,15.854512498217437,18.484999839614225,-3035.0,2847.0,-1020.1614520733173,183.37318947647418,1036.5110298087109,2151.0,2.075231172790288,7.979891660364151,-2151.0,-7.0
M03_Aug_2019_OP00_005,M03,OP00,good,Aug,2019,263168,0,9.355358554231518,436.45381718683893,436.5540714168645,4899.0,11.221977575652836,8.36667727311054,-4899.0,4630.0,17.70409396279183,216.46362140479445,217.18640458076916,3320.0,15.286408034649009,10.129276691981199,-2760.0,3320.0,-1020.2039989664397,184.69666476977144,1036.787855582902,2172.0,2.0949319461104796,8.077984127735817,-2172.0,193.0
M03_Aug_2019_OP00_006,M03,OP00,good,Aug,2019,263168,0,9.317842594844358,438.0240595022837,438.12315493874837,6712.0,15.319893332134816,8.783914825065132,-6712.0,5795.0,17.753454067363812,219.08628334851588,219.80442371068918,4028.0,18.325381864478448,11.083923062368674,-3250.0,4028.0,-1020.0917626763132,188.26759492460621,1037.3195706139759,2461.0,2.3724607823058483,7.76417993672992,-2461.0,1153.0
M03_Aug_2019_OP00_007,M03,OP00,good,Aug,2019,263168,0,9.28588202213035,436.2293472700613,436.32816895611114,7120.0,16.31799298457895,9.13289696999583,-7120.0,7035.0,17.70870698565175,216.62032127240442,217.34295914812463,4749.0,21.85025923367243,12.383454207780611,-4304.0,4749.0,-1020.2875159593872,190.17908504238383,1037.8606359286082,2676.0,2.5783808609387084,7.623327120453778,-2676.0,1497.0
M03_Aug_2019_OP00_008,M03,OP00,good,Aug,2019,261120,0,9.221798406862746,439.5286929104372,439.6254240343866,3109.0,7.07192948822,7.938381136671768,-3109.0,2264.0,16.56675474877451,193.95144627600362,194.6577018138752,2496.0,12.822508314552007,13.490738547949796,-2496.0,2393.0,-1020.0450252757353,197.08740624844103,1038.9106310417242,2480.0,2.3871158171837012,6.664965866380845,-2480.0,-7.0
M03_Aug_2019_OP00_009,M03,OP00,good,Aug,2019,265216,0,9.356777117519306,437.52979602273194,437.6298340900907,3306.0,7.554329578269623,7.95160436046707,-3306.0,2449.0,16.628163459218147,192.20884969068752,192.92676776290992,2968.0,15.384075700928198,14.439650364084176,-2968.0,2898.0,-1020.2078796151062,193.64104575588104,1038.4223477131943,2119.0,2.0405955290411897,6.917123293847773,-2119.0,117.0
M03_Aug_2019_OP00_010,M03,OP00,good,Aug,2019,265216,0,9.378020179777993,437.4046055068267,437.50512703404405,3095.0,7.0742028121630804,7.981313090255516,-3095.0,2566.0,16.419250723938223,194.0733939801407,194.76671698549129,3183.0,16.34262798729164,16.16566886824639,-2617.0,3183.0,-1019.9759516771236,193.04605672121136,1038.08367775207,2110.0,2.0325914425021336,6.978081900519791,-2110.0,-7.0
M03_Aug_2019_OP00_011,M03,OP00,good,Aug,2019,266240,0,9.138844651442307,434.49446720039106,434.590566521312,2996.0,6.893844990657612,8.105748458064765,-2996.0,2471.0,18.315557391826925,198.12175251336024,198.96655111233764,2637.0,13.253483991443039,13.690498571112352,-2539.0,2637.0,-1020.399365234375,199.59410319695647,1039.7368275682616,2168.0,2.085143030924972,6.511794492038169,-2168.0,101.0
M03_Aug_2019_OP00_012,M03,OP00,good,Aug,2019,264192,0,10.180372607800388,439.12764098942984,439.245631813653,6777.0,15.428724861799187,8.705891870406052,-6777.0,6654.0,18.42355559593023,223.88521309047528,224.6419730178754,3009.0,13.394647311794067,10.438540824699212,-2533.0,3009.0,-1019.8238856589147,225.35147262697515,1044.4252218208796,2635.0,2.5229187738362624,5.0375638259045585,-2635.0,1186.0
M03_Aug_2019_OP00_013,M03,OP00,good,Aug,2019,265216,0,9.142329271235521,435.05785138279134,435.1538994819128,3361.0,7.723704197530005,8.04543538460345,-3361.0,2420.0,18.22195493484556,198.53537416588725,199.36984334857766,3416.0,17.13398547456084,15.09133663087504,-3416.0,3220.0,-1020.4205063042954,197.40132876539622,1039.3388736522168,2149.0,2.067660562380829,6.708274549556365,-2149.0,3.0
M03_Aug_2019_OP00_014,M03,OP00,good,Aug,2019,266240,0,9.177445162259616,433.75254955866376,433.84962803758094,2888.0,6.656684282670021,8.099119380912928,-2888.0,2244.0,18.247757662259616,195.50483568404726,196.35458088760464,3052.0,15.54330938551923,13.5658705058885,-2447.0,3052.0,-1020.2984600360577,195.16521704248814,1038.7966160395365,2164.0,2.0831796778953295,6.8745143311962975,-2164.0,17.0
M03_Aug_2019_OP00_015,M03,OP00,good,Aug,2019,263168,0,10.1025390625,440.9058504260627,441.02157570286624,6826.0,15.477700811170624,8.716332072787447,-6826.0,6115.0,18.46883739664397,223.51536482736842,224.27709706676532,3704.0,16.51528421066263,10.254215949853538,-3384.0,3704.0,-1019.8453307392996,224.45012057293877,1044.252055423382,4555.0,4.361973698153957,5.595531397333481,-4555.0,2734.0
M03_Aug_2019_OP00_016,M03,OP00,good,Aug,2019,264192,0,9.960013929263566,440.1997309477431,440.312394787992,6732.0,15.289144888236502,8.812437036904214,-6732.0,6435.0,18.597716812015506,226.5250604368763,227.28721494301078,3330.0,14.651066056816935,9.755944128518452,-2779.0,3330.0,-1019.9319585755813,224.31939263179825,1044.308570315556,3025.0,2.8966534279096683,5.146186516726396,-3025.0,1614.0
M03_Aug_2019_OP00_017,M03,OP00,good,Aug,2019,264192,0,9.911310713420542,444.44015249475706,444.55065316521683,4313.0,9.701931533091411,8.050024771585914,-4190.0,4313.0,18.81536155523256,250.90236725260115,251.6068674011369,3525.0,14.00995146281159,7.686194249499042,-3041.0,3525.0,-1019.1376461058624,234.79531326295958,1045.834777027638,3876.0,3.7061303421329717,4.7125518739546655,-3876.0,271.0
M03_Aug_2019_OP00_018,M03,OP00,good,Aug,2019,263168,0,9.84857201483463,441.1098656373534,441.2197954912442,4276.0,9.691314949364857,8.068323316972128,-4276.0,3669.0,18.641742157101167,231.69465573316788,232.44338675463115,3568.0,15.34997424455188,8.553321490740313,-2965.0,3568.0,-1019.9278977687256,233.78700258514291,1046.3791278617314,3431.0,3.278926259749872,4.6349907184484564,-3431.0,261.0
M03_Aug_2019_OP00_019,M03,OP00,good,Aug,2019,263168,0,9.17191679839494,437.1962733886821,437.29247137666107,6431.0,14.706404571188397,9.032855452335221,-6431.0,6033.0,17.529604663180933,211.82205857437395,212.54616331125087,3349.0,15.756577055196013,9.781767994544301,-2453.0,3349.0,-1019.9679938290369,191.7032543074779,1037.826982761437,3175.0,3.0592767896167046,7.580787899535469,-3175.0,1583.0
M03_Aug_2021_OP00_000,M03,OP00,good,Aug,2021,265216,0,8.742530616554054,432.835895847561,432.9241787839321,3414.0,7.885907434391395,8.630308684880626,-3414.0,2865.0,17.867843569015445,208.9557345389959,209.71828444496234,4208.0,20.065012505403796,24.665029688268064,-4028.0,4208.0,-1022.367847339527,189.94088259824272,1039.8622765327425,2410.0,2.3176146056915985,8.697785479035625,-2410.0,568.0
M03_Aug_2021_OP00_001,M03,OP00,good,Aug,2021,263168,0,9.049656493190662,431.19926345673815,431.2942163863065,3168.0,7.345333833928461,8.64407854709184,-2808.0,3168.0,14.703402389348248,192.51085270973252,193.07153713805516,4306.0,22.30261417000585,22.721790565851705,-3632.0,4306.0,-1022.9332745622568,174.14685868718618,1037.6510071296977,2164.0,2.0854795929760206,9.352471825692138,-2164.0,-5.0
M03_Aug_2021_OP00_002,M03,OP00,good,Aug,2021,266240,0,9.199158653846155,430.1461595335842,430.2445154576991,3009.0,6.993697518256545,8.686963437922838,-3009.0,2399.0,14.562387319711538,190.2593557751781,190.81584206882587,2887.0,15.129771033154995,14.067358398217973,-2527.0,2887.0,-1022.7468487079327,172.07176659546766,1037.120923229925,2160.0,2.0826886736341907,9.604837130762267,-2160.0,-35.0
M03_Feb_2020_OP00_000,M03,OP00,good,Feb,2020,266240,0,9.255393629807692,492.8435826035649,492.93048112767343,2814.0,5.708715747426357,6.000895359378427,-2814.0,2609.0,23.060452974759617,241.25065506282948,242.3502899929056,3654.0,15.077349402416496,6.626658950611163,-2685.0,3654.0,-1020.8692195012019,217.53671157068266,1043.7893389980468,2521.0,2.415238310845324,5.745946063906639,-2521.0,115.0
M03_Feb_2020_OP00_001,M03,OP00,good,Feb,2020,264192,0,9.077844900678295,508.9124641828383,508.99342183243334,3029.0,5.950960994928502,5.6795233112516055,-2873.0,3029.0,22.875359586967054,249.1960007198232,250.2437388846865,3509.0,14.022328852818825,6.229458604281071,-2543.0,3509.0,-1021.0522650193799,219.24378043038305,1044.3254105682827,2465.0,2.3603753916690007,5.695724883107141,-2465.0,294.0
M03_Feb_2020_OP00_002,M03,OP00,good,Feb,2020,263168,0,9.758545871838521,501.62504915581275,501.7199608926322,3088.0,6.154827873513349,5.78255616549804,-3088.0,2711.0,23.088939384727627,233.01802442672394,234.1591314248602,3579.0,15.284477603848957,8.646872699969801,-3513.0,3579.0,-1020.7948040795234,212.79807187865353,1042.7392058568744,2449.0,2.3486217706636685,5.990215977388367,-2449.0,160.0
M03_Feb_2020_OP00_003,M03,OP00,good,Feb,2020,266240,0,9.74599609375,468.882509462693,468.98378662795136,2734.0,5.829625837724118,6.527218544575822,-2734.0,2646.0,22.342469200721155,216.42951984549077,217.57969342412184,3029.0,13.921335912978135,10.317250259563009,-2961.0,3029.0,-1020.6602426382211,201.907710175631,1040.439356392615,2211.0,2.1250637881153622,6.430275636918891,-2211.0,177.0
M03_Feb_2020_OP00_004,M03,OP00,good,Feb,2020,268288,0,9.97866471851145,466.5379049734692,466.6446083762227,2754.0,5.901707531954689,6.567011661317405,-2602.0,2754.0,22.23379726264313,216.444725925383,217.5836876276126,2767.0,12.71694597223497,9.11133886246448,-2697.0,2767.0,-1020.4632260854007,202.63413074804913,1040.3873253440956,2231.0,2.1443936749826547,6.362509370967373,-2231.0,83.0
M03_Aug_2019_OP01_000,M03,OP01,bad,Aug,2019,34901,1,12.836996074611042,482.8533715361112,483.02398167379783,1991.0,4.121948548187383,5.5811778761704485,-1991.0,1829.0,17.155697544482965,193.33033796941595,194.09002431244727,1594.0,8.212683808179493,5.265223152234855,-1594.0,1477.0,-1020.2489326953382,270.29985330219404,1055.4477227040495,1950.0,1.8475571627594345,4.377816842621735,-1950.0,-107.0
M03_Feb_2021_OP01_000,M03,OP01,bad,Feb,2021,44000,1,7.009522727272727,489.31032537946106,489.3605296014567,3201.0,6.541189585941774,6.557670570152185,-3201.0,2527.0,9.978113636363636,211.4327234458147,211.66804032601272,2943.0,13.903846775673689,12.186370223728105,-2943.0,2176.0,-1022.7445909090909,282.7881700669825,1061.1199966844638,2182.0,2.0563178592598352,4.526918123812795,-2182.0,167.0
M03_Aug_2019_OP01_000,M03,OP01,good,Aug,2019,56320,0,11.612340198863636,443.5488555651402,443.7008380857983,6392.0,14.40610305713234,10.109627029224178,-6392.0,6345.0,19.3708984375,225.43906534187542,226.26975911176095,2728.0,12.056405640369134,8.215487463922214,-2262.0,2728.0,-1019.9512251420455,252.75876300645444,1050.8032612936222,3119.0,2.9682054813574363,5.428864008733424,-3119.0,1016.0
M03_Aug_2019_OP01_001,M03,OP01,good,Aug,2019,57344,0,11.733346121651786,437.4940538418377,437.65136645299674,4622.0,10.560917557414728,8.071810133826506,-4622.0,4606.0,19.080636160714285,229.18190082382225,229.97481240674566,2904.0,12.62746980684055,7.866107303879297,-2172.0,2904.0,-1020.0183454241071,254.11205830279906,1051.1947313303174,2219.0,2.1109314324585617,5.168603474900463,-2219.0,31.0
M03_Aug_2019_OP01_002,M03,OP01,good,Aug,2019,53248,0,10.009690504807692,446.89291184600086,447.00499836377617,2051.0,4.588315583735106,6.7774185545987455,-2030.0,2051.0,18.32373046875,184.95670324453238,185.86215637772366,2102.0,11.309456647689757,13.578326853982109,-2059.0,2102.0,-1020.428466796875,233.83778261310104,1046.878390467027,1977.0,1.888471495832513,5.901199192369723,-1977.0,-97.0
M03_Aug_2019_OP01_003,M03,OP01,good,Aug,2019,54272,0,10.385207841981131,438.1172033875506,438.2402725059046,2260.0,5.156988396062003,7.051734567225165,-2260.0,2049.0,18.48465138561321,180.834112526418,181.77639723040187,2018.0,11.101551305597622,14.712890182632018,-1885.0,2018.0,-1020.3270194575472,231.81559403007157,1046.3296307907162,1926.0,1.8407201166084848,6.022111625811377,-1926.0,-119.0
M03_Aug_2019_OP01_004,M03,OP01,good,Aug,2019,54272,0,10.11510539504717,441.0724328184044,441.1884023288677,2061.0,4.671473658692649,6.828850040484496,-2045.0,2061.0,18.177844929245282,180.74295790097048,181.65475737525753,1659.0,9.132708793158013,11.628131070311836,-1534.0,1659.0,-1020.4931087853773,231.48590853804836,1046.4186117085885,1992.0,1.9036358659059682,6.0350055592723955,-1992.0,-113.0
M03_Aug_2019_OP01_005,M03,OP01,good,Aug,2019,56320,0,10.935333806818182,444.81856866424846,444.9529644288004,6373.0,14.322862211247909,8.89419692262053,-6373.0,4944.0,17.555646306818183,280.505317336511,281.05414740100673,2129.0,7.575052777863309,4.763519824004087,-2129.0,2074.0,-1020.2966441761364,253.10389379478013,1051.2215861421248,2492.0,2.370575369504525,5.26665427015472,-2492.0,191.0
M03_Aug_2019_OP01_006,M03,OP01,good,Aug,2019,57344,0,10.976266043526786,444.6530198344412,444.78847384363075,6943.0,15.609667085125214,12.840781800884741,-6791.0,6943.0,17.783220563616073,274.87615534640474,275.45080089125724,2242.0,8.139384575197148,5.147406370440971,-2082.0,2242.0,-1020.2686244419643,252.03654606339865,1050.9379080479805,3230.0,3.0734451343556772,5.588449433475136,-3230.0,815.0
M03_Aug_2019_OP01_007,M03,OP01,good,Aug,2019,57344,0,10.879621233258929,442.70708596687973,442.84075029683686,6545.0,14.779579330973664,10.431350138664133,-6545.0,5770.0,17.543317522321427,265.4591184507056,266.03817688127907,2272.0,8.540127686312825,5.141803939129036,-1989.0,2272.0,-1020.5365862165179,247.4533993926759,1050.1086175617527,2650.0,2.52354847458831,5.745162444754901,-2650.0,1243.0
M03_Aug_2019_OP01_008,M03,OP01,good,Aug,2019,58368,0,10.961160224780702,433.19662669734606,433.33527944933485,2285.0,5.273053241600099,7.170299250654778,-2285.0,2256.0,16.85363555372807,179.18951257829363,179.98035017585767,1620.0,9.000982598473156,11.10700072718936,-1532.0,1620.0,-1020.365354303728,226.7408047546068,1045.254442135569,1979.0,1.8933189089889797,6.364554870604301,-1979.0,-46.0
M03_Aug_2019_OP01_009,M03,OP01,good,Aug,2019,54272,0,9.984485554245284,454.67507384581336,454.7846883179762,2215.0,4.870436619562084,6.558495057582122,-2215.0,2069.0,18.832713001179247,204.6914973414833,205.5560268220887,2295.0,11.164839267818456,8.643114347258132,-2295.0,2141.0,-1020.502358490566,247.94613304653012,1050.1915770836936,2090.0,1.9901130856560283,5.490902423687814,-2090.0,52.0
M03_Aug_2019_OP01_010,M03,OP01,good,Aug,2019,57344,0,11.854596819196429,436.4701846138574,436.6311412652566,4337.0,9.932869166025062,7.619363023350062,-4337.0,3950.0,18.196829659598215,225.24289427639684,225.97673781092718,2496.0,11.04538468950013,7.756201283671785,-1912.0,2496.0,-1020.0734165736607,253.59291569281385,1051.122800670713,2682.0,2.55155724743925,5.287137774908207,-2682.0,154.0
M03_Aug_2019_OP01_011,M03,OP01,good,Aug,2019,54272,0,10.143978478773585,456.21150746596936,456.3242704960476,2149.0,4.709370373098779,6.452364498381409,-2084.0,2149.0,18.654794369103772,198.09996631343705,198.97637549804358,1842.0,9.257380407042902,9.047344716353688,-1653.0,1842.0,-1020.3393646816038,247.3047024484858,1049.8819147751774,2119.0,2.018322222889004,5.522855757093122,-2119.0,7.0
M03_Aug_2019_OP01_012,M03,OP01,good,Aug,2019,54272,0,9.978736733490566,454.0360442342131,454.14568659258293,2461.0,5.418965923610719,6.594846474382642,-2174.0,2461.0,18.795861586084907,193.49750053189146,194.40824860291448,1727.0,8.883367925028,9.769206785648022,-1727.0,1655.0,-1020.3817990860849,243.76993597949533,1049.0961812882567,2053.0,1.9569225745145515,5.653967195648939,-2053.0,9.0
M03_Aug_2019_OP01_013,M03,OP01,good,Aug,2019,57344,0,11.552036830357142,443.98552706234585,444.13578756474794,7398.0,16.657067966903004,13.598722458859825,-7398.0,7232.0,18.260602678571427,230.69500907734664,231.41658718290202,2117.0,9.148004582432163,6.045907544810619,-2117.0,1723.0,-1019.920636858259,253.45433401664485,1050.9411044017536,3240.0,3.0829510677902014,5.399882132502432,-3240.0,837.0
M03_Aug_2019_OP01_014,M03,OP01,good,Aug,2019,57344,0,11.608572823660714,440.3855909490786,440.53856548385346,6164.0,13.991964570071044,9.05046033832882,-6164.0,6035.0,18.347499302455358,221.8868993752267,222.64417092078918,1989.0,8.933537275079313,6.484625616856343,-1989.0,1766.0,-1020.0970110212054,254.77370176993315,1051.4311917609978,2676.0,2.545102352839733,5.334433402894002,-2676.0,1087.0
M03_Aug_2019_OP01_015,M03,OP01,good,Aug,2019,56320,0,10.992666903409091,450.4824239357857,450.6165254412117,6238.0,13.843256178614828,10.177868602030507,-6049.0,6238.0,18.452397017045456,238.3324178808525,239.04567004781316,3031.0,12.679585450737296,6.415294115553748,-3031.0,1842.0,-1019.4551669034091,261.34611470035424,1052.4213172465809,3720.0,3.534706052641092,5.247512266276596,-3720.0,1198.0
M03_Aug_2019_OP01_016,M03,OP01,good,Aug,2019,56320,0,11.008451704545454,450.3376822097584,450.4722122695124,7831.0,17.38398015839166,13.302258069963518,-7831.0,7265.0,18.249378551136363,225.43141249933691,226.16887840494073,2402.0,10.620382507709015,8.280862663558231,-2402.0,2106.0,-1019.7373579545455,257.5442502868268,1051.757253392588,4226.0,4.018037419155851,6.0699904008972325,-4226.0,1645.0
M03_Aug_2019_OP01_017,M03,OP01,good,Aug,2019,53248,0,10.268780048076923,439.337009365078,439.457000901711,2229.0,5.072168597670238,7.054547364118222,-2108.0,2229.0,17.672532301682693,245.9240079649451,246.55817993223505,2156.0,8.744386418623641,5.791445698660237,-2156.0,1905.0,-1020.0690166766827,259.49499842926707,1052.5580520776703,2074.0,1.9704376361057523,4.996837874490148,-2074.0,-29.0
M03_Aug_2019_OP01_018,M03,OP01,good,Aug,2019,58368,0,1.9643469024122806,418.76519661819526,418.7698037793899,1924.0,4.594409584062496,7.284898190710109,-1803.0,1924.0,2.4147306743421053,160.8300618439805,160.8481884168056,911.0,5.663725584768959,3.4069652732984634,-815.0,911.0,-1032.3657483552631,176.36543390390338,1047.3222067029967,2644.0,2.524533503708849,7.715089422962666,-2644.0,76.0
M03_Aug_2019_OP01_019,M03,OP01,good,Aug,2019,59392,0,2.2344086745689653,414.5339858040894,414.5400076817074,1875.0,4.523085746260865,7.3873453687895925,-1875.0,1819.0,3.1385035021551726,161.7820391249554,161.81247908508675,853.0,5.271534091950117,3.402359655375534,-853.0,771.0,-1032.3142174030172,175.7277629388069,1047.164213540494,2666.0,2.545923519469953,8.584093587089331,-2666.0,56.0
M03_Aug_2020_OP01_000,M03,OP01,good,Aug,2020,54272,0,10.121646521226415,446.52446967787745,446.63917175882636,2252.0,5.042101415179997,6.740839596307725,-2069.0,2252.0,19.33123894457547,208.85899737419004,209.7517046016175,2067.0,9.854508710314722,8.619168731901608,-2067.0,1912.0,-1020.912717423349,248.29346043742513,1050.6723652465207,2141.0,2.037742754847896,5.520335006481767,-2141.0,101.0
M03_Aug_2020_OP01_001,M03,OP01,good,Aug,2020,56320,0,10.705735085227273,442.5604864473917,442.68995575714956,2104.0,4.752762001119832,6.874442699758354,-2008.0,2104.0,18.377663352272727,199.3448609798746,200.19018984299655,2137.0,10.674848760950715,8.555880468317833,-1936.0,2137.0,-1020.9245561079546,242.94574655205676,1049.432982630125,2147.0,2.045866706627721,5.760350373746335,-2147.0,132.0
M03_Aug_2020_OP01_002,M03,OP01,good,Aug,2020,57344,0,9.609043666294642,439.44433864529753,439.54938344580086,2297.0,5.225806442936881,6.999372801635839,-2010.0,2297.0,13.155901227678571,200.38573547027607,200.81713252876582,2338.0,11.642432946626682,8.892953351958953,-2338.0,1768.0,-1021.4944545200893,241.8771188767146,1049.740663807683,2065.0,1.9671525274725539,5.711322963140495,-2065.0,27.0
M03_Aug_2020_OP01_003,M03,OP01,good,Aug,2020,53248,0,9.10503680889423,449.95989887780905,450.0520106536793,2186.0,4.857216384446184,6.5942851080921665,-2073.0,2186.0,13.35248272235577,210.4448420285687,210.86801637820764,1834.0,8.697383470002313,8.033181679258142,-1682.0,1834.0,-1021.49755859375,251.88585039091123,1052.0949310020196,2182.0,2.073957335695795,5.300745035501356,-2182.0,58.0
M03_Aug_2021_OP01_000,M03,OP01,good,Aug,2021,59392,0,9.488432785560345,413.0964900966942,413.2054458582731,2434.0,5.890532238616349,8.292071375373018,-2258.0,2434.0,18.238971578663794,240.83937827950322,241.529017333953,3238.0,13.406256671524236,13.38289785757263,-2898.0,3238.0,-1022.4122272359914,258.50458928977054,1054.5858832193485,2274.0,2.1562966432455264,5.312930362450991,-2274.0,33.0
M03_Aug_2021_OP01_001,M03,OP01,good,Aug,2021,57344,0,11.084211077008929,435.9751597105488,436.11603916829085,2268.0,5.200450789026844,7.472170190367515,-2268.0,2119.0,19.179286411830358,221.7365522273836,222.5644707067016,3605.0,16.19755385283717,17.478628787116,-2797.0,3605.0,-1022.0348249162946,225.17454444235048,1046.5461092596452,1942.0,1.8556277480920769,6.312406139696089,-1942.0,-179.0
M03_Aug_2021_OP01_002,M03,OP01,good,Aug,2021,54272,0,7.126621462264151,441.4590620614152,441.51658203244284,2502.0,5.666831330507428,7.693565838054698,-2145.0,2502.0,1.7330299233490567,244.5180921271049,244.52423350292824,3484.0,14.248076561124476,23.384041331101244,-3255.0,3484.0,-1019.4139887971698,233.53645363994875,1045.8222390703309,1922.0,1.8377884196730556,5.823448671066528,-1922.0,-122.0
M03_Aug_2021_OP01_003,M03,OP01,good,Aug,2021,59392,0,9.124292834051724,411.00654429456677,411.1078108874644,2236.0,5.438962580577378,8.536816536765398,-2235.0,2236.0,14.73163052262931,222.09592902187023,222.58396758514053,3240.0,14.55630445962227,11.005528270273953,-2090.0,3240.0,-1022.9545730064655,249.31579545774628,1052.8981072732388,1850.0,1.7570551102908425,5.086613729825545,-1850.0,-126.0
M03_Feb_2020_OP01_000,M03,OP01,good,Feb,2020,54272,0,10.91452314268868,455.48009637216967,455.61084820999736,2379.0,5.221561359538757,6.526926638517775,-2141.0,2379.0,23.092091686320753,249.81820784653925,250.88320324427087,2445.0,9.745570721286754,6.896320523548457,-2061.0,2445.0,-1021.2688494988207,263.73389177961064,1054.772785309644,2240.0,2.1236801244757326,5.152269214044624,-2240.0,171.0
M03_Feb_2020_OP01_001,M03,OP01,good,Feb,2020,58368,0,11.640368009868421,444.74161486726035,444.89392237042716,2256.0,5.070871698988082,6.931391722976785,-2149.0,2256.0,22.628837719298247,249.1075386434761,250.13322471342602,2147.0,8.583425902175877,6.611392341466198,-2108.0,2147.0,-1021.2244209155701,255.07568433185355,1052.5981771842971,2295.0,2.180319185179601,5.5383109398558386,-2295.0,150.0
M03_Feb_2020_OP01_002,M03,OP01,good,Feb,2020,53248,0,10.87744140625,472.70891744437654,472.83405055365967,2570.0,5.435310754355968,6.131639406321166,-2250.0,2570.0,22.23272235576923,222.73239690258035,223.83926057177123,2174.0,9.712326579558791,8.987690469004342,-1975.0,2174.0,-1020.8235051081731,259.22123524120053,1053.221855727135,2307.0,2.1904216926900624,5.04326424926773,-2307.0,27.0
M03_Feb_2020_OP01_003,M03,OP01,good,Feb,2020,54272,0,9.24812057783019,512.5952241768497,512.6786435801055,2840.0,5.539532484068167,5.383200386728748,-2313.0,2840.0,22.94461232311321,238.14571448866363,239.2484828875077,2330.0,9.738828735208923,6.589091829582979,-1983.0,2330.0,-1021.657797759434,274.9620130355173,1058.0117033072936,2389.0,2.258009048985093,4.71379205727496,-2389.0,195.0
M03_Feb_2020_OP01_004,M03,OP01,good,Feb,2020,56320,0,10.487855113636364,497.3556557334014,497.4662233708801,2387.0,4.798315720463298,5.633726593531677,-2313.0,2387.0,22.676935369318183,222.00447865916433,223.15965572314272,2121.0,9.504406130789896,7.482939010019153,-2012.0,2121.0,-1021.123153409091,263.2034098853647,1054.4991841644112,2313.0,2.1934583115233317,5.104674795302212,-2313.0,93.0
M03_Feb_2020_OP01_005,M03,OP01,good,Feb,2020,56320,0,9.437340198863636,515.7573718666839,515.8437069741744,2664.0,5.164354947017649,5.553589372805347,-2354.0,2664.0,22.659019886363637,241.65892472399045,242.71890548732685,2086.0,8.594303751542407,6.01510055123199,-2086.0,1911.0,-1021.4895241477273,268.4547771261436,1056.1765076469926,2391.0,2.2638261528149304,4.952438946945005,-2391.0,146.0
M03_Feb_2020_OP01_006,M03,OP01,good,Feb,2020,53248,0,11.01166240985577,443.4491571402581,443.5858560385282,2291.0,5.164727343788464,6.8015194975804585,-1985.0,2291.0,21.74432842548077,197.46619669521755,198.65979627481127,2033.0,10.233575379226194,11.124929329052083,-2033.0,1996.0,-1020.6487755408654,234.35382233648988,1047.2084974143356,1996.0,1.9060196750965326,6.00305652812402,-1996.0,-97.0
M03_Feb_2020_OP01_007,M03,OP01,good,Feb,2020,58368,0,12.235163103070175,433.67161678623887,433.8441775824001,2217.0,5.1101296607326825,7.1875910435271475,-1996.0,2217.0,21.961125959429825,194.45407102622437,195.6902572742901,2000.0,10.22023287136207,11.849392851912746,-1983.0,2000.0,-1020.5421806469299,228.2201168620546,1045.7489011326384,2053.0,1.9631863803790945,6.38603962837179,-2053.0,-29.0
M03_Feb_2020_OP01_008,M03,OP01,good,Feb,2020,54272,0,11.298809699292454,441.0545031172298,441.19920423841126,2114.0,4.79148642992034,6.883121688826551,-1930.0,2114.0,22.04127358490566,195.29861420201385,196.53846048667344,1864.0,9.484148778739371,8.999124150737531,-1608.0,1864.0,-1020.6473872346698,234.51653474324968,1047.2435696326522,2030.0,1.9384220241257486,6.071822050903928,-2030.0,-58.0
M03_Feb_2020_OP01_009,M03,OP01,good,Feb,2020,57344,0,11.52490234375,438.00439674752516,438.15599384716444,2287.0,5.219602224128744,7.076635047783548,-2194.0,2287.0,20.552193777901785,199.26884392003421,200.32589654438436,2147.0,10.717535960331064,9.870596765502025,-1829.0,2147.0,-1020.3532366071429,229.6277614111019,1045.872667328746,2018.0,1.9294891845239206,6.2073585755936085,-2018.0,-83.0
M03_Feb_2020_OP01_010,M03,OP01,good,Feb,2020,57344,0,11.397007533482142,437.903809532271,438.0520952850172,2145.0,4.896677867969934,7.068733089145188,-2020.0,2145.0,20.634608677455358,199.4776035806545,200.54201905224863,1922.0,9.58402637553603,10.337656337853762,-1922.0,1918.0,-1020.4456961495536,229.23827276883867,1045.8774328247969,2051.0,1.9610328472816174,6.235674942750881,-2051.0,-31.0
M03_Feb_2020_OP01_011,M03,OP01,good,Feb,2020,54272,0,11.199126621462264,441.94898071175123,442.0908526414445,2412.0,5.455892121695267,6.925893493200144,-2020.0,2412.0,20.39871388561321,188.4557851018424,189.55656271028687,1729.0,9.121287995934791,9.722225746212905,-1610.0,1729.0,-1020.2983490566038,235.7471972879296,1047.1797659030399,2084.0,1.990107207813411,5.880025261747692,-2084.0,25.0
M03_Feb_2020_OP01_012,M03,OP01,good,Feb,2020,54272,0,11.289412588443396,463.88434003061855,464.0216932021979,2420.0,5.215273413834733,6.310905169733401,-2264.0,2420.0,21.866045106132077,212.20226663073333,213.32586784495743,2035.0,9.539396326183061,8.66882679204489,-2035.0,2022.0,-1020.9125700176887,256.22768548380196,1052.575461631378,2266.0,2.152814769677364,5.148438002411136,-2266.0,29.0
M03_Feb_2020_OP01_013,M03,OP01,good,Feb,2020,58368,0,11.377587033991228,458.8114778049468,458.95252657794055,2410.0,5.251087771472868,6.4979443114965045,-2252.0,2410.0,21.76024533991228,214.31424669130854,215.4161196663709,2402.0,11.150511873113931,10.108268017122155,-2289.0,2402.0,-1021.0863144188596,247.0187470532633,1050.5405860266676,2238.0,2.1303317832436313,5.513483298521927,-2238.0,44.0
M03_Feb_2021_OP01_000,M03,OP01,good,Feb,2021,57344,0,9.724714006696429,436.57895200361787,436.68724665953926,2379.0,5.447834847933569,7.6600201249298285,-2379.0,2145.0,13.929112025669642,210.23972729856985,210.70064806829777,2572.0,12.206891737543668,12.095551511982617,-2461.0,2572.0,-1022.8480398995536,236.57383448132438,1049.850128298109,2219.0,2.1136350229314886,6.252202592082719,-2219.0,-70.0
M03_Feb_2021_OP01_001,M03,OP01,good,Feb,2021,54272,0,9.50187942216981,441.76877763484936,441.8709524346927,2102.0,4.757044988854907,7.3305842342001215,-2102.0,1989.0,16.495135613207548,219.39342370409432,220.01264478093609,3238.0,14.717335920506011,18.529189322606825,-2721.0,3238.0,-1022.3289725825472,241.41814548772211,1050.4471662832061,2272.0,2.1628884087897635,6.137507778974376,-2272.0,-81.0
M03_Feb_2021_OP01_002,M03,OP01,good,Feb,2021,57344,0,10.225062779017858,438.67165984244053,438.79081241265374,2211.0,5.038847527009524,7.465568379613502,-2190.0,2211.0,17.530866350446427,230.61477680739026,231.2801473471505,5094.0,22.025236746126456,26.25200440953609,-5094.0,3718.0,-1022.382585797991,234.69738398831532,1048.975220772133,2348.0,2.2383750859926668,6.4688033933486455,-2348.0,-128.0
M03_Feb_2021_OP01_003,M03,OP01,good,Feb,2021,57344,0,10.2532958984375,441.72030463851604,441.839289342544,2295.0,5.194196295705064,7.326819288256144,-2160.0,2295.0,18.779384068080358,247.52653599360494,248.2378925284572,4610.0,18.570895655954395,16.927681831605017,-4610.0,3521.0,-1022.379621233259,236.84379701317428,1049.4546555695865,2274.0,2.1668396894821504,6.368518008519628,-2274.0,42.0
M03_Feb_2021_OP01_004,M03,OP01,good,Feb,2021,59392,0,9.612388873922415,411.6347397973342,411.7469575211,2285.0,5.549524916362994,8.59058880285254,-2285.0,2258.0,19.665998787715516,246.6127959324586,247.3956802895776,4386.0,17.728684651511173,18.670065220159746,-4386.0,3142.0,-1022.5921336206897,264.3318299081925,1056.203573202405,2209.0,2.0914528752277564,4.879835341453127,-2209.0,382.0
M03_Feb_2021_OP02_000,M03,OP02,bad,Feb,2021,72000,1,4.899708333333334,481.9812206287749,482.0061246297142,3369.0,6.989537742052814,7.542853536421087,-3369.0,2650.0,13.914375,613.1698924115778,613.3277482648789,3322.0,5.416353669629378,2.532797745618288,-3322.0,2949.0,-1021.8620833333333,305.45963386908835,1066.5400626688984,2293.0,2.1499426793795458,3.823977743210406,-2293.0,263.0
M03_Aug_2019_OP02_000,M03,OP02,good,Aug,2019,84992,0,12.07667780496988,397.4973406108167,397.68075379565033,4796.0,12.059924837258887,9.169400791328727,-4796.0,3802.0,17.98921074924699,200.33897834468138,201.14501720791282,2756.0,13.701557404980461,10.329293471492461,-2248.0,2756.0,-1019.5954089796687,256.16448810890626,1051.282570473094,2713.0,2.5806572620899693,4.238681511993502,-2713.0,42.0
M03_Aug_2019_OP02_001,M03,OP02,good,Aug,2019,84992,0,12.065794427710843,402.1264126862392,402.3073889143416,6324.0,15.719323517934424,10.241967249413927,-6324.0,4460.0,17.825371799698797,204.85147426368135,205.62555869298254,2769.0,13.466224809797922,10.494400628111446,-2744.0,2769.0,-1019.6967832266566,260.2916783118264,1052.394074252216,2750.0,2.613089589994154,4.173554629459275,-2750.0,568.0
M03_Aug_2019_OP02_002,M03,OP02,good,Aug,2019,80896,0,9.991309829905063,485.8360880444517,485.9388137599767,2816.0,5.794968255799644,5.945720296618669,-2816.0,2477.0,18.271286590189874,209.79063313242793,210.5847802282155,2764.0,13.125355009059016,12.46043645500914,-2764.0,2617.0,-1020.4138647151899,266.3374544327535,1054.5994950390925,2205.0,2.0908411300901144,3.9266179776830747,-2205.0,48.0
M03_Aug_2019_OP02_003,M03,OP02,good,Aug,2019,83968,0,10.459794207317072,492.4089479353308,492.5200293405728,2752.0,5.587590018794989,5.723490199347757,-2752.0,2137.0,18.37129620807927,204.06047845412627,204.88578133021315,2808.0,13.705197021331431,12.240940972817597,-2808.0,2723.0,-1020.462128429878,258.0766795401894,1052.5903895068236,2074.0,1.9703771007939217,4.2558108349297825,-2074.0,150.0
M03_Aug_2019_OP02_004,M03,OP02,good,Aug,2019,83968,0,10.232838700457316,489.4624422116344,489.56939582008914,2664.0,5.441516611832877,5.739002229173118,-2664.0,2344.0,18.11085175304878,198.62922333246988,199.45318075398322,2080.0,10.428512556867114,10.14715770334118,-1844.0,2080.0,-1020.6479254001524,257.40460509445154,1052.6059653771042,2350.0,2.2325543245027064,4.253557920789748,-2350.0,179.0
M03_Aug_2019_OP02_005,M03,OP02,good,Aug,2019,84992,0,11.552451995481928,405.2834451494309,405.4480608651368,4581.0,11.298611196277903,8.732160900745734,-4581.0,3736.0,16.38382435993976,207.0545006801419,207.7016994455275,2445.0,11.771689911671778,8.937306323309878,-2030.0,2445.0,-1020.0998564570783,252.8808982972498,1050.9769102446428,3755.0,3.5728663145662485,4.560630259240558,-3755.0,355.0
M03_Aug_2019_OP02_006,M03,OP02,good,Aug,2019,84992,0,11.255412274096386,404.6776937092565,404.8341883923623,6712.0,16.57962739425253,10.692879396814336,-6712.0,6630.0,16.7502000188253,204.68566314522886,205.36988556717057,2502.0,12.18289620744648,9.121008898031112,-2502.0,2469.0,-1020.0965032003012,253.97667182543046,1051.2378539954716,3499.0,3.3284570059014187,4.436038839311183,-3499.0,493.0
M03_Aug_2019_OP02_007,M03,OP02,good,Aug,2019,86016,0,11.432094029017858,404.66855560665647,404.8300046570979,8044.0,19.870068689235346,13.420826487179387,-8044.0,6488.0,16.463053385416668,198.89885838325083,199.57902693652844,3195.0,16.008696149300782,10.5386874662537,-3195.0,2752.0,-1020.2225399925595,255.38502428206596,1051.7012606897556,3086.0,2.9342933353298966,4.349100298576916,-3086.0,845.0
M03_Aug_2019_OP02_008,M03,OP02,good,Aug,2019,82944,0,9.70290798611111,516.4544230073162,516.5455618502658,2543.0,4.92308943840496,4.949488356090253,-2543.0,2299.0,16.859905478395063,210.47539689929062,211.14958942099395,2137.0,10.120786906855926,8.836319298954537,-2137.0,1965.0,-1020.2211371527778,274.56875861212916,1056.522206060579,2156.0,2.040657534344696,3.848500725159773,-2156.0,224.0
M03_Aug_2019_OP02_009,M03,OP02,good,Aug,2019,86016,0,10.199102492559524,463.27964069837526,463.3918937327986,2520.0,5.438161595146687,6.2338228513648835,-2520.0,2160.0,16.657331194196427,201.33544107076312,202.02333160719797,2276.0,11.26602547286626,10.769567985988756,-2047.0,2276.0,-1020.2814476376489,254.85356981228028,1051.6294853415052,2133.0,2.028280900955655,4.420954787132113,-2133.0,162.0
M03_Aug_2019_OP02_010,M03,OP02,good,Aug,2019,87040,0,10.429986213235294,437.6202316060551,437.74450507498733,2440.0,5.574027707285597,7.026716072421775,-2440.0,2172.0,16.559604779411764,198.0230980627965,198.71428704760572,3554.0,17.884974718242443,15.57158139024012,-3554.0,3439.0,-1020.2357077205883,249.206764445805,1050.2308844981071,2110.0,2.0090820324793097,4.568062977623501,-2110.0,40.0
M03_Aug_2019_OP02_011,M03,OP02,good,Aug,2019,82944,0,9.798984857253087,510.8941924565525,510.98815640880133,2947.0,5.767256957013183,6.23647412695762,-2947.0,2482.0,18.334044656635804,206.24475511313966,207.0580503268358,2199.0,10.620210112714455,9.129282845879064,-2199.0,2170.0,-1021.216049382716,272.4411583810953,1056.9325448186723,2182.0,2.0644647671194045,3.9766762403612015,-2182.0,39.0
M03_Aug_2019_OP02_012,M03,OP02,good,Aug,2019,86016,0,12.048084077380953,396.830851926828,397.01370426083247,5760.0,14.508315300410286,10.058535982414362,-5760.0,5057.0,16.983224051339285,197.09478262710113,197.82513297860368,2395.0,12.106651788572476,9.774127020993427,-2395.0,2172.0,-1019.8223470052084,252.34809801752615,1050.5794506006075,3091.0,2.9421858558464105,4.560912514621453,-3091.0,1741.0
M03_Aug_2019_OP02_013,M03,OP02,good,Aug,2019,87040,0,9.931583180147058,611.6339968574979,611.7146250142642,3199.0,5.2295627228552926,4.854491340066729,-3199.0,2670.0,18.471932444852943,217.30003711130067,218.08374175261176,3400.0,15.59034145634234,11.18273037807293,-3070.0,3400.0,-1021.1373276654411,299.0094755901137,1064.0150884477125,2393.0,2.249028257194302,3.6778514748541697,-2393.0,329.0
M03_Aug_2019_OP02_014,M03,OP02,good,Aug,2019,87040,0,10.10352711397059,534.8412093209788,534.9366321799899,3097.0,5.789470777835894,5.594149028286116,-3097.0,2283.0,18.427056525735296,213.8298628776946,214.62238156934222,3006.0,14.005994985330982,11.563595198887834,-3006.0,2658.0,-1021.3998276654412,282.06558332647546,1059.631351580491,2217.0,2.0922370753689368,3.850498955007098,-2217.0,177.0
M03_Aug_2019_OP02_015,M03,OP02,good,Aug,2019,84992,0,11.439311935240964,399.57666126034167,399.74037334439157,5104.0,12.76828746943384,9.132830839536343,-5104.0,4321.0,17.225209431475903,200.89610602116142,201.63321466073972,2272.0,11.267984810056118,9.542988741333408,-2039.0,2272.0,-1019.7813676581326,261.0260433735521,1052.6578898872808,3394.0,3.224219409369013,4.25025382490333,-3394.0,171.0
M03_Aug_2019_OP02_016,M03,OP02,good,Aug,2019,84992,0,11.618870011295181,402.23578350281537,402.4035582229152,6344.0,15.765268150252494,10.233779585822449,-6344.0,5713.0,17.19743034638554,206.61524817043252,207.32971901550485,3076.0,14.836271493571868,10.13585312680597,-2383.0,3076.0,-1019.6786756400602,262.8204122071887,1053.0048293468667,2299.0,2.1832758368505965,4.096761817938338,-2299.0,718.0
M03_Aug_2019_OP02_017,M03,OP02,good,Aug,2019,84992,0,10.612410579819278,410.76920837647026,410.9062737517483,7130.0,17.351888874560323,11.334521150156489,-7130.0,6705.0,18.2869093561747,214.26286498042887,215.0418246839959,2344.0,10.900205127279353,7.660566044311462,-2344.0,2106.0,-1018.8748705760543,266.38107659499696,1053.1214933991619,2879.0,2.7337776486808254,4.157015973874215,-2879.0,1374.0
M03_Aug_2019_OP02_018,M03,OP02,good,Aug,2019,86016,0,10.948904854910714,409.9113828645815,410.05758171197795,9234.0,22.518788608781065,16.378959359976182,-9234.0,7917.0,17.826846168154763,208.91121572277274,209.67043782820204,2810.0,13.401984700878211,9.006246461301886,-2783.0,2810.0,-1019.3660365513393,264.36932930996153,1053.0898626205578,3029.0,2.87629774771784,4.1176221726358095,-3029.0,601.0
M03_Aug_2019_OP02_019,M03,OP02,good,Aug,2019,84992,0,11.282979574548193,408.0309310793224,408.18690124199037,6902.0,16.90892083748715,12.65982737007668,-6902.0,6271.0,16.507435993975903,194.8485772577056,195.54657629947727,3107.0,15.888797742189391,9.989574007433447,-3107.0,2336.0,-1019.8349962349398,263.9411324599045,1053.4364437163433,2765.0,2.6247430649404473,4.040947463220069,-2765.0,1446.0
M03_Aug_2019_OP02_020,M03,OP02,good,Aug,2019,88064,0,1.2322969658430232,383.0410560427393,383.04303827396336,1957.0,5.109086458844078,10.3527602021654,-1934.0,1957.0,3.130848019622093,155.6719524572948,155.70343281761075,1198.0,7.694114242190946,4.983152445786638,-1198.0,991.0,-1032.140386537064,172.8902470762311,1046.5203366657333,2461.0,2.3516026528838134,5.975222257336281,-2461.0,78.0
M03_Aug_2019_OP02_021,M03,OP02,good,Aug,2019,88064,0,1.290584120639535,382.5737421665482,382.5759190052204,2057.0,5.376710602561296,10.393732217383299,-2012.0,2057.0,3.009765625,155.62068601304378,155.64978832072913,1149.0,7.381956714469739,5.008409143800279,-1149.0,1028.0,-1032.1228765443313,170.52664334093774,1046.1151793064053,2514.0,2.40317705901833,6.1207295879222645,-2514.0,111.0
M03_Aug_2020_OP02_000,M03,OP02,good,Aug,2020,86016,0,9.697044735863095,422.13327929779285,422.24464255608706,2723.0,6.4488680863210766,7.793347580207908,-2486.0,2723.0,19.445870535714285,221.7090045965266,222.56015950765854,2151.0,9.664802562859332,8.77414724250992,-2151.0,1969.0,-1020.9962913876489,263.21573204978534,1054.379413980488,2287.0,2.169048418126952,4.184940663552946,-2287.0,50.0
M03_Aug_2020_OP02_001,M03,OP02,good,Aug,2020,82944,0,10.333043981481481,367.37621893807403,367.521506906955,2568.0,6.987346187199155,10.987846823441062,-2318.0,2568.0,18.320915316358025,191.5812300735245,192.45525104427233,2352.0,12.22102274288659,13.606589769762593,-2352.0,2201.0,-1020.8975815007716,217.31241780627326,1043.7703573329397,1989.0,1.905591575796737,6.904049252476354,-1989.0,-7.0
M03_Aug_2020_OP02_002,M03,OP02,good,Aug,2020,82944,0,9.002700617283951,406.79093214849206,406.89053945335655,2317.0,5.694406173986768,8.199813796718317,-2256.0,2317.0,13.661012249228396,215.62802958154748,216.06033971299382,2059.0,9.529745268081573,8.441871522311024,-1866.0,2059.0,-1021.2926793981482,283.847860211012,1060.0039361901534,2114.0,1.994332216914307,3.690598529673868,-2114.0,40.0
M03_Aug_2020_OP02_003,M03,OP02,good,Aug,2020,86016,0,9.232398623511905,406.2522556077422,406.35714878751884,2418.0,5.950430568810676,8.265585661145865,-2256.0,2418.0,13.498860677083334,218.85211981489752,219.2680313840884,2203.0,10.047064253251945,8.80164121077439,-2203.0,2137.0,-1021.444080171131,289.62447245116493,1061.711045416437,2299.0,2.165372593536746,3.601814247316187,-2299.0,52.0
M03_Aug_2021_OP02_000,M03,OP02,good,Aug,2021,83968,0,10.248499428353659,380.2515994414722,380.38968258659537,2937.0,7.721029603192234,10.646891340971518,-2937.0,2147.0,17.89599609375,205.7675824886276,206.544340710177,3480.0,16.848682408990015,22.077519867943955,-2894.0,3480.0,-1022.4946169969512,249.79033060757183,1052.563751538491,2570.0,2.441657330725604,4.800276728205691,-2570.0,255.0
M03_Aug_2021_OP02_001,M03,OP02,good,Aug,2021,86016,0,11.439301990327381,382.4416697430548,382.6127133092701,2576.0,6.73265657515617,10.621875099649468,-2576.0,2090.0,19.032052176339285,197.6475206473977,198.56173203340668,3355.0,16.896508534864832,20.023185255284865,-2750.0,3355.0,-1022.2216448102679,244.51975890916663,1051.0599429221943,2000.0,1.902841044859467,4.525106604424528,-2000.0,224.0
M03_Aug_2021_OP02_002,M03,OP02,good,Aug,2021,87040,0,6.617302389705882,403.7717395113445,403.825960432132,2697.0,6.678619663564856,9.590729201884404,-2697.0,2309.0,1.6747127757352942,228.2116720712673,228.21781686021987,3745.0,16.409761742194558,18.89952888830278,-3035.0,3745.0,-1018.7243795955883,241.01210410996026,1046.8458319685503,2080.0,1.9869210312359422,4.793195136649776,-2080.0,187.0
M03_Aug_2021_OP02_003,M03,OP02,good,Aug,2021,82944,0,10.242320119598766,383.4550876395941,383.59185257004765,2512.0,6.5486270971860225,10.469723714625054,-2461.0,2512.0,14.700002411265432,208.69532567437471,209.21240170989992,3462.0,16.54777619158787,20.614375641604596,-2947.0,3462.0,-1023.1032262731482,233.14692920601496,1049.332026676361,2032.0,1.9364700098177001,5.256419118344302,-2032.0,39.0
M03_Aug_2021_OP02_004,M03,OP02,good,Aug,2021,86016,0,10.420142764136905,385.99508458997377,386.1357076247236,2451.0,6.347509312404929,10.293350522549852,-2451.0,2344.0,14.477213541666666,202.65492073014633,203.17137251117077,2887.0,14.20967907199262,12.830918771932014,-2887.0,2771.0,-1023.170910063244,229.922746250836,1048.6864071032737,2240.0,2.136005563557769,5.39530819762624,-2240.0,74.0
M03_Feb_2020_OP02_000,M03,OP02,good,Feb,2020,86016,0,10.95674060639881,413.8985031535606,414.04350143127954,2508.0,6.057334534487949,8.030726217385894,-2508.0,2114.0,22.741815476190474,228.64220932419823,229.77042902820105,2391.0,10.406038801914491,7.476704283628628,-1981.0,2391.0,-1021.4284900483631,266.49871907423733,1055.6219624234275,2145.0,2.0319774278621963,4.1406788227399876,-2145.0,107.0
M03_Feb_2020_OP02_001,M03,OP02,good,Feb,2020,82944,0,10.56591194058642,417.9083458235922,418.0418926425286,2410.0,5.764972464280782,7.82759641226805,-2404.0,2410.0,22.73148148148148,248.38687813022756,249.4248613863972,2359.0,9.457758087496934,7.275621227832514,-2151.0,2359.0,-1021.4008608217592,281.48332525829676,1059.4775037186487,2139.0,2.018919696258153,3.67147584639036,-2139.0,236.0
M03_Feb_2020_OP02_002,M03,OP02,good,Feb,2020,87040,0,10.735328584558824,465.2988322638679,465.4226580066096,2672.0,5.74101830676678,6.253980500913203,-2672.0,2668.0,21.607525275735295,232.4874773190807,233.48942643882532,3138.0,13.439580746163518,8.922752499559104,-2430.0,3138.0,-1020.8269301470589,291.9703287940244,1061.7599984033861,2320.0,2.185051238969902,3.8359332010205995,-2320.0,183.0
M03_Feb_2020_OP02_003,M03,OP02,good,Feb,2020,87040,0,10.53879825367647,474.31195217429854,474.42901918414066,3211.0,6.768135738243513,6.111487241323648,-3211.0,3140.0,22.720978860294117,262.39467634260205,263.3765537273749,3070.0,11.656314719562333,5.93204666074745,-2682.0,3070.0,-1021.3477022058823,300.02499947806973,1064.5027614398432,2525.0,2.371999483199736,3.8882727357797795,-2525.0,220.0
M03_Feb_2020_OP02_004,M03,OP02,good,Feb,2020,86016,0,10.694417317708334,448.67246173563234,448.79989804107333,2803.0,6.245545090884746,6.617510015351532,-2564.0,2803.0,22.613025483630953,242.3471478695856,243.3998541537076,1989.0,8.171738668109233,5.724942422578874,-1989.0,1973.0,-1021.438220796131,287.03975837850265,1061.003233639349,2514.0,2.3694555495148912,4.074340279468107,-2514.0,419.0
M03_Feb_2020_OP02_005,M03,OP02,good,Feb,2020,83968,0,10.089546017530488,463.2912955161601,463.4011474304761,2922.0,6.305551930983051,6.107766855109923,-2922.0,2660.0,22.642494759908537,249.4922014365876,250.51754658432068,1916.0,7.648166869441623,5.139525957254893,-1916.0,1856.0,-1021.3000428734756,302.43694726863134,1065.1393733434757,2518.0,2.3640098779711716,3.818870005479338,-2518.0,320.0
M03_Feb_2020_OP02_006,M03,OP02,good,Feb,2020,86016,0,11.28495861235119,400.533750280995,400.69269447425785,2432.0,6.06948924584459,8.452325057928075,-2254.0,2432.0,22.16366722470238,206.22906081403144,207.41661859427953,2529.0,12.192851359451044,11.227658245139233,-2529.0,2035.0,-1020.5459449404761,241.1669360212412,1048.654145447546,2016.0,1.922464149645457,4.839356732447916,-2016.0,-93.0
M03_Feb_2020_OP02_007,M03,OP02,good,Feb,2020,86016,0,11.39594959077381,412.162378866151,412.3198930680887,2701.0,6.550738990306172,7.942662733380907,-2701.0,2170.0,22.164388020833332,205.05250175962422,206.24691167195388,2391.0,11.592900861482988,10.497921356943008,-2391.0,2315.0,-1020.4820963541666,247.03869733916363,1049.9580119997302,2022.0,1.9257912953575516,4.560591915152132,-2022.0,13.0
M03_Feb_2020_OP02_008,M03,OP02,good,Feb,2020,87040,0,11.5466796875,414.22430204830306,414.3852051162174,2293.0,5.533498714938221,7.725053322583065,-2293.0,2196.0,22.343003216911764,203.61214437803883,204.83436023034383,2334.0,11.394572655560964,10.930744671884923,-2030.0,2334.0,-1020.45546875,248.81157126225025,1050.350685102729,2197.0,2.091682360149195,4.535880453493875,-2197.0,-11.0
M03_Feb_2020_OP02_009,M03,OP02,good,Feb,2020,87040,0,11.088959099264706,394.1253250898493,394.28129158138427,2385.0,6.048980894919556,8.705654993880954,-2385.0,2352.0,20.43243336397059,207.22607729757226,208.23095698121475,3267.0,15.689309828676087,10.75716642800465,-2391.0,3267.0,-1019.9047794117647,243.77174513703844,1048.6326443488767,2127.0,2.028355698692472,4.661824138858077,-2127.0,-13.0
M03_Feb_2020_OP02_010,M03,OP02,good,Feb,2020,87040,0,11.221909466911764,383.0589449944849,383.2232855560467,2422.0,6.320075244085816,9.534087200248383,-2422.0,2342.0,20.358823529411765,198.15707452910203,199.2001703850522,2024.0,10.160633879416999,10.208340739414547,-2024.0,2022.0,-1019.9070772058824,242.82394799552566,1048.4149540400401,2092.0,1.9953931331659585,4.685266450543958,-2092.0,-44.0
M03_Feb_2020_OP02_011,M03,OP02,good,Feb,2020,87040,0,11.294221047794117,384.60406616437365,384.76986256624406,3117.0,8.100946314274706,9.408851857642047,-3117.0,2250.0,20.14484145220588,198.62914885557393,199.64807390061208,2715.0,13.598929090353105,10.512647763160286,-2715.0,2291.0,-1020.0029411764706,243.56821646371006,1048.680826600717,1983.0,1.8909471306230177,4.6653410314594375,-1983.0,13.0
M03_Feb_2020_OP02_012,M03,OP02,good,Feb,2020,86016,0,10.91064453125,463.6144858351232,463.74285292633135,2769.0,5.970981509530399,6.243557831704292,-2769.0,2482.0,21.800816127232142,230.7285102003127,231.7561671306056,2059.0,8.88433747197612,6.86340901549747,-1973.0,2059.0,-1020.6305454799107,293.84999707120676,1062.0897001408912,2299.0,2.164600597948579,3.7277748210101427,-2299.0,81.0
M03_Feb_2020_OP02_013,M03,OP02,good,Feb,2020,83968,0,10.440691692073171,468.54143923067335,468.65775179693736,2834.0,6.0470567042448735,6.169718196374528,-2545.0,2834.0,21.69992139862805,227.66886484081525,228.7006746964513,2656.0,11.613433163348741,7.518849590001267,-2656.0,2030.0,-1020.6592630525914,293.05287625842624,1061.8970381060471,2399.0,2.259164414168393,3.776223855733547,-2399.0,140.0
M03_Feb_2021_OP02_000,M03,OP02,good,Feb,2021,88064,0,9.47599473110465,399.29565640772086,399.40808166863195,3341.0,8.364878312031387,9.928423980076127,-3341.0,2209.0,13.589264625726743,226.14911164393854,226.5570321363047,2970.0,13.109281896900658,16.31504271240943,-2951.0,2970.0,-1022.1453601925872,239.311895824192,1049.7863215179568,2178.0,2.0747079242285067,5.1240764653395345,-2178.0,-81.0
M03_Feb_2021_OP02_001,M03,OP02,good,Feb,2021,83968,0,9.593523723323171,380.3483647180694,380.4693341665521,2488.0,6.539291807709442,10.51212257025424,-2231.0,2488.0,13.877810594512194,203.52116778992647,203.99377285954725,3119.0,15.289682406861889,13.799992078601706,-2336.0,3119.0,-1022.946884527439,239.088094863348,1050.5157998192026,2213.0,2.1065842135652457,5.239172045896085,-2213.0,130.0
M03_Feb_2021_OP02_002,M03,OP02,good,Feb,2021,83968,0,9.760944645579269,382.05786714662906,382.1825347775659,2440.0,6.384383842710408,10.359398766407057,-2375.0,2440.0,16.65115282012195,210.42406731316674,211.08185377918014,4296.0,20.35229425497746,26.75546949204871,-3876.0,4296.0,-1022.4392506669208,237.42951196740052,1049.645080233034,2162.0,2.0597438512454227,5.342374920027545,-2162.0,124.0
M03_Feb_2021_OP02_003,M03,OP02,good,Feb,2021,87040,0,10.261029411764707,391.83966690045673,391.9739956696745,2244.0,5.724869569896342,9.362899903898017,-2244.0,2240.0,17.362913602941177,222.2593896451728,222.93655387627203,4657.0,20.88935133798021,27.45896953406475,-4657.0,3540.0,-1022.4163028492648,246.53435662524848,1051.719680013921,2168.0,2.0613857867253214,4.815510212067653,-2168.0,273.0
M03_Feb_2021_OP02_004,M03,OP02,good,Feb,2021,83968,0,10.131776391006097,389.1624279805696,389.2942951605756,2781.0,7.1436957452790235,9.728962402612282,-2781.0,2387.0,18.601407679115855,230.340730890117,231.0905984124797,4858.0,21.02205815975615,31.700609821121528,-4337.0,4858.0,-1022.339903296494,249.5216334565675,1052.3497153680034,2203.0,2.093410553382074,4.696842515374036,-2203.0,464.0
M03_Feb_2021_OP02_005,M03,OP02,good,Feb,2021,83968,0,10.068764291158537,382.52868471937353,382.6611747322751,2365.0,6.180402288407356,10.024420502233106,-2365.0,2225.0,19.527296112804876,214.51035543879607,215.39732561932098,4839.0,22.46545998696441,27.211903102367692,-4839.0,3250.0,-1022.6274890434452,235.67513131706352,1049.433060689731,2258.0,2.151637950605395,5.550374845014708,-2258.0,546.0
M03_Aug_2019_OP03_000,M03,OP03,good,Aug,2019,159744,0,1.9316844451121795,344.4180409484838,344.42345787647355,1909.0,5.542595767924312,10.634993553513558,-1909.0,1840.0,2.6163048377403846,181.43022464460262,181.4490878059048,1038.0,5.720612941908771,3.548101063527121,-1038.0,946.0,-1032.2594025440706,168.37134353238457,1045.9007522052661,2619.0,2.504061685086159,9.2329823402606,-2619.0,212.0
M03_Aug_2019_OP03_001,M03,OP03,good,Aug,2019,159744,0,1.9908040364583333,344.4320027691533,344.43775610737225,2467.0,7.162397142173221,10.66679042760947,-1965.0,2467.0,2.1943797576121793,181.93347385230174,181.94670706139965,890.0,4.891542223403148,3.519997041065704,-890.0,880.0,-1032.367450420673,168.71883395344167,1046.06338126267,2666.0,2.548602740287071,9.260249023893397,-2666.0,304.0
M03_Aug_2020_OP03_000,M03,OP03,good,Aug,2020,156672,0,8.992647058823529,328.63229936562016,328.75531309388623,2213.0,6.7314501450141115,10.082399862723582,-2008.0,2213.0,13.451248468137255,222.55903875818998,222.96515830577897,2400.0,10.764013616461954,6.6965589364518205,-2400.0,2053.0,-1021.3783318014706,208.56057087476051,1042.4544155008223,2092.0,2.006802378015684,6.738789672618808,-2092.0,21.0
M03_Aug_2020_OP03_001,M03,OP03,good,Aug,2020,152576,0,8.487874895134228,333.0672701243185,333.17540492704615,2217.0,6.654152639164485,9.631861910424245,-2008.0,2217.0,13.591652684563758,225.36570453550323,225.77518420650563,2076.0,9.194987515107876,6.515083451179378,-1727.0,2076.0,-1021.4522270868289,213.1902154833,1043.4628504160837,2139.0,2.049905273721118,6.474291552846828,-2139.0,60.0
M03_Feb_2020_OP03_000,M03,OP03,good,Feb,2020,157696,0,10.785232345779221,344.1976096071416,344.3665426489959,2196.0,6.3769261180472085,8.916551239107097,-2065.0,2196.0,23.312607802353895,271.9523480757552,272.94973402892896,2047.0,7.499549348463721,5.184401651196418,-2047.0,1911.0,-1021.3119039163961,230.15297997901234,1046.9233015243062,2209.0,2.109992199795081,5.535163829053507,-2209.0,109.0
M03_Feb_2020_OP03_001,M03,OP03,good,Feb,2020,156672,0,10.461837469362745,368.20506161070824,368.3536581045189,2420.0,6.569773224061032,7.535530792842344,-2276.0,2420.0,22.175749336192812,236.87336145010664,237.90912807896743,2057.0,8.646158374037817,5.893711775007986,-2057.0,1932.0,-1021.2820095486111,220.49745201835026,1044.8138922192,2145.0,2.0529972045490212,5.869191800170768,-2145.0,-35.0
M03_Feb_2020_OP03_002,M03,OP03,good,Feb,2020,152576,0,10.818824716862416,316.7825424808973,316.9672320428654,2065.0,6.514869018765755,11.137520561019313,-1932.0,2065.0,22.002765834731544,207.6388827102369,208.80140640698176,2354.0,11.273870423131827,7.667471907681919,-1709.0,2354.0,-1020.7641044463087,192.58281823952308,1038.772111103851,1920.0,1.8483361070983242,7.9864600810334325,-1920.0,-169.0
M03_Feb_2020_OP03_003,M03,OP03,good,Feb,2020,154624,0,10.805638193294701,324.0251564048125,324.20528033936705,2309.0,7.12203082436849,10.609704405142928,-2057.0,2309.0,22.4117666080298,215.47309801211398,216.63550782231172,1940.0,8.9551339921211,7.211720367340551,-1827.0,1940.0,-1020.7760373551324,195.61240759247252,1039.3497642480947,1973.0,1.8983022538397778,7.677339841880569,-1973.0,-138.0
M03_Feb_2020_OP03_004,M03,OP03,good,Feb,2020,156672,0,10.652369281045752,366.0036160313476,366.1585994064893,2305.0,6.295086347108059,7.668530214213502,-2182.0,2305.0,22.105564491421568,237.80573916312883,238.83095603461135,2024.0,8.474613314811176,5.753531717356866,-1944.0,2024.0,-1021.1792662377451,219.11684720327065,1044.422944272176,2211.0,2.1169584717815377,5.951069677642285,-2211.0,29.0
M03_Feb_2021_OP03_000,M03,OP03,good,Feb,2021,151552,0,8.409912109375,318.8092940100709,318.92019780642187,2951.0,9.253098487638583,12.814471117004743,-2951.0,2197.0,13.779692778716216,234.13496081273067,234.54010277105007,2613.0,11.14095188467927,7.524933871598907,-2613.0,2399.0,-1022.3813674514358,201.01221386759948,1041.9546874196697,2024.0,1.942502898098476,7.631312474696316,-2024.0,128.0
M03_Feb_2021_OP03_001,M03,OP03,good,Feb,2021,152576,0,9.075214974832214,316.47647629638846,316.60656906611706,2236.0,7.062392945905855,11.970855231825494,-2084.0,2236.0,14.831310297818792,252.44880793599756,252.88410071306652,2641.0,10.4435193535421,5.287251443979692,-2641.0,2252.0,-1022.841770658557,207.22433830128816,1043.6221606445213,2053.0,1.9671870504667188,7.3010015388440355,-2053.0,-81.0
M03_Feb_2021_OP03_002,M03,OP03,good,Feb,2021,156672,0,9.278460733251634,321.85522262389924,321.98893484692644,2324.0,7.217639330074587,11.534062155358175,-2149.0,2324.0,17.906901041666668,255.84170135921403,256.4676066471033,2877.0,11.217790962422484,6.805640470629867,-2877.0,2812.0,-1022.4548355800654,200.32275712245803,1041.893995482363,2065.0,1.9819674640163103,8.081674382750004,-2065.0,-56.0
M03_Feb_2021_OP03_004,M03,OP03,good,Feb,2021,152576,0,9.385453806627517,325.3565169137299,325.49185833349276,2227.0,6.841953010444453,10.91268084496678,-2123.0,2227.0,19.2888396602349,279.7427732684379,280.4069873083673,3212.0,11.454778751528472,5.01602515588703,-3212.0,2623.0,-1022.4260761849832,204.62899604214832,1042.702310002351,2057.0,1.972758648626531,7.802886587157881,-2057.0,132.0
M03_Aug_2019_OP04_000,M03,OP04,bad,Aug,2019,114006,1,6.76272301457818,474.0309601473156,474.0791976039002,2787.0,5.8787645905707455,5.951769137650843,-2787.0,2318.0,17.341990772415485,444.52580060496547,444.8639477946444,3220.0,7.238168019599553,6.0681105348155855,-2896.0,3220.0,-1020.6225110959073,293.8188150289391,1062.073352561265,2307.0,2.1721663521982792,3.8640846227962404,-2307.0,527.0
M03_Feb_2021_OP04_000,M03,OP04,bad,Feb,2021,120000,1,6.8937333333333335,461.18470971408215,461.2362301829002,3410.0,7.393174639918869,7.344674549780161,-3410.0,2652.0,13.102108333333334,335.55805699693,335.81375025203084,3275.0,9.752429724935585,5.267206158731486,-3275.0,2754.0,-1021.8673083333333,286.70946139124,1061.3270518985496,2806.0,2.64385986862438,4.53072695532534,-2806.0,214.0
M03_Aug_2019_OP04_000,M03,OP04,good,Aug,2019,128000,0,10.286328125,440.819930978007,440.9399279876455,6785.0,15.387583589822027,8.49742647857969,-6463.0,6785.0,19.4406953125,256.1057331061315,256.8425337907694,3023.0,11.76985741178918,6.329178626292039,-2736.0,3023.0,-1019.91234375,259.79270685516144,1052.4796622589674,3195.0,3.0356881131009024,4.881150349054269,-3195.0,1255.0
M03_Aug_2019_OP04_001,M03,OP04,good,Aug,2019,130048,0,10.492971825787402,439.5814122401243,439.7066299758953,6759.0,15.371612659946766,7.916141479869571,-6759.0,5391.0,19.166361651082678,267.32569743806414,268.0118988584042,2846.0,10.618931518050234,6.616072964919218,-2726.0,2846.0,-1019.8700402928149,259.7248238974333,1052.4219131296254,2529.0,2.4030286413168844,4.8721892913838,-2529.0,1184.0
M03_Aug_2019_OP04_002,M03,OP04,good,Aug,2019,126976,0,9.216773248487904,439.9260029011413,440.0225413972437,2847.0,6.470123078148818,6.968057059450398,-2847.0,2453.0,18.680742817540324,223.75962163434266,224.5380556301298,3757.0,16.73213028168693,12.156411645234666,-3757.0,2894.0,-1020.4207015498991,215.03882773883907,1042.8327313557445,2094.0,2.0079922091414177,6.903978888554128,-2094.0,23.0
M03_Aug_2019_OP04_003,M03,OP04,good,Aug,2019,131072,0,9.745132446289062,433.99244252576926,434.10184032768035,2453.0,5.650747755753261,7.024207408744149,-2453.0,2299.0,18.712905883789062,223.94480693965625,224.72527539610553,3008.0,13.385232233882173,10.820818932271994,-2440.0,3008.0,-1020.3325729370117,212.43750014029828,1042.2131503978069,2014.0,1.9324262020981673,7.125935210896162,-2014.0,-35.0
M03_Aug_2019_OP04_004,M03,OP04,good,Aug,2019,126976,0,9.30378181703629,437.2242585038382,437.3232358111448,2947.0,6.738722662503674,6.889136860618908,-2947.0,2426.0,18.382521106350808,218.8841316443024,219.65468391979658,2984.0,13.584959568126306,9.705646044002908,-2984.0,2719.0,-1020.5698005922379,216.52544597434598,1043.2861480127442,1989.0,1.9064759977774606,6.861449070125297,-1989.0,-15.0
M03_Aug_2019_OP04_005,M03,OP04,good,Aug,2019,129024,0,9.672371031746032,474.17849866167376,474.27713771002567,3628.0,7.649535918001953,6.210913885957199,-3628.0,2836.0,17.760943700396826,287.4022986076186,287.9505727830237,2352.0,8.16806848921352,4.937405939028849,-2317.0,2352.0,-1020.2772197420635,256.3532066651271,1051.9898153937083,2209.0,2.0998302147756815,4.902534511088158,-2209.0,396.0
M03_Aug_2019_OP04_006,M03,OP04,good,Aug,2019,128000,0,9.5699921875,480.90962660407274,481.00483751303113,6775.0,14.085097428602172,6.809687911066557,-6775.0,6410.0,17.9295234375,285.42072666984376,285.98331948461174,2236.0,7.818637828351787,4.962675286500393,-2236.0,2156.0,-1020.2566328125,260.6869873356974,1053.0343309522545,3047.0,2.893542888810292,4.766526971985409,-3047.0,733.0
M03_Aug_2019_OP04_007,M03,OP04,good,Aug,2019,129024,0,9.63045634920635,483.59584060628714,483.6917228371759,6515.0,13.469322902168269,7.260966922770046,-6515.0,6205.0,17.75966486855159,283.3238313364216,283.87990259860305,2184.0,7.693394213566802,4.832925741907058,-2129.0,2184.0,-1020.4394763764881,251.9149445180631,1051.0746235253994,3150.0,2.996932786213233,5.076113141502501,-3150.0,890.0
M03_Aug_2019_OP04_008,M03,OP04,good,Aug,2019,131072,0,9.698951721191406,438.62966992067066,438.7368881222623,2922.0,6.660028092248604,6.858312935337183,-2922.0,2256.0,17.176040649414062,229.43609553931458,230.0781134934738,2621.0,11.391783252231617,9.391654620621129,-2510.0,2621.0,-1020.1956100463867,222.08261673933708,1044.0880094205231,2196.0,2.1032709696750533,6.568615517224301,-2196.0,21.0
M03_Aug_2019_OP04_009,M03,OP04,good,Aug,2019,131072,0,9.600166320800781,440.26212086510105,440.36677697349506,2824.0,6.412836180350571,6.857992624171459,-2824.0,2775.0,17.229957580566406,232.93934142761998,233.57570126826425,3058.0,13.092115247415455,11.70588769845562,-2865.0,3058.0,-1020.3085403442383,222.3392261520679,1044.2529621625645,2254.0,2.158480829522519,6.506369262351948,-2254.0,15.0
M03_Aug_2019_OP04_010,M03,OP04,good,Aug,2019,131072,0,9.751373291015625,438.2726839117422,438.3811523597504,2514.0,5.734735598160312,6.818962981393408,-2514.0,2260.0,16.99072265625,227.9268760992857,228.55928225464996,3078.0,13.466965636384165,10.181549079205915,-2650.0,3078.0,-1020.3252487182617,222.16699792579593,1044.2326312366145,2092.0,2.0033850096434787,6.504155060362741,-2092.0,52.0
M03_Aug_2019_OP04_011,M03,OP04,good,Aug,2019,131072,0,9.671180725097656,440.9383188238667,441.0443659586136,2506.0,5.681968059048183,6.755388262123689,-2506.0,2358.0,18.752769470214844,231.74564367345343,232.5031391711223,3494.0,15.027754087347681,7.724595124149728,-2277.0,3494.0,-1020.4510269165039,233.3478663446779,1046.7910608438349,2299.0,2.196235797186441,5.999748716847691,-2299.0,140.0
M03_Aug_2019_OP04_012,M03,OP04,good,Aug,2019,129024,0,10.534117683531745,440.62359765106294,440.7495007851243,6839.0,15.516750416772842,8.885248040344509,-6839.0,6453.0,18.399700830853174,261.88243226179463,262.52801244442156,2613.0,9.953223565249765,6.1485109533424644,-2603.0,2613.0,-1019.9900483630952,260.6671272839194,1052.7711289763793,3712.0,3.5259325582087513,4.958480959464939,-3712.0,1266.0
M03_Aug_2019_OP04_013,M03,OP04,good,Aug,2019,126976,0,9.170599168346774,447.3468581102028,447.4408467609729,2496.0,5.578391016530028,6.527378412016905,-2262.0,2496.0,18.816839402721776,236.60505465942322,237.3521125574754,3759.0,15.837230010285873,9.073950853552871,-3172.0,3759.0,-1020.3506253150201,236.5041911098108,1047.401370532452,2137.0,2.0402875727703553,5.8711199862677415,-2137.0,21.0
M03_Aug_2019_OP04_014,M03,OP04,good,Aug,2019,130048,0,9.491011011318898,442.92199341561275,443.0236692788288,2767.0,6.245715955773267,6.764295820544212,-2767.0,2393.0,18.8923858882874,232.51589891156107,233.28215853597388,3029.0,12.984276290177181,8.51032129170533,-3029.0,3027.0,-1020.3650498277559,230.09353516054807,1045.9865533708726,2219.0,2.1214421857039065,6.185514000413827,-2219.0,25.0
M03_Aug_2019_OP04_015,M03,OP04,good,Aug,2019,130048,0,10.241564653051181,436.9301108873136,437.05012463851654,6574.0,15.041752946386516,8.466383108756787,-6574.0,6492.0,18.594465120570867,268.7416049076767,269.3841204330239,3462.0,12.851537033567448,6.421123673277776,-3462.0,2707.0,-1019.9509719488188,262.1446218416415,1053.1000844838243,3246.0,3.082328116601589,4.93787326499368,-3246.0,1932.0
M03_Aug_2019_OP04_016,M03,OP04,good,Aug,2019,128000,0,10.090625,439.9712323403763,440.0869300490529,7161.0,16.27178521116685,8.129963381714635,-7161.0,6400.0,18.5725234375,266.0038118671442,266.65139518608845,2906.0,10.898124114340316,6.133319648681205,-2906.0,2773.0,-1020.0835,258.82483265038536,1052.4070699918116,2859.0,2.7166294122503802,4.9154293387763,-2859.0,1069.0
M03_Aug_2019_OP04_017,M03,OP04,good,Aug,2019,130048,0,10.132727915846457,437.33016896674303,437.4475384128896,5135.0,11.738550452541979,7.295386919712976,-5135.0,4364.0,18.626384104330707,274.25098190553075,274.8827809466242,3611.0,13.136508542167185,6.408316657854915,-2996.0,3611.0,-1019.4464812992126,261.41903941064334,1052.431015506351,2252.0,2.1398077088373397,4.8199545125432,-2252.0,488.0
M03_Aug_2019_OP04_018,M03,OP04,good,Aug,2019,130048,0,9.882143516240157,441.2467449912223,441.3573911535008,6537.0,14.811126155416485,8.43775228111443,-6537.0,6121.0,18.543722317913385,271.16084295349987,271.79417283793356,2102.0,7.733793473392045,5.08317309563941,-2102.0,2069.0,-1019.6963428887796,260.62412542133427,1052.475922029757,2356.0,2.2385310206967266,4.909472728536358,-2356.0,901.0
M03_Aug_2019_OP04_019,M03,OP04,good,Aug,2019,129024,0,9.425122457837302,468.3936172076574,468.48843483507545,6273.0,13.389871624490194,7.075459590757747,-6273.0,5492.0,17.76867869543651,270.47060359327924,271.05363556073996,2726.0,10.057050127221537,5.766601334074867,-2315.0,2726.0,-1020.0746450272817,253.33670269773833,1051.062208606749,2687.0,2.556461433012412,5.007306217708995,-2687.0,845.0
M03_Aug_2020_OP04_000,M03,OP04,good,Aug,2020,131072,0,9.674324035644531,431.13674377983915,431.2452717220554,2461.0,5.706729235946625,7.040455698357408,-2309.0,2461.0,19.589996337890625,230.69773635585761,231.52799726217853,2590.0,11.18655208280114,8.055602214686424,-2242.0,2590.0,-1020.7849197387695,228.49632132797083,1046.0460894370292,2240.0,2.1413970403594207,6.29077633623495,-2240.0,165.0
M03_Aug_2020_OP04_001,M03,OP04,good,Aug,2020,130048,0,9.575272207185039,421.6617346921964,421.77044033629704,2359.0,5.59308992379613,7.567869944971825,-2096.0,2359.0,18.58872877706693,226.83043144802036,227.59082905170501,3006.0,13.207913572462468,9.69836076610007,-3006.0,2340.0,-1020.9331170029527,224.90781142361766,1045.4128146491828,2125.0,2.032689833358416,6.5917561564958875,-2125.0,245.0
M03_Aug_2020_OP04_002,M03,OP04,good,Aug,2020,130048,0,8.605153481791339,429.39336016913074,429.4795762592,2422.0,5.639383416310051,7.150030502319214,-2422.0,2348.0,13.441067913385826,226.39520110034587,226.79384777351945,2779.0,12.253418808675804,8.771227534018047,-2779.0,2387.0,-1021.3247108759842,227.05291390867862,1046.2586634099307,2158.0,2.0625874608930066,6.3872236910302504,-2158.0,132.0
M03_Aug_2020_OP04_003,M03,OP04,good,Aug,2020,125952,0,8.285116552337398,434.6149770859794,434.6939399896578,2359.0,5.426806732240448,6.871844017937236,-2098.0,2359.0,13.565127985264228,229.3367152911313,229.73754955988804,2531.0,11.016919109865487,7.89797473374288,-2531.0,2332.0,-1021.271897230691,232.38737264163717,1047.377763291,2131.0,2.0346049674609428,6.114316611247562,-2131.0,222.0
M03_Aug_2021_OP04_000,M03,OP04,good,Aug,2021,131072,0,10.121330261230469,420.5170155776777,420.63880196269787,2508.0,5.962360077809485,8.004411973224903,-2508.0,2115.0,19.66374969482422,248.29119819223098,249.06862940120428,3158.0,12.67923627151389,8.839735578787515,-3158.0,2959.0,-1022.1544036865234,211.8711351462459,1043.8816996594544,1992.0,1.9082622107944323,6.948499267691206,-1992.0,-81.0
M03_Aug_2021_OP04_001,M03,OP04,good,Aug,2021,128000,0,6.14075,426.44308053881883,426.48729142847856,2408.0,5.646123690895064,8.250584108863718,-2408.0,2358.0,2.055875,266.3989998043055,266.40693256510804,3296.0,12.37205041274397,10.069651711062383,-3296.0,3164.0,-1019.1290234375,221.47755773331772,1042.9171946958145,2047.0,1.96276368863306,6.3394954860707875,-2047.0,39.0
M03_Feb_2020_OP04_000,M03,OP04,good,Feb,2020,126976,0,10.074013986895162,447.93254800176567,448.0458160915715,2494.0,5.566395021285673,6.406569361875383,-2170.0,2494.0,23.34999527469758,274.17456623036645,275.16706751887665,2233.0,8.115069946903493,5.340605828614851,-2233.0,2190.0,-1021.1304655997984,251.18400938472803,1051.570651143635,2248.0,2.1377546031312202,5.4293020827737575,-2248.0,203.0
M03_Feb_2020_OP04_001,M03,OP04,good,Feb,2020,130048,0,10.685600701279528,444.55873163771895,444.6871348911328,2299.0,5.16992694327178,6.585369728572045,-2299.0,2293.0,23.132181963582678,276.5474066095822,277.5131815696002,2301.0,8.291498036185752,5.322268793472661,-2184.0,2301.0,-1021.0046905757874,248.6623098131791,1050.8489532275248,2219.0,2.11162602692297,5.543398915722375,-2219.0,136.0
M03_Feb_2020_OP04_002,M03,OP04,good,Feb,2020,130048,0,8.830385703740157,507.42137944061994,507.4982088885619,2748.0,5.414797435479057,5.275072805455618,-2666.0,2748.0,22.870909202755904,273.1292464796465,274.08513963785083,3335.0,12.167751978113595,5.392254098624927,-3335.0,2184.0,-1021.3600362942914,259.31291129643574,1053.7644469729037,2539.0,2.409456883171242,4.840563367414588,-2539.0,150.0
M03_Feb_2020_OP04_003,M03,OP04,good,Feb,2020,126976,0,8.626071068548388,498.8668484007818,498.9414209457943,2721.0,5.453546019174089,5.2870179008146225,-2721.0,2535.0,23.015215473790324,267.3477064708207,268.3365355267767,2073.0,7.7253736466801035,4.965252232089456,-2002.0,2073.0,-1021.2208842615927,256.0163494528162,1052.8230932303754,2428.0,2.306180416835436,4.8719423870183505,-2428.0,97.0
M03_Feb_2020_OP04_004,M03,OP04,good,Feb,2020,130048,0,9.855207308070867,483.3884727278913,483.4889250823522,2715.0,5.615433692793598,5.621450011591099,-2715.0,2600.0,22.809370386318896,254.91085903312438,255.9293133473102,2779.0,10.858466987049443,5.851424500790618,-2371.0,2779.0,-1020.9796075295276,249.55517768401657,1051.036224732549,2352.0,2.2377915666974273,5.089271026178444,-2352.0,165.0
M03_Feb_2020_OP04_005,M03,OP04,good,Feb,2020,130048,0,10.87556902066929,424.7230447149487,424.86226322593023,2229.0,5.246406171909596,7.22820778630939,-2092.0,2229.0,21.99500184547244,216.0253007633035,217.14214394275947,2613.0,12.033592155601122,9.48477888028852,-2332.0,2613.0,-1020.4635672982283,209.74558550908054,1041.7960946478793,2014.0,1.9331997982587175,7.3743204501107815,-2014.0,19.0
M03_Feb_2020_OP04_006,M03,OP04,good,Feb,2020,130048,0,10.747254859744094,425.2219817595633,425.3577755943233,2371.0,5.574131086911868,7.251974981723448,-2203.0,2371.0,21.88699557086614,215.5860318563654,216.694203214329,2438.0,11.250877798464273,9.47402411111365,-2274.0,2438.0,-1020.2941067913385,210.07719087826402,1041.696928324375,2057.0,1.974662633697878,7.354865430902887,-2057.0,-60.0
M03_Feb_2020_OP04_007,M03,OP04,good,Feb,2020,128000,0,10.542625,428.55448759680417,428.68414454146773,2281.0,5.320933906804087,7.086810745353899,-2221.0,2281.0,22.146890625,225.26133660016822,226.3474199792213,3236.0,14.29660651885082,9.910037018479041,-3236.0,2970.0,-1020.2420625,214.91720585959632,1042.6328555482748,2112.0,2.025641134135747,7.024298757611634,-2112.0,-15.0
M03_Feb_2020_OP04_008,M03,OP04,good,Feb,2020,130048,0,10.289585383858268,429.5398857773254,429.6631111009758,2311.0,5.378632561865168,7.071223975599346,-2287.0,2311.0,20.82146592027559,226.78777540369276,227.74158275472004,2110.0,9.264886870802558,7.7342063717841025,-2110.0,2037.0,-1020.1148037647638,213.21541175016512,1042.1588289065228,2020.0,1.9382842077147393,6.906543049876228,-2020.0,-87.0
M03_Feb_2020_OP04_009,M03,OP04,good,Feb,2020,130048,0,10.477985051673228,428.45090339405357,428.57900647362993,2379.0,5.550901850220183,7.158748159472182,-2379.0,2248.0,20.904189222440944,226.67090259278748,227.63278149088407,2668.0,11.720631723277714,7.4564674538810465,-2668.0,2443.0,-1020.1134196604331,213.73121487430188,1042.263124735279,1979.0,1.8987527746437731,6.828833589927437,-1979.0,-50.0
M03_Feb_2020_OP04_010,M03,OP04,good,Feb,2020,126976,0,10.557034400201612,431.9433173448999,432.07230919632417,2379.0,5.506022833134244,6.999328315173171,-2285.0,2379.0,20.810791015625,226.3487680551269,227.3034399712632,3131.0,13.774538565698064,8.307697891306152,-3131.0,2361.0,-1019.945564516129,218.52898947862562,1043.0934156721892,2020.0,1.9365475513986192,6.498151384288066,-2020.0,-44.0
M03_Feb_2021_OP04_000,M03,OP04,good,Feb,2021,133120,0,8.6146484375,429.17690628549514,429.2633562936515,2992.0,6.970080152737811,8.46049088019586,-2992.0,2570.0,13.748745492788462,256.56319798243294,256.93131876359206,2910.0,11.325983978922991,9.726268469016503,-2910.0,2607.0,-1022.2682016225962,221.37853901754136,1045.9640211719704,2135.0,2.041179196209635,6.7342799018213215,-2135.0,1.0
M03_Feb_2021_OP04_001,M03,OP04,good,Feb,2021,128000,0,8.5492421875,424.5043809184505,424.5904602801828,2400.0,5.652505707302668,8.036484736571103,-2400.0,2363.0,14.22003125,242.657129071812,243.073428367078,4384.0,18.03570233674201,10.204741212579478,-3529.0,4384.0,-1022.9074765625,226.46544288748785,1047.6766211144006,2225.0,2.1237469226270367,6.6977227795441685,-2225.0,-11.0
M03_Feb_2021_OP04_002,M03,OP04,good,Feb,2021,132096,0,9.329351380813954,419.9112769844247,420.014901325985,2664.0,6.342632110407904,8.106885622203459,-2664.0,2279.0,16.92083030523256,234.4324184518549,235.0422798549318,4173.0,17.75425256500906,14.872612085883198,-4173.0,3355.0,-1022.3556958575581,218.72705893122378,1045.4916045387906,2201.0,2.1052297220224467,7.303532877502212,-2201.0,64.0
M03_Feb_2021_OP04_003,M03,OP04,good,Feb,2021,131072,0,9.047431945800781,423.35880429097216,423.4554677832081,3132.0,7.396291318178127,7.9959814338187805,-3132.0,2190.0,17.690277099609375,251.48239684624372,252.1038314413182,4776.0,18.9445752279719,18.29226840148136,-3948.0,4776.0,-1022.323844909668,217.60341791447323,1045.225952298807,2297.0,2.1976109519172544,7.38858355344752,-2297.0,70.0
M03_Feb_2021_OP04_004,M03,OP04,good,Feb,2021,133120,0,9.312770432692307,423.98287461987246,424.0851396406888,2428.0,5.725265455085627,7.779111948058387,-2428.0,2359.0,19.05256159855769,251.45444423242452,252.1752121595307,3324.0,13.181311404616471,10.45384191944883,-3232.0,3324.0,-1022.2493915264423,218.93115955724642,1045.4303760180599,2252.0,2.154136757129292,7.107403881023216,-2252.0,142.0
M03_Aug_2019_OP05_000,M03,OP05,good,Aug,2019,45056,0,15.802468039772727,315.69671088361025,316.09196645735534,5826.0,18.431344729496622,22.328102086181964,-5826.0,5010.0,17.598899147727273,162.12729037816192,163.07967235856438,2199.0,13.484206634687393,15.028612962863065,-2199.0,1750.0,-1019.4383212002841,196.20804452741982,1038.1483937611845,2752.0,2.650873436339458,10.101110693568417,-2752.0,15.0
M03_Aug_2019_OP05_001,M03,OP05,good,Aug,2019,45056,0,15.478093927556818,317.4527350644226,317.8298450295579,5707.0,17.95614883010516,22.80847021973459,-5707.0,5399.0,17.169078480113637,167.93085592372353,168.80624877986799,1540.0,9.122885030211405,11.745426985320199,-1540.0,1350.0,-1019.6118386008523,196.6523397297262,1038.4028332666403,2461.0,2.3699858293511284,10.385609887290364,-2461.0,1321.0
M03_Aug_2019_OP05_002,M03,OP05,good,Aug,2019,38912,0,12.961708470394736,321.94495291474675,322.20577057798016,2184.0,6.77827711180433,13.319912265210485,-2184.0,1963.0,17.782020970394736,178.38483120275322,179.26892723789675,1791.0,9.99057688130902,14.27554329405283,-1791.0,1534.0,-1020.2779091282895,208.90683277304055,1041.4456666741944,1881.0,1.8061431913264194,8.799649853190871,-1881.0,-156.0
M03_Aug_2019_OP05_003,M03,OP05,good,Aug,2019,45056,0,14.091907848011363,311.07728550479425,311.3963060536013,2205.0,7.081008853137933,14.422633482289603,-2205.0,2032.0,17.582630504261363,168.22020240168362,169.1365879740773,2108.0,12.46329978184899,16.52726272588164,-2108.0,1477.0,-1020.2138893821023,194.20328595666896,1038.533242782591,1887.0,1.816985650785787,10.139551940260889,-1887.0,-152.0
M03_Aug_2019_OP05_004,M03,OP05,good,Aug,2019,46080,0,14.271354166666667,307.78816961751403,308.11885516185146,2383.0,7.7340284766027585,14.782565570575489,-2057.0,2383.0,17.58648003472222,163.336679877564,164.280720942652,1651.0,10.049870675794878,15.628773174637907,-1460.0,1651.0,-1020.2751519097222,192.4986898149935,1038.2760380481175,1885.0,1.8155094896956894,10.348138297872765,-1885.0,-150.0
M03_Aug_2019_OP05_005,M03,OP05,good,Aug,2019,44032,0,14.645121729651162,314.5225648239464,314.8633407907467,3499.0,11.112757652931661,14.797103445416464,-3499.0,2992.0,16.073446584302324,176.8663784000817,177.59524625805528,1991.0,11.210885662485424,12.460222505383758,-1991.0,1657.0,-1020.3070948401163,199.2805719434195,1039.586126367207,2289.0,2.201837771728275,9.691926634995031,-2289.0,-163.0
M03_Aug_2019_OP05_006,M03,OP05,good,Aug,2019,45056,0,14.538862748579545,315.2454902903808,315.5805724033794,5803.0,18.38833092863057,21.80362597253728,-5803.0,5188.0,15.986794211647727,175.05062700764742,175.7791216411553,2453.0,13.955013411704732,13.01168457804763,-2453.0,1711.0,-1020.3633034446023,197.7749992551813,1039.3537517836594,2322.0,2.2340805486247213,9.887587771628297,-2322.0,610.0
M03_Aug_2019_OP05_007,M03,OP05,good,Aug,2019,46080,0,13.126909722222223,312.4890637611359,312.76465709726006,2434.0,7.782209225907203,14.044037928123398,-1994.0,2434.0,16.197395833333335,177.96558488354017,178.70116125734108,2086.0,11.673119443225255,14.04644224357606,-2086.0,1994.0,-1020.1245659722222,198.34226821344632,1039.227494565107,2016.0,1.9399024857821434,9.688641597639968,-2016.0,-58.0
M03_Aug_2019_OP05_008,M03,OP05,good,Aug,2019,46080,0,13.459830729166667,313.68515451676615,313.9737938227732,2283.0,7.271307494181093,13.891616094126286,-2145.0,2283.0,16.280989583333334,180.41540509968823,181.14852751015457,1952.0,10.775687922114507,12.142513731822744,-1758.0,1952.0,-1020.2939453125,199.86725203385117,1039.6858435493434,1996.0,1.9198106931858692,9.487874227774322,-1996.0,-109.0
M03_Aug_2019_OP05_009,M03,OP05,good,Aug,2019,37888,0,11.286080025337839,331.9296956450233,332.12151157872347,2424.0,7.298533565253373,12.305868583542127,-2424.0,2131.0,16.404455236486488,191.18575214007734,191.8882434464732,2414.0,12.580239188407495,11.039523317451517,-1733.0,2414.0,-1020.540355785473,218.8478546994366,1043.7418269348439,2002.0,1.9180988519730713,7.938278339103283,-2002.0,-95.0
M03_Aug_2019_OP05_010,M03,OP05,good,Aug,2019,37888,0,11.592588682432432,329.68324558541724,329.88699660958844,2123.0,6.43553708336224,12.380234757862551,-2123.0,2053.0,17.4345703125,198.99523449565228,199.75752199594675,2127.0,10.647909419116436,8.965296938992203,-1296.0,2127.0,-1020.6826171875,232.47126546088035,1046.8218063709353,2090.0,1.9965193572395077,7.044588696476328,-2090.0,-64.0
M03_Aug_2019_OP05_011,M03,OP05,good,Aug,2019,45056,0,15.280739524147727,317.02460480476793,317.3926606776284,5774.0,18.19197705351031,24.22997167365087,-5774.0,5319.0,16.502752130681817,169.18580980142636,169.98876158749772,3025.0,17.79529406385464,16.514133807734137,-3025.0,2080.0,-1019.97265625,197.82487632234228,1038.979740509713,2441.0,2.3494202098709547,10.197008600785535,-2441.0,1214.0
M03_Aug_2019_OP05_012,M03,OP05,good,Aug,2019,46080,0,13.3841796875,310.8843467224494,311.1723209139132,2172.0,6.980055274906313,14.26984734226149,-1899.0,2172.0,17.489453125,182.18862080810064,183.02615802821586,1805.0,9.861978306520186,11.288177357464226,-1805.0,1663.0,-1020.4091579861112,210.38740368585033,1041.8722135327332,2100.0,2.0156022712991017,8.565823425153635,-2100.0,-46.0
M03_Aug_2019_OP05_013,M03,OP05,good,Aug,2019,45056,0,13.524569424715908,314.6603415850857,314.9508605236169,2297.0,7.2932012193303954,13.946576406284544,-1991.0,2297.0,17.363170276988637,190.45798677807102,191.24780890149717,1639.0,8.570032825025319,8.910386112431627,-1419.0,1639.0,-1020.5801447088069,221.73782434236196,1044.3904894807945,2117.0,2.027019607438631,7.680775820923406,-2117.0,-13.0
M03_Aug_2019_OP05_014,M03,OP05,good,Aug,2019,44032,0,14.678756359011627,325.0024727030507,325.3337872882933,7085.0,21.777633546932073,34.27807099000488,-7085.0,6435.0,16.7763671875,172.57914830395129,173.39264380396025,2119.0,12.220818331807468,11.62225017305323,-2119.0,1616.0,-1019.9330032703489,200.92459531916637,1039.5354848028248,2990.0,2.8762846903365995,10.030016808672446,-2990.0,1013.0
M03_Aug_2019_OP05_015,M03,OP05,good,Aug,2019,44032,0,14.525095385174419,321.184500743909,321.5127709968338,4790.0,14.898319544660236,19.419393075313966,-4790.0,4491.0,16.679278706395348,175.02268792234088,175.8156410156012,2473.0,14.065870281589769,13.19575243168046,-2473.0,1817.0,-1019.9447447311046,200.94531774842775,1039.5510103066683,3265.0,3.1407790167380267,10.124083535839862,-3265.0,1237.0
M03_Aug_2019_OP05_016,M03,OP05,good,Aug,2019,45056,0,13.383234197443182,323.20417712677573,323.4811448443013,5760.0,17.806292860662456,17.460215136513128,-5760.0,4163.0,17.943181818181817,183.92666953245842,184.79983100387972,1747.0,9.453471848485204,8.895403692455918,-1290.0,1747.0,-1019.2325772372159,201.4390502321544,1038.9478993000803,2024.0,1.948124637783599,9.407190867216588,-2024.0,245.0
M03_Aug_2019_OP05_017,M03,OP05,good,Aug,2019,45056,0,13.165638316761363,331.6156560442477,331.87690092253274,7064.0,21.285000493749006,25.384193321334738,-7064.0,5317.0,17.805197975852273,190.58369029054853,191.41360474042332,2213.0,11.561351676131157,9.956778296821609,-2213.0,2082.0,-1019.0384854403409,202.69612401159876,1039.0019987939722,3154.0,3.0356053247838064,9.621038381706162,-3154.0,894.0
M03_Aug_2019_OP05_018,M03,OP05,good,Aug,2019,44032,0,14.501271802325581,317.5564542750242,317.88738341684854,4675.0,14.706466012429411,17.50181067404698,-4675.0,4290.0,15.643736373546512,170.2618529539807,170.97901935339308,2000.0,11.697341624507978,13.09647543626512,-1700.0,2000.0,-1019.8256949491279,198.72214107490902,1039.0067071159203,1905.0,1.8334819082043348,9.698160526218343,-1905.0,-163.0
M03_Aug_2019_OP05_019,M03,OP05,good,Aug,2019,41984,0,3.3647580030487805,309.7480990469265,309.76637399757203,1858.0,5.998068725221167,13.381245895430341,-1840.0,1858.0,4.835508765243903,116.73771793662651,116.83782321692802,780.0,6.675920335761527,7.600569404153695,-780.0,745.0,-1032.1188548018292,129.5064596370116,1040.2121194858057,1998.0,1.9207620855135248,6.865187607770162,-1998.0,-361.0
M03_Aug_2019_OP05_020,M03,OP05,good,Aug,2019,40960,0,3.465869140625,313.38340456844963,313.40256940205916,1821.0,5.810418221759593,13.070201310424872,-1821.0,1762.0,4.6374755859375,116.90837840916342,117.00032103404808,1126.0,9.623905217083331,7.894634635608627,-1126.0,1034.0,-1031.96162109375,129.83049981922412,1040.0965080672802,2010.0,1.9325129777956913,6.573797979648117,-2010.0,-390.0
M03_Aug_2020_OP05_000,M03,OP05,good,Aug,2020,41984,0,11.260670731707316,428.6623758062599,428.8102554011449,2523.0,5.883721222198325,8.77643705455341,-2264.0,2523.0,18.511837842987806,219.73261483150068,220.5110204978738,2539.0,11.514163755931108,13.973485514822215,-2336.0,2539.0,-1020.8283870045732,249.92749761030012,1050.9778065097785,2231.0,2.122785073272851,6.5240432677793505,-2231.0,76.0
M03_Aug_2020_OP05_001,M03,OP05,good,Aug,2020,37888,0,9.75171558277027,337.1798785000061,337.3208656784904,2322.0,6.8836536255458345,11.650280753111659,-2065.0,2322.0,13.555268158783784,210.08232230225929,210.51918544105877,1752.0,8.32228186865432,8.101821583474027,-1702.0,1752.0,-1021.5343644425676,221.06961191518008,1045.181434512405,2016.0,1.9288517126602984,8.010569159546398,-2016.0,-46.0
M03_Aug_2020_OP05_002,M03,OP05,good,Aug,2020,45056,0,11.557506214488637,319.5875091129696,319.79642263623026,2155.0,6.738661997014649,13.39130171445318,-2129.0,2155.0,13.156205610795455,188.95528929993898,189.41274270887152,1571.0,8.294056553600704,9.725186968302511,-1567.0,1571.0,-1021.4493741122159,201.39388232766188,1041.1139801737588,2028.0,1.9479135220732824,9.634477590069883,-2028.0,-5.0
M03_Aug_2020_OP05_003,M03,OP05,good,Aug,2020,38912,0,8.506578947368421,457.7933525701038,457.87237910007536,2318.0,5.062546040789597,7.507218096763712,-2274.0,2318.0,12.93737150493421,252.92570992347723,253.25637271695976,2586.0,10.210996755016005,9.60067514632456,-2586.0,2129.0,-1020.881193462171,271.4003373934308,1056.341116449613,2303.0,2.1801669594576003,5.691451120874607,-2303.0,298.0
M03_Aug_2021_OP05_000,M03,OP05,good,Aug,2021,38912,0,13.619037828947368,325.606489263581,325.8911843575103,2219.0,6.809021251601899,14.067486511723862,-2162.0,2219.0,18.19564658717105,189.0151011391372,189.88888859900015,3043.0,16.02516093727889,40.61883976332118,-3043.0,2713.0,-1022.1423468338816,208.8785640914993,1043.2666158408415,1992.0,1.9093872743109948,8.799042294203886,-1992.0,-179.0
M03_Aug_2021_OP05_001,M03,OP05,good,Aug,2021,37888,0,8.880938555743244,330.7978011230993,330.91699306247244,2678.0,8.09266388896031,14.398950941217272,-2678.0,2260.0,0.5547402871621622,219.34504013993757,219.34574162900228,3111.0,14.183088200827228,29.682700374298058,-3111.0,2929.0,-1019.675121410473,219.93007721487663,1043.1234788303848,2002.0,1.9192358724824865,7.848533697354561,-2002.0,-142.0
M03_Feb_2020_OP05_000,M03,OP05,good,Feb,2020,45056,0,13.513449928977273,328.56231429819053,328.8400944318772,2397.0,7.289257120976057,12.395512036081351,-1862.0,2397.0,22.594371448863637,222.78728364878984,223.9300769811317,2295.0,10.248734921809437,9.03887333986894,-2287.0,2295.0,-1021.1703213778409,215.77194849415315,1043.7175666912417,2115.0,2.026410273715045,8.146396747838788,-2115.0,-7.0
M03_Feb_2020_OP05_001,M03,OP05,good,Feb,2020,40960,0,11.7956298828125,403.0139810252251,403.18656449109614,2422.0,6.007144615686932,7.5969825549549626,-2235.0,2422.0,21.8227783203125,214.9531124238922,216.05803432026298,2344.0,10.848936987575696,10.842650026225652,-2160.0,2344.0,-1021.1729736328125,240.3896834094439,1049.0860031321424,2217.0,2.113268114702649,6.605256253375737,-2217.0,52.0
M03_Feb_2020_OP05_002,M03,OP05,good,Feb,2020,45056,0,13.95751953125,316.07103331016197,316.37906133184407,2143.0,6.773520317617503,13.90496949724739,-2035.0,2143.0,21.779541015625,173.51857922488875,174.88008961306969,1873.0,10.710195792694865,16.083914517875623,-1852.0,1873.0,-1020.7246759588069,195.8778904951936,1039.3493214968962,1928.0,1.8550067432797737,10.052002192440964,-1928.0,-109.0
M03_Feb_2020_OP05_003,M03,OP05,good,Feb,2020,47104,0,14.262780230978262,307.4480562716991,307.7787097983924,2022.0,6.569655195853191,14.64032538116821,-2022.0,2004.0,21.897291100543477,168.2366094189252,169.65567513737327,1639.0,9.660743730929555,14.72842869789485,-1456.0,1639.0,-1020.544284986413,191.42414998496844,1038.3418718398564,1912.0,1.8413973777365766,10.564005958016878,-1912.0,-163.0
M03_Feb_2020_OP05_004,M03,OP05,good,Feb,2020,40960,0,12.6054443359375,337.0683580415405,337.30398043860464,2201.0,6.5252713506018685,12.101895248175625,-1977.0,2201.0,20.3313232421875,191.9942943114492,193.06779056313275,1948.0,10.089720270367978,13.560060661450768,-1948.0,1932.0,-1020.3881103515625,209.44049752182823,1041.6607978363318,2030.0,1.948810979751355,8.748059235330407,-2030.0,-87.0
M03_Feb_2020_OP05_005,M03,OP05,good,Feb,2020,39936,0,12.280148237179487,340.04412228518106,340.26578896713414,2084.0,6.12462394860769,11.743925102661093,-1914.0,2084.0,20.422901642628204,196.22408463687754,197.2840244497383,2045.0,10.365765832808226,12.112312586826652,-2045.0,1850.0,-1020.5331029647435,212.8717703946593,1042.498059891626,2010.0,1.928061142107978,8.460458490433176,-2010.0,-70.0
M03_Feb_2020_OP05_006,M03,OP05,good,Feb,2020,39936,0,11.69403545673077,406.1580205421559,406.32633204849714,2418.0,5.950881863377241,7.554349650830691,-2365.0,2418.0,21.47999298878205,217.46300272102346,218.52127505403675,2121.0,9.70614874673192,10.419737603491548,-2117.0,2121.0,-1021.2553585737179,242.18138628828365,1049.5781682562038,2272.0,2.164679171799809,6.513509252070339,-2272.0,25.0
M03_Feb_2021_OP05_000,M03,OP05,good,Feb,2021,46080,0,12.962586805555556,316.9064484688749,317.1714453380809,2590.0,8.16593056553138,16.012162841963512,-2590.0,2039.0,13.182638888888889,182.57489348166635,183.05019447658793,2670.0,14.586163143036115,22.351541194976775,-2182.0,2670.0,-1021.9320095486111,200.01840681279927,1041.322426150514,2172.0,2.0858092992669848,10.025151451443744,-2172.0,-58.0
M03_Feb_2021_OP05_001,M03,OP05,good,Feb,2021,46080,0,13.056749131944445,312.267375382573,312.54022529302574,2320.0,7.423044498751663,15.645655144770354,-2270.0,2320.0,13.436002604166667,170.55263545278004,171.08105571882604,2277.0,13.309480646076205,24.99221234101802,-2277.0,2240.0,-1022.5468967013888,197.59731058305863,1041.46380306917,2104.0,2.0202334385502025,10.41078580595005,-2104.0,-5.0
M03_Feb_2021_OP05_002,M03,OP05,good,Feb,2021,46080,0,13.423763020833333,314.62540751265834,314.9116454914709,2441.0,7.751380537834421,15.35043153888695,-2295.0,2441.0,16.654166666666665,188.10354556511334,188.83936327346527,3119.0,16.516683523674356,43.21924907630328,-3119.0,2846.0,-1022.2351996527777,196.45697777601902,1040.9419520444171,2164.0,2.0788863353522156,10.501729853777784,-2164.0,-17.0
M03_Feb_2021_OP05_003,M03,OP05,good,Feb,2021,46080,0,12.838151041666666,314.56407373889084,314.82594335501483,2322.0,7.375503985647036,15.015931925393943,-2160.0,2322.0,17.787890625,181.116143870106,181.98754524215082,3146.0,17.286897275382024,42.66589918238353,-3146.0,2963.0,-1022.27421875,199.5113132807105,1041.5610123501729,2209.0,2.120855114397594,10.249619591856497,-2209.0,-72.0
M03_Aug_2019_OP06_000,M03,OP06,good,Aug,2019,184320,0,10.577067057291666,332.42389056594897,332.5921186175891,4780.0,14.371958120559054,9.541334576871293,-4780.0,4095.0,19.670377604166667,232.0967296947841,232.92877814925353,2623.0,11.260952900887425,5.36047600025964,-2006.0,2623.0,-1019.8782497829861,217.00889852210844,1042.710173738698,2750.0,2.63735798236217,5.537712780797291,-2750.0,27.0
M03_Aug_2019_OP06_001,M03,OP06,good,Aug,2019,184320,0,10.37482638888889,330.1659662127451,330.3289304129978,4731.0,14.322087968755898,9.24914740880763,-4731.0,4294.0,19.50254448784722,221.7525113870407,222.60845794344849,2992.0,13.440639352347018,5.436094708210129,-2992.0,1918.0,-1020.1424045138889,216.2481930591245,1042.8105324020828,3763.0,3.608517446915349,5.7743683047368854,-3763.0,1663.0
M03_Aug_2019_OP06_002,M03,OP06,good,Aug,2019,179200,0,9.310518973214286,303.7830970006063,303.92574057955403,2174.0,7.1530630997374995,10.948838340008834,-1977.0,2174.0,18.753404017857143,163.8616665485931,164.93130668960117,1918.0,11.629083880416069,8.950724799866883,-1918.0,1745.0,-1020.6735435267857,165.2822984660358,1033.9694002443887,1930.0,1.8665929567585131,10.77311894590754,-1930.0,-122.0
M03_Aug_2019_OP06_003,M03,OP06,good,Aug,2019,186368,0,9.601460551167582,306.15338979110595,306.3039113777369,2277.0,7.433793416996174,11.112283539035316,-2090.0,2277.0,18.814758971497252,168.63845936452745,169.68478167471858,1750.0,10.31324072040064,8.605134895232757,-1694.0,1750.0,-1020.5356713598901,164.24525938612794,1033.6680133141385,1952.0,1.888420629116221,10.75945630100092,-1952.0,-105.0
M03_Aug_2019_OP06_004,M03,OP06,good,Aug,2019,183296,0,9.494969884776536,305.4838125167539,305.6313370105953,2358.0,7.715177452233098,11.171016723415747,-2358.0,2207.0,18.495149921438546,171.99092940988783,172.98251463628773,3306.0,19.11175824302925,10.62517342924381,-3306.0,2904.0,-1020.567781075419,165.9247933679803,1033.967907056796,1940.0,1.876267132431834,10.536581273720309,-1940.0,-101.0
M03_Aug_2019_OP06_005,M03,OP06,good,Aug,2019,184320,0,9.648247612847221,378.2313504964121,378.35438834555436,5733.0,15.152460699792389,7.612124843873971,-5733.0,5163.0,18.177528211805555,293.9536831419064,294.5151784960893,2315.0,7.860375861853041,3.8368469896335613,-2315.0,2256.0,-1020.6387749565972,225.0451118727002,1045.1549221635516,2170.0,2.076247218458228,5.204231249669484,-2170.0,203.0
M03_Aug_2019_OP06_007,M03,OP06,good,Aug,2019,183296,0,9.423604443086592,314.79476110854034,314.93578066342786,2041.0,6.480686302777449,10.081799599606036,-1987.0,2041.0,17.19698193086592,183.35600074315522,184.16068851971224,2176.0,11.81576816143954,7.261244390229414,-2176.0,1848.0,-1020.3765494064246,176.04795303572536,1035.4521642000805,2030.0,1.9604961679405433,9.006500566278959,-2030.0,-44.0
M03_Aug_2019_OP06_008,M03,OP06,good,Aug,2019,186368,0,9.730393629807692,326.77090058991905,326.91574148783013,2094.0,6.405320191894008,9.414808881188963,-2094.0,2039.0,17.33297561813187,185.28848611248685,186.09743450578782,1811.0,9.731461397140734,6.905769652867075,-1633.0,1811.0,-1020.499495621566,176.85778833325634,1035.7113004394619,2035.0,1.9648332495131904,8.862290693169264,-2035.0,-44.0
M03_Aug_2019_OP06_009,M03,OP06,good,Aug,2019,186368,0,9.565767728365385,329.52412579025815,329.66293906059104,2192.0,6.649215730000869,9.09244175028822,-2057.0,2192.0,17.304505065247252,181.66016031127006,182.4824915981517,2055.0,11.261354346943904,7.351310660266914,-2055.0,1944.0,-1020.5945763221154,177.5270804865893,1035.9194725094274,2053.0,1.9818142765738163,8.796097119256201,-2053.0,0.0
M03_Aug_2019_OP06_010,M03,OP06,good,Aug,2019,183296,0,9.213136129539107,322.12975799513663,322.2614821280178,2137.0,6.631261005468474,9.432920147399631,-2004.0,2137.0,18.784185143156424,177.26535438070553,178.25782304069995,1743.0,9.777971986127291,7.287083779563924,-1743.0,1717.0,-1020.5592375174581,182.83722873859412,1036.8078942094453,2051.0,1.9781870985500791,8.215761765802943,-2051.0,40.0
M03_Aug_2019_OP06_011,M03,OP06,good,Aug,2019,187392,0,9.59970543032787,331.17911686745987,331.3182183241056,2127.0,6.41980996625819,8.802218786405788,-1936.0,2127.0,18.761457266051913,179.34037169649798,180.319053898871,1579.0,8.756700780415343,7.307973283371337,-1501.0,1579.0,-1020.5595329576503,182.6709116685787,1036.7788685542193,2063.0,1.9898167898395138,8.153079414351014,-2063.0,33.0
M03_Aug_2019_OP06_012,M03,OP06,good,Aug,2019,185344,0,10.56362223756906,319.3870873474098,319.56173375271334,4719.0,14.767099754352024,9.770023945139014,-4719.0,3837.0,18.47597440435083,247.37991312680808,248.0689078639589,2473.0,9.969004262945335,4.827515626542405,-2303.0,2473.0,-1020.253080757942,220.9669057192798,1043.9074299090053,2576.0,2.467651753589438,5.4012665487377785,-2576.0,396.0
M03_Aug_2019_OP06_013,M03,OP06,good,Aug,2019,186368,0,9.621190333104396,332.78389236276746,332.9229435162735,2428.0,7.292978892820938,8.872424003707735,-2428.0,2356.0,18.85378927712912,181.92540485112463,182.8997493173569,1752.0,9.57901804971877,7.724556391403664,-1752.0,1731.0,-1020.556882082761,188.7783030668429,1037.8697400325743,2188.0,2.108164363604365,7.494541964367011,-2188.0,-40.0
M03_Aug_2019_OP06_014,M03,OP06,good,Aug,2019,185344,0,10.318607562154696,328.6507781553888,328.8127242735055,8007.0,24.35124740896523,15.413002100346,-8007.0,6759.0,18.75390625,232.985535032867,233.73910356246574,1817.0,7.7736244056160455,4.910565903239812,-1817.0,1672.0,-1020.174130265884,218.22941703665774,1043.2542041726515,2494.0,2.390596644638357,5.538815481879239,-2494.0,575.0
M03_Aug_2019_OP06_015,M03,OP06,good,Aug,2019,184320,0,10.187684461805556,326.38654762125105,326.5455058377201,4991.0,15.284240360914124,9.73544788194428,-4991.0,4253.0,18.75798068576389,239.0123861412874,239.7473306803631,2968.0,12.37969987643787,5.02326240637338,-2510.0,2968.0,-1020.2739691840278,218.9959236819802,1043.5124277093464,2840.0,2.7215775534501216,5.610161279528957,-2840.0,1713.0
M03_Aug_2019_OP06_016,M03,OP06,good,Aug,2019,185344,0,10.105592843577348,327.81446080694,327.9701872440009,5020.0,15.306269274607136,9.550991178530046,-5020.0,4460.0,18.90225202866022,238.5539883848748,239.30169348771014,2494.0,10.421990599611386,5.004399592882114,-2494.0,2287.0,-1019.9997356267265,216.61321746761476,1042.7467317907374,3216.0,3.0841621478660266,5.765017856618099,-3216.0,1782.0
M03_Aug_2019_OP06_017,M03,OP06,good,Aug,2019,185344,0,10.17077973929558,329.7571617157834,329.913974337788,6427.0,19.480835914575742,10.484792112263023,-6427.0,5871.0,18.7075869734116,238.15546976978558,238.8890989384719,2106.0,8.815806201949885,5.166510831437836,-2106.0,1848.0,-1019.8719731957873,219.25665213000633,1043.1741567032454,3302.0,3.1653391514561156,5.604177607311274,-3302.0,1081.0
M03_Aug_2019_OP06_018,M03,OP06,good,Aug,2019,184320,0,9.23049587673611,384.2062466927573,384.31711131807066,5004.0,13.020497533503164,7.549390026403193,-5004.0,4920.0,18.841015625,286.39561924413647,287.0146940350161,2391.0,8.330583937658243,4.472598455572322,-2391.0,1930.0,-1020.1294325086806,234.0227273582328,1046.6282510952342,2266.0,2.165047616122311,4.867768015154041,-2266.0,634.0
M03_Aug_2021_OP06_000,M03,OP06,good,Aug,2021,155648,0,9.059467516447368,319.71541643623385,319.8437453799527,2166.0,6.7720567661154005,11.816596769316414,-2026.0,2166.0,18.510909231085527,246.62386517007766,247.3175784937054,2869.0,11.600469394346023,7.132887073067755,-2869.0,2691.0,-1022.4882555509869,204.51524702889503,1042.7409644811073,2141.0,2.0532424378909986,8.37878377997837,-2141.0,150.0
M03_Aug_2021_OP06_001,M03,OP06,good,Aug,2021,187392,0,10.010507385587431,300.146351326061,300.3132405879969,2379.0,7.9217286435391525,12.613782162786041,-2127.0,2379.0,19.70377070525956,220.75496572799594,221.63256410909952,3552.0,16.026525769252544,7.675077415105597,-2646.0,3552.0,-1022.2291720030738,166.14925256871547,1035.6437873242096,1953.0,1.885783532816782,9.957579152472977,-1953.0,-138.0
M03_Aug_2021_OP06_002,M03,OP06,good,Aug,2021,184320,0,6.024614800347222,299.31422101916786,299.3748467854369,2346.0,7.836329688984818,12.656037372011886,-2264.0,2346.0,2.2711751302083334,222.57200590548234,222.58359339641848,3619.0,16.259059999784476,11.421892533305067,-3131.0,3619.0,-1019.9049696180556,169.69977030413187,1033.9265733565812,1963.0,1.898587434141708,9.571893793467899,-1963.0,-142.0
M03_Aug_2021_OP06_003,M03,OP06,good,Aug,2021,149504,0,8.758334225171232,322.102452869967,322.221505432597,2268.0,7.0386363472391675,11.777853572702845,-2256.0,2268.0,15.046079034674657,223.50112065378323,224.00699861346885,2486.0,11.097867546047842,8.063918230289493,-2486.0,2447.0,-1023.0602793236301,191.86668573098802,1040.8963253961165,1899.0,1.8243891861923227,7.843968537924618,-1899.0,-136.0
M03_Feb_2020_OP06_000,M03,OP06,good,Feb,2020,187392,0,10.287509605532787,336.75434803717724,336.9114479738381,2457.0,7.292717462633657,8.724624200933656,-2248.0,2457.0,23.279131446379782,250.94994429882777,252.02736459456656,2324.0,9.221220892971647,4.568366493530429,-2324.0,2184.0,-1021.3163742315573,206.64008063894886,1042.011160784742,2153.0,2.066196679101372,6.284753260146936,-2153.0,187.0
M03_Feb_2020_OP06_001,M03,OP06,good,Feb,2020,186368,0,10.142749828296703,340.44502242748285,340.59607847086073,2317.0,6.802779440099243,8.541355886250109,-2143.0,2317.0,23.293161916208792,248.91446061065702,250.00196017861347,2287.0,9.147928273706562,4.7602794912028115,-2279.0,2287.0,-1021.1834649725274,211.36352944356835,1042.827987115871,2178.0,2.088551541490224,5.9901803817491714,-2178.0,181.0
M03_Feb_2020_OP06_002,M03,OP06,good,Feb,2020,183296,0,10.065587901536313,358.11912139723233,358.26054927961184,2281.0,6.366874624031647,7.1342107203748935,-2235.0,2281.0,22.373925235684357,231.81796747157844,232.89517507476575,1987.0,8.531735358459523,4.570187743122708,-1987.0,1717.0,-1021.2441897259079,199.60452491759958,1040.56795136911,2217.0,2.130567251358279,6.676540897384467,-2217.0,37.0
M03_Feb_2020_OP06_003,M03,OP06,good,Feb,2020,188416,0,10.941353175951088,302.37611919075977,302.5740085767207,2268.0,7.4956867930211715,11.547874234832124,-2164.0,2268.0,22.098802649456523,179.1613697821733,180.51912225790448,2344.0,12.98477397120937,9.530808715225616,-2229.0,2344.0,-1020.8614555027174,163.37897935088677,1033.8524083373138,1992.0,1.9267740578209036,10.952637127629309,-1992.0,-142.0
M03_Feb_2020_OP06_004,M03,OP06,good,Feb,2020,186368,0,10.85657945570055,308.4362316676936,308.627241705662,2621.0,8.492445402793216,10.926437899174251,-2028.0,2621.0,22.177943638392858,182.9868592099969,184.32593910670025,1819.0,9.868388620806323,7.695184227473573,-1754.0,1819.0,-1020.7026259872939,168.27074561113284,1034.480011660875,2033.0,1.9652385518169502,10.107762620935304,-2033.0,-119.0
M03_Feb_2020_OP06_005,M03,OP06,good,Feb,2020,186368,0,10.70738538804945,307.97631677423647,308.16239192294876,2426.0,7.872472642951784,10.975128091687383,-2117.0,2426.0,22.342542711195055,182.5223110006165,183.88470090740924,2114.0,11.496334331067892,7.358979164778173,-2063.0,2114.0,-1020.7425309065934,168.56964255943535,1034.5680445452651,1965.0,1.8993434123162944,10.094993235618022,-1965.0,-113.0
M03_Feb_2020_OP06_009,M03,OP06,good,Feb,2020,185344,0,10.162789191988951,356.6648233091442,356.8095829294721,2414.0,6.765513359200213,7.322158267122322,-2125.0,2414.0,22.18061010877072,229.11445519210963,230.18560563765607,2158.0,9.375043213592557,4.742551557557865,-2158.0,1938.0,-1021.2471836153314,196.5673217543183,1039.9925586387203,2194.0,2.1096304793486187,6.855174369891517,-2194.0,35.0
M03_Feb_2021_OP06_000,M03,OP06,good,Feb,2021,189440,0,8.515023226351351,301.3136543230023,301.43394616736026,2771.0,9.192727080783074,13.082105447449193,-2771.0,2443.0,13.814875422297296,196.7257077891896,197.2101794738071,3129.0,15.86632093915611,9.340692080700522,-3129.0,2980.0,-1022.3324852195946,167.58658096752907,1035.9773030600907,2192.0,2.115876470966329,10.896856851451503,-2192.0,201.0
M03_Feb_2021_OP06_001,M03,OP06,good,Feb,2021,189440,0,8.830152027027028,299.7352422566498,299.86528147732105,2399.0,8.00025927703617,12.874369476651928,-2399.0,2256.0,14.768422719594595,207.70173491774588,208.22611987324314,2281.0,10.95443742306945,6.393429150423973,-2281.0,2242.0,-1022.8025021114864,171.6959369577812,1037.1135198681618,2242.0,2.1617691381412167,10.431533120797765,-2242.0,9.0
M03_Feb_2021_OP06_002,M03,OP06,good,Feb,2021,156672,0,9.329497293709151,317.9470050693752,318.08385302045536,2303.0,7.240229197839534,11.850820914281025,-2129.0,2303.0,17.028633067810457,248.95748009780846,249.53917776735744,2648.0,10.611560171400022,6.530561684527738,-2648.0,2584.0,-1022.5365476919935,203.9134716518468,1042.6704634192765,2096.0,2.010222859029201,7.7321663740003235,-2096.0,-37.0
M03_Feb_2021_OP06_003,M03,OP06,good,Feb,2021,184320,0,8.813975694444444,305.08434759088794,305.21164019824016,2178.0,7.136031897686968,12.126504326785465,-2178.0,2078.0,17.981873914930556,212.0622715429122,212.8232947809809,3472.0,16.314003613058798,9.660812539191022,-2644.0,3472.0,-1022.4938693576389,171.1907558123676,1036.7256087073213,2246.0,2.1664363078679094,10.798223773117911,-2246.0,91.0
M03_Feb_2021_OP06_004,M03,OP06,good,Feb,2021,190464,0,9.644016717069892,310.31428293599544,310.46410622247487,2203.0,7.09582832877098,11.297216114614445,-2203.0,2201.0,19.089155955981184,227.98758891610532,228.78535043767727,3455.0,15.10149139090602,7.851690244193823,-2699.0,3455.0,-1022.4116420950941,174.7790396972538,1037.2431145151463,2219.0,2.139324878562592,9.970420399427343,-2219.0,181.0
M03_Feb_2021_OP06_005,M03,OP06,good,Feb,2021,157696,0,9.683283025568182,317.8107879932035,317.95827231731874,2533.0,7.966454156198505,11.997402076422686,-2533.0,2131.0,20.104739498782468,273.0596212341539,273.79875328213876,2900.0,10.59172098205891,5.8377093862565275,-2900.0,2744.0,-1022.7296126724838,203.86477743447048,1042.8502807764953,2059.0,1.974396553325843,7.874996398154759,-2059.0,17.0
M03_Aug_2019_OP07_000,M03,OP07,bad,Aug,2019,29472,1,9.296416938110749,562.0541899819838,562.131066428632,2451.0,4.360193105091761,4.620353855029571,-2451.0,2250.0,16.718105320304016,293.2551671123699,293.73131954833275,3027.0,10.30533619858646,5.933526773844484,-2426.0,3027.0,-1015.6406419652552,275.23672782957317,1052.2742845655434,2133.0,2.027038036837192,4.446815364271444,-2133.0,273.0
M03_Aug_2021_OP07_000,M03,OP07,bad,Aug,2021,40000,1,7.382725,479.6169069648967,479.6737246035059,2389.0,4.980468759206535,6.795552175777075,-2375.0,2389.0,9.6704,266.25139720542313,266.42695650027605,2742.0,10.291751390393408,7.696142629693734,-2742.0,2639.0,-1024.942125,236.25579363368928,1051.8189766423689,2008.0,1.909073751844605,6.024638007333665,-2008.0,54.0
M03_Feb_2021_OP07_000,M03,OP07,bad,Feb,2021,36000,1,1.4540555555555557,541.7725842600147,541.7745355157746,2894.0,5.341705470237511,5.864386234054659,-2894.0,2361.0,12.823166666666667,348.40181377410096,348.63771661202185,2600.0,7.457598177461061,5.7653490807331895,-2281.0,2600.0,-1021.6840833333333,269.1453792449017,1056.5403926521483,2106.0,1.9932981404652952,4.732829649961222,-2106.0,316.0
M03_Aug_2019_OP07_000,M03,OP07,good,Aug,2019,48128,0,13.534678357712766,439.97315632370504,440.18128743017934,4885.0,11.097700287350014,8.46991383889186,-4885.0,3894.0,17.956324800531913,192.48679170471627,193.32251441856695,2035.0,10.526451128159731,9.286133860735227,-1844.0,2035.0,-1019.6303399268617,210.2661573602641,1041.0849566824118,2039.0,1.9585337266783764,7.572305458708845,-2039.0,300.0
M03_Aug_2019_OP07_001,M03,OP07,good,Aug,2019,49152,0,13.582438151041666,442.1894535798786,442.3980057407565,7171.0,16.209385908041767,11.796607805897628,-7171.0,6349.0,17.88916015625,192.93769793515216,193.76526349067828,2262.0,11.673919046428159,10.19217930522044,-2262.0,2112.0,-1019.715576171875,207.33024899501132,1040.5794964517954,2457.0,2.3611843289032364,7.959885659983944,-2457.0,564.0
M03_Aug_2019_OP07_002,M03,OP07,good,Aug,2019,41984,0,10.820884146341463,470.11693362876,470.2414516163122,2326.0,4.946395074285947,6.682574887225693,-2326.0,2276.0,18.01195693597561,205.22241209016343,206.01133225327263,2309.0,11.208121294809597,12.536954927038995,-2106.0,2309.0,-1020.4409536966464,225.87334408728776,1045.140424799699,1911.0,1.8284624292149476,6.517316584241097,-1911.0,-171.0
M03_Aug_2019_OP07_003,M03,OP07,good,Aug,2019,45056,0,11.582919034090908,458.04039215789186,458.18682309894695,2248.0,4.906295612771337,6.888595312247312,-2248.0,2055.0,18.296630859375,201.5047249456912,202.33368695361358,1766.0,8.728156080133447,9.63660039720199,-1766.0,1493.0,-1020.1597345525569,215.2254731490294,1042.6158872252843,1905.0,1.827135020040583,7.278309128942213,-1905.0,-165.0
M03_Aug_2019_OP07_004,M03,OP07,good,Aug,2019,49152,0,12.366495768229166,449.50735851077127,449.67743502750574,2293.0,5.0992107261502735,7.217809065518086,-2244.0,2293.0,17.973286946614582,199.9437163401072,200.74991593412585,1667.0,8.303864000356592,9.648753920832275,-1667.0,1657.0,-1020.5118611653646,207.51805861413465,1041.3972361352683,1905.0,1.8292731475547699,7.7535590980291715,-1905.0,-148.0
M03_Aug_2019_OP07_005,M03,OP07,good,Aug,2019,48128,0,12.73622423537234,460.68298419394296,460.85900591570345,5621.0,12.196788883036707,8.161649352678095,-5621.0,5545.0,16.38268783244681,216.92852852308397,217.54626852190742,1700.0,7.814429599507499,6.588101470865442,-1510.0,1700.0,-1020.1971825132979,219.29027262722684,1043.499168603883,3129.0,2.9985649190179497,7.010132245311756,-3129.0,515.0
M03_Aug_2019_OP07_006,M03,OP07,good,Aug,2019,49152,0,12.861104329427084,455.6938260871401,455.87528024505684,6353.0,13.935829107875579,10.050709117074922,-5967.0,6353.0,16.666219075520832,214.07281538739474,214.72059320465482,2061.0,9.598520427128369,7.353630225667374,-2061.0,2018.0,-1020.0527954101562,215.24226949734413,1042.5147193217185,2924.0,2.8047565620007884,7.3195458351291585,-2924.0,952.0
M03_Aug_2019_OP07_007,M03,OP07,good,Aug,2019,49152,0,12.932902018229166,454.4273282154648,454.6113247419809,6851.0,15.070016137165856,9.591648941363799,-6851.0,6269.0,16.6123046875,213.41727033209733,214.06284110754453,1893.0,8.843197587240105,6.738421518737565,-1893.0,1764.0,-1020.182373046875,217.79995411284216,1043.172514154351,3693.0,3.5401622932844767,7.43774260401911,-3693.0,796.0
M03_Aug_2019_OP07_008,M03,OP07,good,Aug,2019,49152,0,11.421000162760416,446.7561253156722,446.90208631398264,2322.0,5.195768986338137,7.333305436899093,-2258.0,2322.0,16.909932454427082,206.2718034300341,206.96377148160963,1756.0,8.484576732580631,8.377994096686571,-1735.0,1756.0,-1020.0910237630209,214.40747914528913,1042.3800956826283,1987.0,1.90621444924921,7.276729717474436,-1987.0,-95.0
M03_Aug_2019_OP07_009,M03,OP07,good,Aug,2019,50176,0,11.774553571428571,445.9233272150986,446.0787529869477,2383.0,5.342106038549042,7.349455214049791,-2383.0,2117.0,16.824298469387756,208.6379042551529,209.31515021844308,2586.0,12.354576328092966,9.351016004853479,-1983.0,2586.0,-1020.3697185905612,213.98390764307075,1042.5658134366288,1946.0,1.8665488307019817,7.2109523026122275,-1946.0,-52.0
M03_Aug_2019_OP07_010,M03,OP07,good,Aug,2019,45056,0,10.614324396306818,459.8002993440505,459.9227969553895,2334.0,5.074764754977752,6.819933737310976,-2217.0,2334.0,16.720015092329547,219.7551810524523,220.39033214749645,2018.0,9.156481504140805,7.651365863017784,-2018.0,2006.0,-1020.3844549005681,226.8244555592318,1045.2912366620471,1998.0,1.9114290160704495,6.4453555465819115,-1998.0,-23.0
M03_Aug_2019_OP07_011,M03,OP07,good,Aug,2019,50176,0,11.855428890306122,454.0726692331731,454.2274101578545,2379.0,5.237464641716014,7.101527083545337,-2358.0,2379.0,18.289321588010203,222.69820513771154,223.4479578239817,2016.0,9.022235063737206,6.800521976211563,-1795.0,2016.0,-1020.9486407844388,227.59440586521546,1046.0092450359764,2131.0,2.0372668885222964,6.5470257654938475,-2131.0,-81.0
M03_Aug_2019_OP07_012,M03,OP07,good,Aug,2019,49152,0,13.731282552083334,445.59791869220084,445.80943604117033,8467.0,18.992419889510987,19.665275661146975,-8467.0,8046.0,17.067708333333332,200.02992434960365,200.7567615375878,2996.0,14.923532224039473,10.694274287181583,-2596.0,2996.0,-1019.6803385416666,207.66011660672146,1040.6107422266816,2801.0,2.691688530916437,8.180541953239398,-2801.0,946.0
M03_Aug_2019_OP07_013,M03,OP07,good,Aug,2019,46080,0,10.922699652777778,470.6573072653767,470.7840335546651,2879.0,6.115330586430572,6.74694587266712,-2879.0,2153.0,18.279969618055556,228.15667517499634,228.88780158878242,1655.0,7.230616872162356,6.1549562726469755,-1608.0,1655.0,-1020.6846137152778,240.40656461170343,1048.6145130521068,2127.0,2.0283907704167996,5.877929994240069,-2127.0,-60.0
M03_Aug_2019_OP07_014,M03,OP07,good,Aug,2019,50176,0,11.692083864795919,456.4283446489076,456.5780750584103,2578.0,5.6463508451872,7.12308268225441,-2578.0,2104.0,18.116689253826532,219.219103050777,219.96642828374263,1676.0,7.619344520328653,7.24322524140096,-1676.0,1641.0,-1020.9131855867347,227.312095981539,1045.9132475900547,2145.0,2.050839307124573,6.59248858809619,-2145.0,-60.0
M03_Aug_2019_OP07_015,M03,OP07,good,Aug,2019,48128,0,12.872693650265957,442.352661269515,442.5399226895082,4300.0,9.716637481805085,8.130772409981711,-4300.0,3542.0,17.196351396276597,201.5344328594436,202.26675982306585,2199.0,10.871781413434364,8.020064886659156,-1608.0,2199.0,-1019.7124958444149,210.2168854729237,1041.1554701960617,2974.0,2.856441794845453,7.713328156775894,-2974.0,-150.0
M03_Aug_2019_OP07_016,M03,OP07,good,Aug,2019,48128,0,13.042407746010639,450.75220806567813,450.94085806887983,8657.0,19.197639435630094,23.271279635221017,-8362.0,8657.0,17.12653756648936,199.93826795097604,200.67044944448762,2473.0,12.323687951295078,10.039269685490833,-2473.0,1983.0,-1019.6973487367021,212.02968749824583,1041.5081715480026,3082.0,2.9591702534788533,8.468025870460737,-3082.0,1165.0
M03_Aug_2019_OP07_017,M03,OP07,good,Aug,2019,48128,0,11.860517785904255,455.63289922923445,455.7872428471287,8196.0,17.982074155482547,19.94735334365938,-8196.0,7759.0,18.01911569148936,211.06202541927107,211.829806930914,2931.0,13.836579669620876,11.002449481746318,-2931.0,2371.0,-1019.320665724734,213.16248442774634,1041.3706661611534,3255.0,3.125688197074955,7.956627911496286,-3255.0,730.0
M03_Aug_2019_OP07_018,M03,OP07,good,Aug,2019,49152,0,12.508768717447916,440.7480890200971,440.925557514751,7031.0,15.946002403738596,11.028447105985427,-7031.0,6437.0,17.978271484375,200.74468806180917,201.5481283232344,1608.0,7.97824327805792,8.23881843649206,-1608.0,1585.0,-1019.2593383789062,210.39505441622063,1040.7476532740345,3736.0,3.5897270469427527,8.332284651934634,-3736.0,958.0
M03_Aug_2019_OP07_019,M03,OP07,good,Aug,2019,47104,0,12.583963145380435,455.8767405559815,456.05039053638575,6238.0,13.678313031731314,8.161477896288002,-6238.0,4362.0,16.64932914402174,206.19422745276376,206.86531752758373,1501.0,7.255928726669488,6.828192425244602,-1462.0,1501.0,-1019.7346722146739,216.61088072481726,1042.486966520517,2203.0,2.1132158681589073,7.066472662649668,-2203.0,210.0
M03_Aug_2019_OP07_020,M03,OP07,good,Aug,2019,50176,0,2.7323820153061225,401.7987368530876,401.808027356615,1991.0,4.95510259737279,9.333399172635534,-1991.0,1940.0,3.953224649234694,148.29920458989795,148.35188595742127,890.0,5.999249650627565,4.9469183042255915,-856.0,890.0,-1032.161431760204,150.81681729991377,1043.121725204566,2213.0,2.1215165464663386,5.972173038665766,-2213.0,-230.0
M03_Aug_2019_OP07_021,M03,OP07,good,Aug,2019,50176,0,2.572644292091837,401.9508289997483,401.9590618859569,1899.0,4.724361707607878,9.281177807471684,-1899.0,1883.0,3.5236766581632653,148.731305759149,148.77304060216272,940.0,6.318349051651601,4.804615136139359,-780.0,940.0,-1032.1143176020407,148.2518593640278,1042.7073311356442,2219.0,2.128113933545686,6.33445850154891,-2219.0,-351.0
M03_Aug_2020_OP07_000,M03,OP07,good,Aug,2020,45056,0,10.260276100852273,451.943977075599,452.0604292354898,2408.0,5.326721482949377,7.13717245878396,-2408.0,2143.0,19.69491299715909,232.20641231793232,233.04014143389816,2199.0,9.436142573848148,7.1071682567482535,-1674.0,2199.0,-1020.9737215909091,228.35176574102653,1046.1987713127155,2030.0,1.9403578513601791,6.574465159922753,-2030.0,-17.0
M03_Aug_2020_OP07_001,M03,OP07,good,Aug,2020,45056,0,10.655894886363637,432.12320935335237,432.25457332186835,2221.0,5.138175827572295,8.335575948008909,-2121.0,2221.0,18.634743430397727,210.72497395380103,211.54731931779915,1944.0,9.18943339139933,8.63643603499966,-1528.0,1944.0,-1020.9756747159091,209.63349329801486,1042.2751699402297,2024.0,1.9419056103160053,8.595409164478808,-2024.0,-52.0
M03_Aug_2020_OP07_002,M03,OP07,good,Aug,2020,49152,0,10.372395833333334,439.2985585969305,439.4209942420413,2184.0,4.970176729419105,7.639998226229861,-1971.0,2184.0,13.208964029947916,215.8149564630665,216.2188062216137,1725.0,7.9780294329807715,8.029767934464155,-1725.0,1547.0,-1021.3044026692709,212.79050386160657,1043.2365414637816,1989.0,1.9065666519015936,7.634234604668247,-1989.0,-64.0
M03_Aug_2020_OP07_003,M03,OP07,good,Aug,2020,49152,0,10.141682942708334,438.5993558647872,438.7165926858895,2201.0,5.016906213929918,7.685535698207548,-2100.0,2201.0,13.37896728515625,215.76599820776292,216.1803939958701,2172.0,10.04716459181536,8.52476152536912,-1637.0,2172.0,-1021.4145304361979,215.13404823639297,1043.8248424409037,2088.0,2.000335607186138,7.368056656433083,-2088.0,-31.0
M03_Aug_2020_OP07_004,M03,OP07,good,Aug,2020,51128,0,9.376329995305898,453.7311201942068,453.8279905392247,2309.0,5.087830737933365,7.23198024033791,-2127.0,2309.0,12.758488499452355,227.5117281506514,227.86918500509577,2065.0,9.062216990655498,6.355749295301924,-2065.0,2016.0,-1022.0284971053044,234.54596772065906,1048.5962330036036,2188.0,2.086599141914408,6.410705847661962,-2188.0,204.0
M03_Aug_2020_OP07_005,M03,OP07,good,Aug,2020,50288,0,9.088868119630925,457.72213832728,457.81236706602164,2346.0,5.124370088634326,7.040063084156572,-2346.0,2322.0,11.585944957047406,210.2028158750958,210.5218704134256,2123.0,10.08446293884253,8.225443683589436,-2123.0,1758.0,-1021.8991807190582,221.18625200137615,1045.562668436808,2244.0,2.1462128170231467,7.23275923710258,-2244.0,1.0
M03_Aug_2021_OP07_000,M03,OP07,good,Aug,2021,49152,0,11.449747721354166,442.7692804373316,442.91729749680695,2332.0,5.265091278167595,7.806335985245217,-2143.0,2332.0,17.893168131510418,208.01919017327177,208.78732946739441,3250.0,15.566078690170427,25.37359726540333,-3060.0,3250.0,-1022.3153686523438,212.1985481708953,1044.1058072957037,2123.0,2.033318831449369,7.938352241324523,-2123.0,60.0
M03_Aug_2021_OP07_001,M03,OP07,good,Aug,2021,49152,0,12.1553955078125,438.9321764781823,439.1004545520598,2190.0,4.987469216432691,8.093129081039963,-2190.0,2069.0,19.119405110677082,207.80575569664865,208.68345347066068,3049.0,14.610645689878169,26.993685426406245,-3049.0,2785.0,-1022.0061238606771,206.4113054494559,1042.64190603777,2178.0,2.0889242868405304,7.94612359440486,-2178.0,-66.0
M03_Aug_2021_OP07_002,M03,OP07,good,Aug,2021,46080,0,7.309396701388889,447.14747175875175,447.20721011672197,2449.0,5.47620866703112,8.192678218963698,-2449.0,2301.0,1.3528645833333333,246.37372501739495,246.37743935175513,3191.0,12.951672882045758,19.800481778767676,-3191.0,3078.0,-1018.9304470486111,222.9880042630084,1043.0450162710533,2131.0,2.043056595599727,6.704635357476334,-2131.0,-107.0
M03_Aug_2021_OP07_003,M03,OP07,good,Aug,2021,48128,0,11.046916555851064,442.33175725770644,442.46968014100406,2223.0,5.024073060309093,8.077540742256838,-2223.0,2153.0,14.50847739361702,210.25270326441822,210.7526871626471,2805.0,13.309438839255503,13.640385208533585,-2805.0,2551.0,-1022.8773271276596,213.31487707101874,1044.8833729807595,1924.0,1.8413538292904088,7.367004099361753,-1924.0,-150.0
M03_Aug_2021_OP07_004,M03,OP07,good,Aug,2021,49152,0,11.215861002604166,437.85249410518577,437.99612113826015,2475.0,5.6507349735609385,8.310854541407382,-2475.0,2149.0,14.32696533203125,203.72142457326999,204.2245841366503,2875.0,14.077639144934121,14.50370201218152,-2875.0,2467.0,-1023.0042317708334,209.78679571548653,1044.2931379060212,2356.0,2.256071513334049,7.710729556625858,-2356.0,201.0
M03_Feb_2020_OP07_000,M03,OP07,good,Feb,2020,49152,0,11.861165364583334,451.65486684610994,451.81058640716174,2344.0,5.188014779909648,7.11545167775795,-2114.0,2344.0,22.9244384765625,255.24205272688673,256.2694584996435,2131.0,8.315466120996874,6.016626841724822,-2059.0,2131.0,-1021.4213256835938,237.83568415611688,1048.745601763954,2115.0,2.01669498917816,6.074393852963375,-2115.0,121.0
M03_Feb_2020_OP07_001,M03,OP07,good,Feb,2020,46080,0,11.571918402777778,457.7156846261043,457.8619412533257,2350.0,5.132551514474518,6.941096215898198,-2350.0,2219.0,22.844921875,260.8080451421017,261.80665932385955,2221.0,8.483359459747673,6.17503401382584,-2221.0,2045.0,-1021.3456814236112,243.64695135844218,1050.0051608772803,2135.0,2.0333233393026426,5.784761348421423,-2135.0,87.0
M03_Feb_2020_OP07_002,M03,OP07,good,Feb,2020,49152,0,11.810831705729166,503.4239882816479,503.5625162012973,2828.0,5.6159859183591765,5.932734724108587,-2828.0,2426.0,21.835286458333332,234.77049419863673,235.78372437678897,2242.0,9.50871399595513,8.121260821275877,-2242.0,2192.0,-1020.9836629231771,257.17711594796333,1052.8759228528972,2295.0,2.1797440231907044,5.489278495609871,-2295.0,222.0
M03_Feb_2020_OP07_003,M03,OP07,good,Feb,2020,46080,0,10.676258680555556,528.7283963939933,528.8361746824604,2844.0,5.377846932857192,5.513648336562091,-2844.0,2576.0,22.54351128472222,278.8453890085892,279.75518024228944,2145.0,7.6674183410733106,4.958908605746421,-2143.0,2145.0,-1021.5468967013888,288.5470978225401,1061.5165989385416,2748.0,2.5887489679839666,4.907381348412215,-2748.0,384.0
M03_Feb_2020_OP07_004,M03,OP07,good,Feb,2020,49152,0,11.741536458333334,502.12871354282834,502.26597400438953,2662.0,5.2999807627357525,5.881516262216422,-2611.0,2662.0,22.3895263671875,248.34444692278979,249.3516697524469,2139.0,8.578246145789084,5.8983341599279955,-2139.0,1918.0,-1020.9547119140625,265.54111363778884,1054.9220856591844,2723.0,2.5812332844453545,5.314449517835239,-2723.0,288.0
M03_Feb_2020_OP07_005,M03,OP07,good,Feb,2020,46080,0,10.839887152777777,524.5806020060492,524.6925872875602,2574.0,4.905729683177909,5.557141668772926,-2486.0,2574.0,22.714952256944443,278.5152766924694,279.44002649426955,1811.0,6.4808181659585475,4.739779984309337,-1811.0,1788.0,-1021.4666449652777,293.4067439927511,1062.7707298364255,2900.0,2.728716475327043,4.880633234403624,-2900.0,376.0
M03_Feb_2020_OP07_006,M03,OP07,good,Feb,2020,49152,0,12.529093424479166,441.20116766048903,441.3790304568379,2285.0,5.176956407817948,7.556274622684025,-2285.0,2153.0,22.15875244140625,211.6397736816263,212.79662618042028,1871.0,8.792432631961312,9.076598236985427,-1871.0,1819.0,-1020.6211954752604,210.94698454943108,1042.1930027321464,1938.0,1.8595404065460652,7.523080582236765,-1938.0,-122.0
M03_Feb_2020_OP07_007,M03,OP07,good,Feb,2020,49152,0,12.433329264322916,440.316737376479,440.4922438482456,2900.0,6.583543843280658,7.619928660472978,-2900.0,2256.0,22.142720540364582,214.0164593610253,215.15888303846083,1821.0,8.463512982982378,8.840952077557,-1821.0,1762.0,-1020.4353434244791,212.23074223604152,1042.2716431237568,1953.0,1.8737917441049536,7.36002877140611,-1953.0,-109.0
M03_Feb_2020_OP07_008,M03,OP07,good,Feb,2020,49152,0,12.474222819010416,438.9294589485509,439.10667971212416,2313.0,5.267512672584233,7.583407500081191,-2313.0,2176.0,22.03369140625,210.07666477345137,211.22899573525154,2102.0,9.9512852990817,8.680025062702446,-2102.0,1875.0,-1020.59228515625,211.8667414712679,1042.3512501369726,1907.0,1.8295176407659186,7.410308686942254,-1907.0,-97.0
M03_Feb_2020_OP07_009,M03,OP07,good,Feb,2020,46080,0,11.650911458333333,446.48420262978397,446.63619080383967,2197.0,4.918992337020247,7.273034239759507,-2162.0,2197.0,20.6869140625,212.6980403825519,213.7016724221103,2100.0,9.826783179553287,9.168632862038965,-1873.0,2100.0,-1020.049609375,216.69595137595294,1042.812706543615,1983.0,1.901587876285685,7.226312469762021,-1983.0,-115.0
M03_Feb_2020_OP07_010,M03,OP07,good,Feb,2020,49152,0,12.155110677083334,439.83369228426807,440.0016177060993,2235.0,5.079526779133063,7.539226954812417,-2235.0,2160.0,20.167154947916668,193.7564430346163,194.80316567273692,1850.0,9.496765587002526,9.846051976379998,-1850.0,1670.0,-1020.2732137044271,211.17663865466739,1041.8987490712539,1991.0,1.9109342455538725,7.5640112545949245,-1991.0,-113.0
M03_Feb_2020_OP07_011,M03,OP07,good,Feb,2020,49152,0,12.2216796875,438.0114487399351,438.18192418405465,2051.0,4.680704261863834,7.601628360871859,-2049.0,2051.0,20.065409342447918,198.969354858864,199.9785609134953,1873.0,9.36600399284903,9.901655126981101,-1873.0,1778.0,-1020.2938232421875,211.27414921278145,1041.938698711083,2016.0,1.934854711216569,7.530269349042805,-2016.0,-42.0
M03_Feb_2020_OP07_012,M03,OP07,good,Feb,2020,48128,0,11.936814328457446,500.3378685753023,500.4802396366799,2574.0,5.143060197278872,6.099419303001123,-2574.0,2459.0,21.72776761968085,242.82360061204648,243.79375894377097,2254.0,9.245519695686166,8.23341241546386,-2254.0,2160.0,-1020.806993849734,256.7240179092425,1052.5940053334884,2301.0,2.186028030124478,5.449297803107433,-2301.0,152.0
M03_Feb_2020_OP07_013,M03,OP07,good,Feb,2020,46080,0,10.84685329861111,505.5702305233175,505.68657508172186,2537.0,5.0169415701613325,5.825588091554942,-2537.0,2379.0,21.631380208333333,240.5386687944818,241.50935343199214,2346.0,9.713909489060937,7.606912716863154,-2346.0,2127.0,-1020.9828559027778,262.3802484974165,1054.1581412904604,2258.0,2.1419936075585793,5.262631207176932,-2258.0,119.0
M03_Feb_2021_OP07_000,M03,OP07,good,Feb,2021,50176,0,10.697684151785714,434.9031754149734,435.0347255475573,2836.0,6.519019824062236,9.272964569520637,-2836.0,2603.0,13.689233896683673,229.41749884433733,229.82555101787452,2644.0,11.504377943574973,14.453689799827718,-2623.0,2644.0,-1022.0091677295918,212.58564965198212,1043.88476249119,2063.0,1.9762717822192666,7.685843136793637,-2063.0,-27.0
M03_Feb_2021_OP07_001,M03,OP07,good,Feb,2021,49152,0,10.99188232421875,432.8147992700154,432.9543531876925,2787.0,6.437168212954292,8.861785789289172,-2787.0,2289.0,13.618693033854166,193.10239212631836,193.582030790197,2377.0,12.27903225468369,13.001258147680405,-2350.0,2377.0,-1022.8774820963541,209.81142851286884,1044.1739217747147,2260.0,2.164390388297406,8.190118066012493,-2260.0,548.0
M03_Feb_2021_OP07_002,M03,OP07,good,Feb,2021,50176,0,11.165636957908163,427.6037407597734,427.74949510248086,2114.0,4.942144933434754,8.791951160676005,-2014.0,2114.0,16.504324776785715,204.31853034793787,204.98403493901378,3148.0,15.357293561601436,21.6013280610893,-3148.0,2576.0,-1022.2409717793367,206.021519115582,1042.7950281445796,2061.0,1.9764190894418514,8.366309286993399,-2061.0,-52.0
M03_Feb_2021_OP07_003,M03,OP07,good,Feb,2021,49152,0,11.254292805989584,430.98602674909876,431.1329427908957,2153.0,4.993819275471671,8.70670920985461,-2055.0,2153.0,17.451497395833332,212.9236264735514,213.63760313204511,3244.0,15.184592751655938,23.49186605003652,-3244.0,2697.0,-1022.2035522460938,209.07569307737927,1043.366065990417,2057.0,1.9715036429207513,8.104702271623278,-2057.0,-1.0
M03_Feb_2021_OP07_004,M03,OP07,good,Feb,2021,50176,0,11.638213488520408,439.50205454904886,439.65612012803774,2340.0,5.322341468415223,8.03895827646159,-2340.0,2330.0,18.253966039540817,217.67238170871468,218.43642790275868,3183.0,14.571745338268284,26.04589111477298,-3183.0,3093.0,-1022.2424864477041,210.45447817936775,1043.6813634843415,2071.0,1.9843221048672788,7.888068288040695,-2071.0,23.0
M03_Feb_2021_OP07_005,M03,OP07,good,Feb,2021,50176,0,11.374980070153061,437.2695923383295,437.41751971694646,2641.0,6.037709696010793,8.219388259587278,-2479.0,2641.0,19.238022161989797,210.23380507469255,211.11218414124997,3076.0,14.570452257468588,24.725070688435125,-3076.0,2990.0,-1022.5742586096939,211.6450871699102,1044.2469809840602,2082.0,1.9937812011081892,7.899735832368809,-2082.0,-5.0
M03_Aug_2019_OP08_000,M03,OP08,good,Aug,2019,71680,0,11.218289620535714,314.42471204648035,314.6247758322957,2235.0,7.103699936178328,12.459396212044348,-2035.0,2235.0,19.5505859375,235.69825099355336,236.50769740522114,2564.0,10.841084785527988,6.789209347452023,-2428.0,2564.0,-1019.7974051339286,203.04514054862167,1039.8144433591522,2037.0,1.959003371235554,7.102602613121414,-2037.0,5.0
M03_Aug_2019_OP08_001,M03,OP08,good,Aug,2019,74752,0,11.481204516267123,327.6737337533322,327.87481429502026,7989.0,24.366006938280822,20.946736459078306,-7989.0,5627.0,19.062366224315067,230.97140495873793,231.7566907657322,2808.0,12.116155053484194,6.930103567139516,-2164.0,2808.0,-1019.9801209332192,200.8119608815076,1039.559950523307,2332.0,2.243256869241729,7.38560818166798,-2332.0,216.0
M03_Aug_2019_OP08_002,M03,OP08,good,Aug,2019,74752,0,10.574205372431507,320.3238264031294,320.4983113540546,2201.0,6.867430878812196,12.18354795548222,-2086.0,2201.0,18.824446168664384,199.0707656186151,199.95881950426323,1885.0,9.426941030524592,9.274201862367155,-1639.0,1885.0,-1020.5024748501712,163.33181668259166,1033.4904854502338,1948.0,1.8848746335108888,12.740604228371561,-1948.0,-105.0
M03_Aug_2019_OP08_003,M03,OP08,good,Aug,2019,75776,0,10.590767525337839,318.44489512515855,318.62095911607724,2057.0,6.45594692108943,12.243436116784912,-1992.0,2057.0,18.70313819679054,199.02058755613845,199.8974778470174,1893.0,9.4698543492816,8.99596129606125,-1870.0,1893.0,-1020.4625475084459,163.00883844077558,1033.4000640009842,1991.0,1.9266497742331317,12.726461534886882,-1991.0,-167.0
M03_Aug_2019_OP08_004,M03,OP08,good,Aug,2019,75776,0,10.728515625,319.55291303489764,319.73295932168884,2254.0,7.049632933626376,12.087353589093128,-2254.0,1967.0,18.55376372466216,200.2685973837633,201.12621223105276,1829.0,9.09379229942865,8.810993682764154,-1614.0,1829.0,-1020.396655933277,163.19615309315415,1033.3645628838929,1912.0,1.8502666616165249,12.677540640101213,-1912.0,-97.0
M03_Aug_2019_OP08_005,M03,OP08,good,Aug,2019,74752,0,10.72185359589041,331.1155985978189,331.2891452784465,6433.0,19.418082637730564,16.81229616775059,-6433.0,5479.0,17.863455158390412,281.2905608900749,281.85720263290915,2041.0,7.24125543336992,4.833560165670195,-2041.0,1678.0,-1020.5029296875,198.3281999762023,1039.596221812378,2455.0,2.3614937689173985,7.9109273937265385,-2455.0,706.0
M03_Aug_2019_OP08_006,M03,OP08,good,Aug,2019,75776,0,10.421030405405405,327.6301675313169,327.79585804477324,6049.0,18.45355837038604,15.416012454735636,-6049.0,5822.0,17.790672508445947,263.46284071796606,264.06282674296114,2051.0,7.767090980952212,4.871542721065358,-1694.0,2051.0,-1020.64404296875,197.1898722046923,1039.5182096277576,3050.0,2.934051536328717,7.9941158742607055,-3050.0,318.0
M03_Aug_2019_OP08_007,M03,OP08,good,Aug,2019,76800,0,10.795403645833334,325.19178744565903,325.37092580926645,2412.0,7.413077840316693,11.386664949875872,-2004.0,2412.0,16.876575520833335,208.56738054483841,209.24906458248705,1911.0,9.132657313489084,7.3295365517738675,-1911.0,1657.0,-1020.2163932291667,171.28311042294237,1034.4947524901647,2024.0,1.9565106494044229,11.027928981218011,-2024.0,-29.0
M03_Aug_2019_OP08_008,M03,OP08,good,Aug,2019,68608,0,9.632462686567164,325.6991070333783,325.84151463517986,1983.0,6.085780696852626,11.020182221979436,-1944.0,1983.0,17.362071478544777,216.07135200366827,216.76778054572412,1686.0,7.777908671461264,6.625282818023683,-1686.0,1456.0,-1020.447513409515,182.73403401990464,1036.6797262476246,2094.0,2.019910245162661,9.672581932199362,-2094.0,-56.0
M03_Aug_2019_OP08_009,M03,OP08,good,Aug,2019,72704,0,10.236988336267606,324.7893013414787,324.95059039195905,2197.0,6.761027876114809,11.370345524939383,-2197.0,2018.0,16.894930127640844,209.76372819326414,210.44300969515584,1821.0,8.653174095152268,7.970101827024767,-1719.0,1821.0,-1020.6004896566901,177.8732578248683,1035.9846791032712,2035.0,1.9643147635749378,10.192559169964637,-2035.0,-37.0
M03_Aug_2019_OP08_010,M03,OP08,good,Aug,2019,71680,0,9.776213727678572,327.8361195878561,327.98185264016104,2428.0,7.402848604138575,11.199289858256423,-2428.0,2057.0,18.794224330357142,216.52036704943484,217.33451685225194,2451.0,11.277545948516938,8.757760552397361,-2451.0,2369.0,-1020.6161830357142,186.77587987436036,1037.5657195461076,2051.0,1.9767422548397495,8.972315388937739,-2051.0,-44.0
M03_Aug_2019_OP08_011,M03,OP08,good,Aug,2019,74752,0,11.40884524828767,322.4245697930327,322.6263550240767,7741.0,23.993700078911132,20.855782278411613,-7741.0,5430.0,18.127086900684933,235.4207985392934,236.1176479308219,2264.0,9.58844042298486,5.933340852267182,-2264.0,1994.0,-1020.175647474315,193.80665763740654,1038.4215773202236,2699.0,2.5991370546874673,8.2151310769661,-2699.0,772.0
M03_Aug_2019_OP08_012,M03,OP08,good,Aug,2019,76800,0,10.698541666666667,334.9414657863096,335.11228610254653,2373.0,7.081208593091829,10.704420205648994,-2000.0,2373.0,18.686158854166667,207.16262314475154,208.00366573918234,2201.0,10.581544282781312,7.818118253960665,-1665.0,2201.0,-1020.5524088541666,181.3815969486578,1036.5454659250058,2074.0,2.000877017149631,9.460946664217673,-2074.0,-19.0
M03_Aug_2019_OP08_013,M03,OP08,good,Aug,2019,75776,0,10.52806957347973,332.20010190479087,332.36688757229933,2818.0,8.478582269682338,11.080443702991433,-2818.0,2123.0,18.777264569256758,216.83046541490532,217.64199134530153,2680.0,12.31380021582336,9.37292025972332,-2680.0,2369.0,-1020.6128985430744,189.0784077987923,1037.9794472764006,2123.0,2.0453198814009586,8.484207505398588,-2123.0,-29.0
M03_Aug_2019_OP08_014,M03,OP08,good,Aug,2019,74752,0,11.029564426369863,323.82653669060016,324.0143162831915,6789.0,20.95277788301907,18.159797328632006,-6789.0,6183.0,18.554045376712327,224.97911497131315,225.74289528823812,2160.0,9.568407445301967,6.467923934275112,-2041.0,2160.0,-1020.2541871789383,196.76430124627643,1039.0547611656912,2465.0,2.372348496083666,8.17413479491477,-2465.0,1186.0
M03_Aug_2019_OP08_015,M03,OP08,good,Aug,2019,75776,0,11.327319995777026,319.84741545521564,320.04792977250776,3974.0,12.416890191493337,13.547637707408798,-3974.0,3660.0,18.481814822635137,225.5434414332736,226.29940665565763,2127.0,9.399052482875009,6.675906135448598,-1948.0,2127.0,-1020.2945127744932,193.44251423302936,1038.470461356767,3054.0,2.9408636197604827,8.318988690283799,-3054.0,9.0
M03_Aug_2019_OP08_016,M03,OP08,good,Aug,2019,74752,0,10.985124143835616,336.50173894937313,336.6809962982876,6724.0,19.971427178630453,17.457187998516268,-6724.0,6119.0,18.374424764554796,264.12204152688474,264.76040547211306,2219.0,8.381162568636892,4.772601970820671,-1985.0,2219.0,-1019.188423052226,203.98093020651095,1039.400433698003,2883.0,2.773714447802177,7.696797112888066,-2883.0,1489.0
M03_Aug_2019_OP08_017,M03,OP08,good,Aug,2019,74752,0,10.99642818921233,332.3136539368665,332.495542866054,7575.0,22.782260281460655,24.65420780806265,-7575.0,6822.0,18.432255993150687,243.20321528350345,243.90070107572706,2564.0,10.512474907581021,5.606267950035798,-1844.0,2564.0,-1019.2968081121576,197.69221526702418,1038.2909972665736,2328.0,2.2421459938771897,7.798899810696757,-2328.0,612.0
M03_Aug_2019_OP08_018,M03,OP08,good,Aug,2019,75776,0,10.677048141891891,327.0640788038642,327.2383091889527,4757.0,14.536806560912863,12.715474896726665,-4747.0,4757.0,17.423920502533782,264.56422762730995,265.13736731308484,1989.0,7.501771704820879,5.178322048544887,-1989.0,1754.0,-1020.0911106418919,197.87635081893993,1039.1058291743093,2910.0,2.8004847228239824,7.681067281549617,-2910.0,286.0
M03_Aug_2019_OP08_019,M03,OP08,good,Aug,2019,71680,0,2.0688058035714287,320.1636805125354,320.1703644574021,1932.0,6.034287412185046,13.282689140326104,-1932.0,1803.0,2.3785853794642855,176.29950946790478,176.3155543536396,878.0,4.979708133061125,3.1271603365840224,-878.0,802.0,-1032.3628766741072,128.04596834175382,1040.2734636351229,2248.0,2.1609702434825238,6.7357423495089686,-2248.0,-341.0
M03_Aug_2019_OP08_020,M03,OP08,good,Aug,2019,75776,0,2.505542652027027,324.198727883723,324.2084096771788,1950.0,6.014649656810742,13.129842311163147,-1819.0,1950.0,2.5731894003378377,176.65709922757384,176.67583878728544,772.0,4.369584462137317,3.143779341305837,-772.0,714.0,-1032.1745935388512,125.14596282246475,1039.7335733532195,2344.0,2.254423690908068,7.79345066845613,-2344.0,-324.0
M03_Aug_2020_OP08_000,M03,OP08,good,Aug,2020,72704,0,9.207801496478874,317.8395086240754,317.97285552510965,2053.0,6.456525971720498,12.178573042349791,-2053.0,2041.0,13.282171544894366,217.44071374612923,217.84600082483524,1940.0,8.905373487025395,7.320939884764179,-1940.0,1706.0,-1021.5910678917254,182.93316181090242,1037.840475066515,2057.0,1.9820001719129015,9.755042953449342,-2057.0,66.0
M03_Aug_2020_OP08_001,M03,OP08,good,Aug,2020,75776,0,9.34620460304054,324.04359237312855,324.1783479792631,2627.0,8.103564030032144,11.73046084005833,-2016.0,2627.0,13.54715213260135,219.3183452774541,219.73634634749078,2143.0,9.752596853554042,7.688959738071506,-2012.0,2143.0,-1021.494457347973,181.70119282878227,1037.5289151961174,2174.0,2.095363288828498,9.842320815698526,-2174.0,126.0
M03_Aug_2021_OP08_000,M03,OP08,good,Aug,2021,74752,0,10.75984589041096,313.08703195050344,313.2718689240401,2307.0,7.364210543141314,14.027044126160964,-2307.0,2186.0,19.35191031678082,238.76409168700468,239.5470473874164,3132.0,13.074675869140044,9.922118246455135,-2834.0,3132.0,-1022.3778494220891,160.84282237403346,1034.9525981890092,1973.0,1.9063675026783005,13.444868991381705,-1973.0,-126.0
M03_Aug_2021_OP08_001,M03,OP08,good,Aug,2021,74752,0,7.2034193065068495,311.7524857677289,311.8356965327468,2518.0,8.074765102254986,14.874473272610611,-2209.0,2518.0,1.6063784246575343,237.32647229735772,237.33190873700846,3162.0,13.323113680022969,15.490031937906943,-3162.0,2978.0,-1019.9585562928082,161.48807395879376,1032.6634759619567,1983.0,1.9202770758913272,13.594275724055038,-1983.0,-111.0
M03_Feb_2020_OP08_000,M03,OP08,good,Feb,2020,74752,0,10.883775684931507,336.87046361350696,337.04623692950355,2549.0,7.562760596947854,10.570373806101799,-2080.0,2549.0,23.08435894691781,259.52711365269107,260.5517421720434,2500.0,9.595023158007669,6.30933453911109,-2268.0,2500.0,-1021.2889153467465,199.64624627779855,1040.6198500235084,2180.0,2.0949052624267663,7.963436380518744,-2180.0,146.0
M03_Feb_2020_OP08_001,M03,OP08,good,Feb,2020,73728,0,10.867418077256945,340.1507122431861,340.32426862510505,2276.0,6.687739341055338,10.393720542814469,-2264.0,2276.0,23.07082790798611,261.6218596081254,262.63712708825767,2553.0,9.720636333118582,5.894240612539966,-2205.0,2553.0,-1021.0347086588541,204.56095544209077,1041.324666363691,2215.0,2.127098369555373,7.4564271324260325,-2215.0,140.0
M03_Feb_2020_OP08_002,M03,OP08,good,Feb,2020,71680,0,10.570772879464286,366.55905991430905,366.7114473868129,2494.0,6.800987582395513,8.371270675231303,-2076.0,2494.0,22.252901785714286,240.75871677137894,241.78492785797405,2367.0,9.789692107650277,6.551463158721557,-1932.0,2367.0,-1021.2125139508929,194.53310354018652,1039.5759361503515,2164.0,2.0816180182214468,8.176183390082711,-2164.0,-19.0
M03_Feb_2020_OP08_003,M03,OP08,good,Feb,2020,75776,0,11.58080394847973,309.6041697288663,309.8206851286624,2516.0,8.120826403037471,13.640566564807244,-1944.0,2516.0,21.871252111486488,200.17627498672832,201.3675563155259,1969.0,9.778139219779495,9.244083517904212,-1756.0,1969.0,-1020.7840345228041,157.734573043502,1032.898949883225,1934.0,1.8724000060399417,14.304648727633278,-1934.0,-115.0
M03_Feb_2020_OP08_004,M03,OP08,good,Feb,2020,75776,0,11.85182643581081,313.586972471907,313.81085878911387,2188.0,6.972352736430872,13.01840996747274,-1957.0,2188.0,21.96311497043919,200.62482377652148,201.82343356152933,1901.0,9.419124263488698,9.890049142493261,-1745.0,1901.0,-1020.8142683699324,160.57959070693846,1033.3671058531177,1969.0,1.9054215959143108,13.712084602218505,-1969.0,-130.0
M03_Feb_2020_OP08_005,M03,OP08,good,Feb,2020,74752,0,11.114873180650685,315.8128582440176,316.0083888729505,2049.0,6.484005083877029,12.644349372976702,-1897.0,2049.0,22.159888698630137,205.34867813075286,206.5408925060198,1895.0,9.174938565469638,8.881479147659116,-1663.0,1895.0,-1020.715873822774,162.09015361759913,1033.5057392068832,1948.0,1.8848468141985393,13.2501258773564,-1948.0,-136.0
M03_Feb_2020_OP08_006,M03,OP08,good,Feb,2020,72704,0,10.701158120598592,321.7583025083172,321.9362048887261,2223.0,6.905094755553688,11.696622630957616,-2172.0,2223.0,20.921462367957748,208.24178753741703,209.29010885465325,2295.0,10.965640051311837,10.154395616023155,-2049.0,2295.0,-1020.5448393485915,168.32997298792083,1034.333963924204,1998.0,1.9316778426376933,11.915885233095354,-1998.0,-46.0
M03_Feb_2020_OP08_007,M03,OP08,good,Feb,2020,75776,0,11.191934121621621,321.3896115590075,321.5844240746626,2235.0,6.949963470497868,12.072281916440156,-1879.0,2235.0,20.638553103885137,201.0345811297283,202.091198928175,2416.0,11.954998598720113,10.392980032530659,-1731.0,2416.0,-1020.6168971706081,164.3787183629142,1033.7694200549722,2030.0,1.9636874148318797,12.532374393131425,-2030.0,-37.0
M03_Feb_2020_OP08_008,M03,OP08,good,Feb,2020,71680,0,10.618150111607143,321.29056788100877,321.46597661509026,2182.0,6.787654553603458,11.759039579173253,-2071.0,2182.0,20.615666852678572,206.88608782213666,207.9106997105475,2324.0,11.177875901699451,8.839229680361436,-1891.0,2324.0,-1020.8536830357143,169.00867176097344,1034.749328725557,2051.0,1.9821225711990578,11.889072136349204,-2051.0,-74.0
M03_Feb_2020_OP08_009,M03,OP08,good,Feb,2020,72704,0,10.884366747359154,362.2561970190556,362.41967622936784,2430.0,6.70493397401002,8.364718305735822,-2299.0,2430.0,22.110282790492956,237.483533289668,238.51057248855957,2440.0,10.230154472993172,7.0072605237753915,-1825.0,2440.0,-1021.2013094190141,194.0264351380923,1039.4702361739394,2174.0,2.0914499755202365,8.16168873810323,-2174.0,-3.0
M03_Feb_2021_OP08_000,M03,OP08,good,Feb,2021,75776,0,9.166213576858109,316.3345344889755,316.4673082352953,2844.0,8.986710241442914,14.792939291454074,-2844.0,2121.0,13.716203019425675,234.30133453659496,234.7024703553405,2510.0,10.69439105689791,8.736756865059297,-2229.0,2510.0,-1022.4080711570946,168.46746601171628,1036.1947457266801,2110.0,2.0362967566683263,12.343903431321417,-2110.0,37.0
M03_Feb_2021_OP08_001,M03,OP08,good,Feb,2021,71680,0,9.272126116071428,311.1953870866802,311.3334888294882,2424.0,7.7858633490198725,14.196658030082878,-2424.0,2141.0,14.534123883928572,239.4973989608197,239.93800212986568,2869.0,11.957255518228258,7.927743577075848,-2400.0,2869.0,-1022.6710239955357,178.51377182989498,1038.1344759004073,2199.0,2.118222687954503,10.999838668139322,-2199.0,-29.0
M03_Feb_2021_OP08_002,M03,OP08,good,Feb,2021,76800,0,10.135208333333333,310.76038129608787,310.9256133406349,2301.0,7.400483914070909,14.15272598037732,-2301.0,2137.0,17.6602734375,230.22830955544666,230.90465516885067,3127.0,13.542386132117429,12.284890068551244,-3127.0,3004.0,-1022.3997265625,162.78599567513805,1035.277972943992,2153.0,2.079634703206881,13.924008666296698,-2153.0,-72.0
M03_Feb_2021_OP08_003,M03,OP08,good,Feb,2021,76800,0,10.148411458333333,319.45326076373163,319.6144178032467,2420.0,7.5716233849304695,12.94402161821891,-2059.0,2420.0,18.793684895833334,257.89011175065497,258.5739977854099,3105.0,12.008167977419113,9.374596602109039,-2951.0,3105.0,-1022.6089322916666,170.17291277735958,1036.6715239871467,2115.0,2.0401833667288263,12.210817620168934,-2115.0,-5.0
M03_Aug_2019_OP09_000,M03,OP09,good,Aug,2019,205880,0,10.120997668544783,384.66419710549087,384.7973221432532,3941.0,10.241755264951754,10.304487107255296,-3941.0,3747.0,19.440101029726055,211.25445935337527,212.14703421149412,3218.0,15.168724898562116,11.219165223292464,-3218.0,2199.0,-1019.723086263843,223.647805959952,1043.9604943531904,3950.0,3.7836680807038707,5.5513980132175975,-3950.0,1717.0
M03_Aug_2019_OP09_001,M03,OP09,good,Aug,2019,206904,0,10.149209295132042,386.22743926767265,386.3607657262576,5779.0,14.9575228973806,10.580848890164699,-5779.0,4811.0,19.186762943200712,212.6488843562365,213.51271599178963,3870.0,18.12538415814455,13.329677119306117,-3870.0,3439.0,-1019.7809080539768,228.83278898457672,1045.1399646678205,2570.0,2.459000791168511,5.058680051801356,-2570.0,329.0
M03_Aug_2019_OP09_002,M03,OP09,good,Aug,2019,209060,0,9.530010523294749,380.26805177678824,380.3874502434172,2494.0,6.5564728762845395,10.277473662508514,-2494.0,2305.0,17.995962881469435,175.4245301359736,176.34517417116447,3203.0,18.163241580351375,24.353853225965178,-3203.0,3117.0,-1020.3668277049651,186.82484558566455,1037.3292563158534,1998.0,1.9261001151129538,8.018861911601778,-1998.0,105.0
M03_Aug_2019_OP09_003,M03,OP09,good,Aug,2019,209928,0,9.451373804351968,382.5456775072508,382.6624149903817,2728.0,7.128999068457165,10.23861654670865,-2728.0,2531.0,18.06103521207271,172.8361382345494,173.7772472815817,3255.0,18.730875594580734,25.547147828089848,-3017.0,3255.0,-1020.3643201478602,188.89210565843865,1037.701100226305,2026.0,1.9523926490568082,7.757932834959344,-2026.0,203.0
M03_Aug_2019_OP09_004,M03,OP09,good,Aug,2019,207486,0,9.369673134572935,381.15054654425387,381.2656946351615,2701.0,7.084298529886422,10.27056950464898,-2701.0,2539.0,17.7013629835266,166.99732328910838,167.93285633610103,3052.0,18.17393014438892,22.902608107610387,-2559.0,3052.0,-1020.271623145658,189.99608169729657,1037.8114935076608,2022.0,1.9483307061535007,7.69855173811052,-2022.0,154.0
M03_Aug_2019_OP09_005,M03,OP09,good,Aug,2019,208904,0,9.973068969478804,383.71554330185495,383.8451253775508,5475.0,14.263565271578685,10.75750603770508,-5475.0,4315.0,17.88730708842339,222.2007324833536,222.9195399040076,3129.0,14.036454594098808,12.150370154976876,-3070.0,3129.0,-1020.2980651399686,198.62112025438572,1039.4510527867442,3324.0,3.1978417753182633,7.20730364654278,-3324.0,976.0
M03_Aug_2019_OP09_006,M03,OP09,good,Aug,2019,208904,0,9.623755409183165,384.437564144883,384.55800263916865,6289.0,16.353839880692792,11.07021939788069,-6289.0,5260.0,17.537060085015128,225.2062886001216,225.88807162279883,2818.0,12.475204997569158,10.494344310914716,-2818.0,2592.0,-1020.3696530463753,198.82979283171582,1039.561212904504,2678.0,2.576086878537672,7.017019876335256,-2678.0,366.0
M03_Aug_2019_OP09_007,M03,OP09,good,Aug,2019,203784,0,9.237741922820241,385.4324267821246,385.54311236357273,2929.0,7.597075154692196,9.897264311523344,-2929.0,2348.0,16.27216562634947,176.2667081998478,177.0162020657478,3218.0,18.179126895993186,19.914584703178104,-3218.0,2719.0,-1020.0157666941467,201.40998442373285,1039.710606914355,2119.0,2.038067117819209,6.686334662210006,-2119.0,74.0
M03_Aug_2019_OP09_008,M03,OP09,good,Aug,2019,204800,0,9.3126611328125,389.609666835975,389.72094907691843,2654.0,6.81000086417265,9.58699079693346,-2654.0,2400.0,16.5960302734375,177.67647627512756,178.4498765546864,2455.0,13.757364518252604,17.20575739499536,-2455.0,2209.0,-1020.1967333984375,203.96937272980534,1040.3868895024739,2131.0,2.048276483971334,6.410281339498552,-2131.0,136.0
M03_Aug_2019_OP09_009,M03,OP09,good,Aug,2019,203776,0,9.211177960113066,394.9462454091851,395.05364517015306,2851.0,7.216741409314295,9.259362295805142,-2851.0,2578.0,16.491947039886934,185.2233650569592,185.95612192178567,2863.0,15.396105115615372,15.551700393011995,-2475.0,2863.0,-1020.3749116677136,201.74024535856591,1040.1269571346704,2164.0,2.080515253600735,6.682605781986473,-2164.0,7.0
M03_Aug_2019_OP09_010,M03,OP09,good,Aug,2019,204800,0,8.95455078125,382.9669130346516,383.07158659835943,2685.0,7.009133785782845,10.042766539878833,-2685.0,2514.0,18.277216796875,189.2634187481515,190.14388848994892,2781.0,14.625765898055697,14.688087231836617,-2523.0,2781.0,-1020.5173046875,210.308359388477,1041.9621755108544,2201.0,2.1123607475682995,5.942488002533696,-2201.0,-13.0
M03_Aug_2019_OP09_011,M03,OP09,good,Aug,2019,208904,0,10.129375215409949,386.288611813871,386.42139674109933,8048.0,20.82700406311125,14.128188529288767,-8048.0,7936.0,18.197392103549955,203.84309613657743,204.65373908608726,3013.0,14.722428299893346,12.793924626618763,-2982.0,3013.0,-1019.9915176348945,224.80717524294832,1044.471618612899,3538.0,3.3873586768193937,5.3669685149393835,-3538.0,1352.0
M03_Aug_2019_OP09_012,M03,OP09,good,Aug,2019,208784,0,9.463359261246072,384.116482542956,384.233037790454,2869.0,7.466822781555403,10.091510580735115,-2869.0,2586.0,18.233590696605106,189.6941975705904,190.56849797813254,3884.0,20.38112301460068,16.93103628934153,-2959.0,3884.0,-1020.431153728255,209.03440163192414,1041.6213902204554,2108.0,2.0237679638605055,6.105107874054267,-2108.0,126.0
M03_Aug_2019_OP09_013,M03,OP09,good,Aug,2019,204800,0,9.1635693359375,390.90544531348803,391.0128363349609,2543.0,6.503622806442959,9.568306976791426,-2543.0,2365.0,18.1279345703125,195.3874871672564,196.22663466848815,4747.0,24.191415237894393,20.286038879617177,-4005.0,4747.0,-1020.4297119140625,214.43124362643314,1042.7164308670865,2182.0,2.0926111216886887,5.747242081496748,-2182.0,146.0
M03_Aug_2019_OP09_014,M03,OP09,good,Aug,2019,207880,0,9.998220126996344,389.022278055464,389.1507384409937,6080.0,15.623765804370692,11.409547792354948,-6080.0,5635.0,18.420545507023284,219.09346391132127,219.86646498599498,3486.0,15.85507821859987,11.849157281201549,-3486.0,2986.0,-1019.8866509524726,228.48742507233152,1045.1675866612181,3818.0,3.653002684666656,5.318992107244205,-3818.0,2112.0
M03_Aug_2019_OP09_015,M03,OP09,good,Aug,2019,208904,0,10.057490521962242,387.11518351541605,387.2458113702117,6053.0,15.630898572104266,11.7937975252842,-6053.0,5731.0,18.359787270708075,210.31534488289478,211.11519623617016,2693.0,12.756068951982959,11.130786206156875,-2315.0,2693.0,-1019.887766629648,226.51332542199182,1044.738887528621,3472.0,3.323318430515379,5.435571368406487,-3472.0,2012.0
M03_Aug_2019_OP09_016,M03,OP09,good,Aug,2019,207880,0,9.664017702520685,393.9200848866971,394.03861043722264,6303.0,15.995894394730081,10.564503855220478,-6303.0,5391.0,18.426443140273236,257.84021961194975,258.4978000996144,3792.0,14.66937048802241,8.195470719220449,-3663.0,3792.0,-1019.3935299211083,232.37764288404,1045.5441347725882,3086.0,2.951573154462028,4.979165070296051,-3086.0,648.0
M03_Aug_2019_OP09_017,M03,OP09,good,Aug,2019,208904,0,9.86877225902807,390.44877437007005,390.5734733350314,8214.0,21.030614111762997,13.988714572423081,-8208.0,8214.0,18.95232738482748,225.32330234261966,226.11895385368575,3289.0,14.545441432248113,11.19752242036657,-3289.0,3193.0,-1019.3853731857696,230.18459187118,1045.0509487101538,2812.0,2.6907779027143985,5.165928615761771,-2812.0,749.0
M03_Aug_2019_OP09_018,M03,OP09,good,Aug,2019,208904,0,9.662596216443918,383.1149079830088,383.2367394763599,6837.0,17.840147605216078,12.589252105338801,-6523.0,6837.0,17.28108604909432,215.46792136203894,216.1598044760265,2779.0,12.85622924547107,10.597053959986178,-2779.0,2490.0,-1020.0886531612607,200.08184635923436,1039.525663728835,2473.0,2.378969645760562,7.045421109112432,-2473.0,1186.0
M03_Aug_2020_OP09_000,M03,OP09,good,Aug,2020,202928,0,8.179748482220296,388.79417873095156,388.88021510525255,2361.0,6.071278271024878,9.353653715887583,-2326.0,2361.0,13.192738311125128,182.74145030819528,183.21704616352824,5424.0,29.60423232213269,21.96736756246523,-3129.0,5424.0,-1021.3461079791847,206.10299551257117,1041.9339312276395,2112.0,2.0269999245648664,6.648355114305387,-2112.0,60.0
M03_Aug_2020_OP09_001,M03,OP09,good,Aug,2020,203776,0,8.156421757223619,388.38705717187577,388.4726932417665,2436.0,6.270711023912181,9.413263419918158,-2279.0,2436.0,13.17500098146985,190.72283376229527,191.17735213456075,3700.0,19.353756910472033,18.641738167778524,-3700.0,3172.0,-1021.310885482098,207.11596281814673,1042.100257584804,2084.0,1.9998075855291766,6.6065158423127475,-2084.0,132.0
M03_Aug_2021_OP09_000,M03,OP09,good,Aug,2021,207872,0,8.866985452586206,377.77387011939334,377.8779172907576,3109.0,8.22752496967899,11.157643917924284,-3109.0,2352.0,17.874600715825125,198.21250292087782,199.01682759231485,4077.0,20.4857048990436,33.123642747518055,-3816.0,4077.0,-1022.4559199892242,198.3049315977983,1041.5089794221738,2285.0,2.1939321169057147,8.621678463701208,-2285.0,222.0
M03_Aug_2021_OP09_001,M03,OP09,good,Aug,2021,206848,0,10.374105623452971,375.77293565955245,375.91610931387964,2980.0,7.92730060289005,11.181287343258758,-2980.0,2422.0,18.800882773824256,188.9636257234909,189.89661671457614,4148.0,21.843464469062372,23.052776393082983,-4148.0,4023.0,-1022.3730758818069,189.56177728293946,1039.7982370126879,2096.0,2.015775681657002,7.942727776782034,-2096.0,-15.0
M03_Aug_2021_OP09_002,M03,OP09,good,Aug,2021,206848,0,7.159634127475248,379.9584955120877,380.02594473620945,2820.0,7.420545989188896,11.64364486155255,-2820.0,2502.0,1.1190342667079207,220.908614269996,220.911448540767,3535.0,16.001886834523432,17.45104103344893,-3535.0,3072.0,-1019.2469591197402,202.66989142756182,1039.2013513107538,2102.0,2.0227071465493465,6.844773118838099,-2102.0,-13.0
M03_Aug_2021_OP09_003,M03,OP09,good,Aug,2021,203776,0,8.943526224874372,377.63611484504145,377.7420044112017,2898.0,7.671902955344358,11.189486631562833,-2898.0,2432.0,14.469284901067839,185.78592399949773,186.34851692969121,3937.0,21.127079865547948,25.094911569739896,-3937.0,3410.0,-1022.9781917399497,189.3683203298881,1040.3579871948407,2047.0,1.9675919493052665,7.889512994089525,-2047.0,-11.0
M03_Feb_2020_OP09_000,M03,OP09,good,Feb,2020,206904,0,10.026795035378726,398.1976406568351,398.32386024860665,2664.0,6.688025162081209,8.797576254535311,-2533.0,2664.0,22.97311313459382,232.93711345285044,234.06721844555886,3136.0,13.397860754813022,8.24298148276891,-2397.0,3136.0,-1021.0027162355489,233.66380058360306,1047.399311754377,2416.0,2.3066656363877485,4.993184689938605,-2416.0,83.0
M03_Feb_2020_OP09_001,M03,OP09,good,Feb,2020,206848,0,9.980120668316832,400.2555346528852,400.3799393436454,2582.0,6.448874547093315,8.71101852617137,-2387.0,2582.0,22.91409150680693,228.2236828955239,229.37110764867262,2527.0,11.017080685988587,7.439855179588132,-2158.0,2527.0,-1020.9526947323639,233.53126109727205,1047.3209893776395,2248.0,2.1464288625933605,5.043941460035348,-2248.0,138.0
M03_Feb_2020_OP09_002,M03,OP09,good,Feb,2020,204800,0,10.5660888671875,374.24761657640653,374.3967424365099,2359.0,6.300802685002097,10.328116696976686,-2359.0,2356.0,21.2077490234375,168.43198135530244,169.76189490552366,3041.0,17.913325023217876,23.700374440107375,-3041.0,3037.0,-1020.3797314453125,182.75750612023367,1036.6171435914493,2008.0,1.9370700286154936,8.787412049630786,-2008.0,-54.0
M03_Feb_2020_OP09_003,M03,OP09,good,Feb,2020,201728,0,10.639881424492385,373.59803470742185,373.7495131956365,2268.0,6.068235328544312,10.41999066848379,-2236.0,2268.0,21.249578640545685,167.03118459634402,168.37743679026204,2324.0,13.802324374939092,20.278892864097717,-2320.0,2324.0,-1020.271003529505,185.02274085931444,1036.9119226232267,1963.0,1.8931212547290552,8.544799876057166,-1963.0,-81.0
M03_Feb_2020_OP09_004,M03,OP09,good,Feb,2020,206848,0,10.791963180693068,375.01331460840703,375.1685655846949,2480.0,6.610361921273856,10.346460385424413,-2480.0,2434.0,21.217304494121286,167.1196170335867,168.4610946404212,2904.0,17.23840157989335,19.62103348768649,-2176.0,2904.0,-1020.228327080755,183.56719695991202,1036.611188043866,1998.0,1.927434338973632,8.644294413960338,-1998.0,-17.0
M03_Feb_2021_OP09_000,M03,OP09,good,Feb,2021,205760,0,8.19927099533437,391.20827222148944,391.29418638586736,3054.0,7.804869344489457,11.399641867097161,-3054.0,2791.0,13.038452566096423,215.51997388972595,215.91401156651807,3408.0,15.784061327349637,23.7025182065272,-3408.0,3017.0,-1022.2537179237947,202.7241008839305,1042.1610839444252,2188.0,2.09948349991994,7.2247104392842045,-2188.0,216.0
M03_Feb_2021_OP09_001,M03,OP09,good,Feb,2021,203776,0,8.603442014761306,377.5471990643371,377.6452127802331,2605.0,6.898008797256895,10.998305458687433,-2605.0,2328.0,13.818506595477388,191.42282446246605,191.92094427059632,6552.0,34.13905670848564,35.16968430322666,-6552.0,6023.0,-1022.6339460976759,209.38654539932273,1043.8500433997056,2196.0,2.1037504514037937,6.7187696631519165,-2196.0,11.0
M03_Feb_2021_OP09_002,M03,OP09,good,Feb,2021,207808,0,8.852320411148753,378.02236955548125,378.12600474048656,2340.0,6.188413308431342,10.735308024938673,-2293.0,2340.0,17.14950338774253,189.995041147784,190.7674530080913,4657.0,24.411921040862644,31.935009607528013,-4657.0,4001.0,-1022.4338524022174,191.3668243359258,1040.1885617494822,2440.0,2.345728543578858,8.7125191672101,-2440.0,144.0
M03_Feb_2021_OP09_003,M03,OP09,good,Feb,2021,206784,0,9.268923127514702,385.56494516797477,385.6763408329932,2847.0,7.381837303919083,10.288228128104521,-2847.0,2512.0,18.22920535437945,209.27361625160728,210.06606195879698,5547.0,26.40597890147532,43.233550100687836,-4868.0,5547.0,-1022.3743229650263,205.3100842019921,1042.785446260747,2410.0,2.3111177938298373,7.336718158039514,-2410.0,187.0
M03_Feb_2021_OP09_004,M03,OP09,good,Feb,2021,207928,0,9.34879862260013,376.5131379020782,376.6291850727387,2480.0,6.584726033700854,11.010374541050872,-2480.0,2363.0,19.22972375052903,210.8327501940365,211.70789033454247,4446.0,21.000634378692244,25.892977724675706,-3740.0,4446.0,-1022.7448443692048,205.77825622296342,1043.240963257268,2178.0,2.0877247699320787,7.227363103718672,-2178.0,33.0
M03_Aug_2021_OP10_000,M03,OP10,bad,Aug,2021,90000,1,9.2566,452.69271051833823,452.78733948731383,2641.0,5.83276026001605,8.741863634253013,-2641.0,2393.0,10.76848888888889,235.55499264112615,235.80100701886562,3074.0,13.036415912142647,11.805524129496085,-2906.0,3074.0,-1022.5877,212.88584045038212,1044.5123193412107,2053.0,1.9655105660169305,8.26121485798895,-2053.0,-91.0
M03_Aug_2019_OP10_000,M03,OP10,good,Aug,2019,92160,0,10.849631076388889,458.49375793504765,458.6221108493308,6308.0,13.754243092026456,9.175274370551586,-6308.0,5391.0,19.181315104166668,287.6003744661369,288.2393072469255,3175.0,11.015152757358239,8.813950876798728,-2313.0,3175.0,-1019.1749131944445,275.5601426825649,1055.7702855830612,2305.0,2.183240077387703,4.425559581149962,-2305.0,210.0
M03_Aug_2019_OP10_001,M03,OP10,good,Aug,2019,91136,0,10.508174596207866,460.9637716269283,461.08352875142623,7048.0,15.285733626367799,9.205089312289527,-7048.0,5373.0,18.750043890449437,290.6336651480929,291.2378606282287,3486.0,11.969597608224271,9.398345919191856,-3486.0,3173.0,-1019.5420580231741,277.6169355570531,1056.6632249615855,2336.0,2.2107327527036102,4.332942297370662,-2336.0,232.0
M03_Aug_2019_OP10_002,M03,OP10,good,Aug,2019,91136,0,9.686644136235955,455.9777668179998,456.0806451790651,2441.0,5.352123633840287,8.124257908918738,-2441.0,2242.0,18.368767556179776,235.59631644986544,236.31131150725327,3740.0,15.826580522723752,14.167061960417815,-2834.0,3740.0,-1019.8883097787922,239.7571240625082,1047.690623687244,2127.0,2.030179474656586,5.888676197741146,-2127.0,191.0
M03_Aug_2019_OP10_003,M03,OP10,good,Aug,2019,94208,0,10.015051800271738,454.20841387112563,454.31881371332827,3088.0,6.796989045557124,8.228228810874285,-3088.0,2514.0,18.423679517663043,234.92571795485443,235.6470346165497,3146.0,13.350475660002443,14.177791468949602,-2340.0,3146.0,-1019.913234544837,234.6788094511677,1046.5644507650397,2149.0,2.0533852439083695,6.1410843106818405,-2149.0,93.0
M03_Aug_2019_OP10_004,M03,OP10,good,Aug,2019,94208,0,10.172543733016305,454.1568979848671,454.2708097965762,2760.0,6.0756710325189855,8.148033625182235,-2760.0,2666.0,18.22288977581522,232.93514327269847,233.64685892015342,3747.0,16.03702278437435,13.693939885725303,-2904.0,3747.0,-1019.6784137228261,234.88949573849692,1046.38288528654,2162.0,2.0661652922658047,6.105926802222676,-2162.0,224.0
M03_Aug_2019_OP10_005,M03,OP10,good,Aug,2019,92160,0,10.151258680555555,459.9342853339732,460.0462964512074,6365.0,13.835564048878444,9.958595987964676,-6365.0,5914.0,17.392328559027778,294.2136842658603,294.7273063392609,2678.0,9.086365404219965,8.84804589319784,-2678.0,2430.0,-1019.6460828993056,256.4731178314858,1051.406959527138,3105.0,2.9531857021342613,4.883752515592708,-3105.0,1001.0
M03_Aug_2019_OP10_006,M03,OP10,good,Aug,2019,90112,0,9.725530450994318,459.11591609443116,459.2189133232449,3086.0,6.72010649053507,8.02136047979875,-3086.0,2371.0,16.711048473011363,238.90052580339508,239.48428000644628,2787.0,11.637507062780827,12.5709644435521,-2535.0,2787.0,-1019.4017444957386,249.05494527825246,1049.3847161306041,2192.0,2.0888430775726947,5.562027135259208,-2192.0,134.0
M03_Aug_2019_OP10_007,M03,OP10,good,Aug,2019,91136,0,9.720801878511235,456.85288005660834,456.9562867552859,2699.0,5.90647306586986,8.017110131151687,-2699.0,2260.0,16.66286648525281,234.76914233990294,235.3597274695035,5930.0,25.195474449928458,16.352051067910722,-2543.0,5930.0,-1019.5186424683989,247.92146109728554,1049.2298667180705,2229.0,2.124415317086027,5.681233839872408,-2229.0,179.0
M03_Aug_2019_OP10_008,M03,OP10,good,Aug,2019,90112,0,9.726462624289773,458.87950577327825,458.9825758064349,2605.0,5.675596716112808,7.899444523107196,-2605.0,2326.0,16.6614990234375,232.8025733780428,233.39803709788782,3164.0,13.556240829364855,11.864582729142201,-2344.0,3164.0,-1019.6881658380681,248.32327405208503,1049.4895921285502,2207.0,2.102927000470595,5.605556392952113,-2207.0,150.0
M03_Aug_2019_OP10_009,M03,OP10,good,Aug,2019,90112,0,9.355402166193182,459.2426315249188,459.33791282630216,2438.0,5.307639391225095,7.983059054134876,-2438.0,2377.0,18.6954345703125,241.21803637193318,241.94143990830534,2441.0,10.089218287388583,10.974816599568184,-2358.0,2441.0,-1020.1610107421875,262.53538982251314,1053.400834795464,2248.0,2.1340404580526915,4.726323523140014,-2248.0,158.0
M03_Aug_2019_OP10_010,M03,OP10,good,Aug,2019,92160,0,9.77019314236111,461.57877235102086,461.6821631372763,2621.0,5.677065759243277,7.841735848399585,-2621.0,2254.0,18.627137586805556,246.50689377740338,247.2096659405975,3025.0,12.236576545218435,12.09032508856793,-3025.0,2668.0,-1019.69912109375,261.0954058131386,1052.5954153881223,2235.0,2.123322947569452,4.7640535536481154,-2235.0,56.0
M03_Aug_2019_OP10_011,M03,OP10,good,Aug,2019,93184,0,9.894327352335164,458.67877063785954,458.78547530148916,2943.0,6.414762799685449,8.06759836536061,-2943.0,2281.0,18.710239955357142,245.4346084240056,246.14674503521675,2631.0,10.688745852087449,11.97112516560451,-2535.0,2631.0,-1020.2122252747253,258.4459352286714,1052.438732675793,2375.0,2.256663429672182,4.961872561798806,-2375.0,183.0
M03_Aug_2019_OP10_012,M03,OP10,good,Aug,2019,92160,0,10.652354600694444,458.38630218058535,458.51005952468466,5340.0,11.646418413449252,8.852857149275673,-5340.0,5317.0,18.101605902777777,273.11591352325723,273.7151262826057,3429.0,12.527623323453533,8.946368699358088,-3214.0,3429.0,-1019.5554470486111,276.5681738013725,1056.4010906688422,3320.0,3.1427457140336714,4.513010926830001,-3320.0,899.0
M03_Aug_2019_OP10_013,M03,OP10,good,Aug,2019,93184,0,11.14813701923077,456.79102233646034,456.92703908412795,6105.0,13.36099525262712,9.170921359545908,-5982.0,6105.0,18.261268028846153,266.2469958438046,266.87251021016056,3002.0,11.248816888768133,8.236333208440131,-3002.0,2114.0,-1019.6238517342033,275.37006492063534,1056.1540946659666,3138.0,2.97115734895907,4.522138206500795,-3138.0,1618.0
M03_Aug_2019_OP10_014,M03,OP10,good,Aug,2019,92160,0,10.653298611111111,463.3832383078554,463.5056831539094,7663.0,16.532699120013728,10.19010409979223,-7663.0,6625.0,18.150455729166666,282.6954050060083,283.2774806699034,4044.0,14.275755313965032,10.128170823516422,-4044.0,3127.0,-1019.5906358506944,278.0851766690545,1056.8332083150503,2687.0,2.5425014835443966,4.425513446204443,-2687.0,1218.0
M03_Aug_2019_OP10_015,M03,OP10,good,Aug,2019,92160,0,10.027625868055555,463.91541395256917,464.0237758815095,5565.0,11.99291995206092,9.030566078047404,-5565.0,5147.0,18.30251736111111,279.85260105690577,280.45045990347285,2937.0,10.472437809554224,8.349915119819133,-2937.0,2857.0,-1019.3214084201389,279.28500986959557,1056.8898951174979,3388.0,3.205631935409265,4.519923357264689,-3388.0,1504.0
M03_Aug_2019_OP10_016,M03,OP10,good,Aug,2019,92160,0,10.32998046875,459.9645221916102,460.0805040114621,6121.0,13.304193389267166,8.724784510079454,-6121.0,4132.0,18.083387586805557,271.1082606220252,271.7106878356363,3041.0,11.192051458202362,8.691185767670826,-2559.0,3041.0,-1019.3900933159722,277.7613493553313,1056.5545558779447,2184.0,2.0670962875033023,4.43347025637187,-2184.0,445.0
M03_Aug_2019_OP10_017,M03,OP10,good,Aug,2019,93184,0,9.948059752747254,456.73014239936714,456.8384691211877,3835.0,8.39465206898474,8.12385672669372,-3800.0,3835.0,21.134540264423077,274.47783218326845,275.29029977864275,3929.0,14.272206478612782,10.298049271067155,-3035.0,3929.0,-1019.4628476991758,262.02129631067146,1052.5966262340182,2533.0,2.4064299056919563,4.5937079521942525,-2533.0,83.0
M03_Aug_2019_OP10_018,M03,OP10,good,Aug,2019,97280,0,1.484508634868421,420.74588000998824,420.7484988817743,2149.0,5.107564271082154,8.889235231921496,-2149.0,2141.0,2.8640933388157896,170.52297232045058,170.54702319200592,1042.0,6.109751905941456,5.344098197041654,-1034.0,1042.0,-1032.1603207236842,165.75100903051535,1045.3842952096863,2262.0,2.1637975722088703,4.910098943274452,-2262.0,1.0
M03_Aug_2019_OP10_019,M03,OP10,good,Aug,2019,92160,0,1.0496419270833333,423.55884228844894,423.5601428710051,2190.0,5.170458167181615,8.700111835718918,-2190.0,2147.0,2.9885633680555554,170.8216616930606,170.84780248684305,1333.0,7.802265996969168,5.234207540420695,-1333.0,976.0,-1032.0988823784721,170.9719385594975,1046.1641872964701,2203.0,2.105788007992379,4.693026056890599,-2203.0,5.0
M03_Aug_2020_OP10_000,M03,OP10,good,Aug,2020,93184,0,9.240652901785714,474.56810822164863,474.6580653556049,3097.0,6.524696884018574,6.892283236597002,-2687.0,3097.0,18.888081644917584,280.14441681316094,280.78043717433576,2492.0,8.875262198030999,7.7084843235686975,-2492.0,2340.0,-1020.8494698660714,267.75980741957966,1055.3809523556931,2172.0,2.058024635703274,4.927986200261462,-2172.0,128.0
M03_Aug_2020_OP10_001,M03,OP10,good,Aug,2020,91136,0,9.486470768960674,456.7350288270598,456.833536077755,2486.0,5.441807143459958,7.821673005151177,-2486.0,2383.0,13.017786604634832,249.67540097582574,250.01453681840817,3640.0,14.559153424921941,10.522850913204657,-2922.0,3640.0,-1020.6886630969101,214.7569541509675,1043.036862402647,2061.0,1.9759608450006871,8.153975580436585,-2061.0,0.0
M03_Aug_2020_OP10_002,M03,OP10,good,Aug,2020,87040,0,9.059742647058824,463.21896764584494,463.3075554356018,2701.0,5.8298207493303655,7.600527480762599,-2701.0,2508.0,13.273724724264707,255.56575875609875,255.91023585748974,2590.0,10.120736246917097,9.481619151088063,-2445.0,2590.0,-1020.5767693014706,220.09367739002087,1044.0393521629776,2196.0,2.1033689922228125,7.778999181428126,-2196.0,197.0
M03_Aug_2021_OP10_000,M03,OP10,good,Aug,2021,86016,0,12.054536365327381,457.7045313066398,457.863243584385,2828.0,6.1765167648335035,8.445981827557366,-2828.0,2486.0,18.54287574404762,224.67791192625302,225.44179370383011,3302.0,14.646796167430871,21.532995573759067,-3302.0,3011.0,-1021.7186104910714,215.15195261599536,1044.126085172802,2194.0,2.1012787930079293,8.237820944075233,-2194.0,29.0
M03_Aug_2021_OP10_001,M03,OP10,good,Aug,2021,87040,0,7.0863740808823525,456.8450523881595,456.90000939938096,2783.0,6.091048244140769,9.016803762496705,-2783.0,2602.0,0.9522518382352941,295.01164416432704,295.0131810209553,4015.0,13.609561396901814,14.998762445215283,-4015.0,3599.0,-1017.0889361213235,224.03753123413864,1041.4714203385004,2615.0,2.5108706287399314,7.332492368073449,-2615.0,251.0
M03_Feb_2020_OP10_000,M03,OP10,good,Feb,2020,91136,0,11.41428195224719,458.52120396187576,458.66325372230705,2496.0,5.441900958368855,7.708105666948949,-2496.0,2317.0,22.469836288623597,270.9777708244464,271.9077891929978,3496.0,12.857299933833705,7.350919383486851,-3496.0,2504.0,-1020.5135402036517,218.53988557917575,1043.6510754691672,2172.0,2.081155331559056,7.733010224079315,-2172.0,56.0
M03_Feb_2020_OP10_001,M03,OP10,good,Feb,2020,87040,0,10.956640625,463.81235353517656,463.94174986265784,2322.0,5.004938660267995,7.53774103280721,-2283.0,2322.0,22.256893382352942,272.1609010156229,273.0694515039519,2358.0,8.63516584155835,6.4961327485341025,-2358.0,2274.0,-1020.2896484375,224.2001646753531,1044.6323183537702,2211.0,2.1165341729847125,7.307910275179775,-2211.0,3.0
M03_Feb_2020_OP10_002,M03,OP10,good,Feb,2020,90112,0,10.557550603693182,479.7911408240914,479.907283428823,2646.0,5.513564997586537,6.869276684242607,-2646.0,2576.0,21.882768110795453,265.29770602112626,266.1986633329754,2617.0,9.831003534103091,6.84872535973271,-2379.0,2617.0,-1019.2463156960227,254.77955828878962,1050.6072888485721,2260.0,2.1511367986765815,5.361645997692853,-2260.0,128.0
M03_Feb_2020_OP10_003,M03,OP10,good,Feb,2020,91136,0,11.672577247191011,452.88545336213167,453.0358517011818,2590.0,5.716986835091232,7.944904501535595,-2379.0,2590.0,21.739828388342698,263.90930176551643,264.8032093776754,3099.0,11.703030364636001,7.9735143062508875,-2697.0,3099.0,-1019.2081724016854,213.20831112643666,1041.2699374435867,1992.0,1.9130486037948458,8.102641639019962,-1992.0,-54.0
M03_Feb_2020_OP10_004,M03,OP10,good,Feb,2020,82944,0,11.088891300154321,463.2681994992738,463.40089358736196,2283.0,4.926619761836089,7.6296127967151115,-2283.0,2252.0,21.78735050154321,271.89449250951014,272.7660237252455,2762.0,10.125894575426063,8.27249231817249,-2713.0,2762.0,-1018.6779875578703,223.34794513383463,1042.8754225363925,2022.0,1.938870124182488,7.393401264606545,-2022.0,-78.0
M03_Feb_2020_OP10_005,M03,OP10,good,Feb,2020,90112,0,11.496193625710227,455.65994231316336,455.8049423785521,2590.0,5.682255191188713,7.878815368911219,-2590.0,2190.0,21.791448419744317,266.15235826653327,267.04296477358747,4308.0,16.13223551368425,9.238709845929812,-2947.0,4308.0,-1018.9475541548295,214.22059865872657,1041.2226385398142,1989.0,1.9102542783638725,8.005943673860195,-1989.0,-72.0
M03_Feb_2020_OP10_006,M03,OP10,good,Feb,2020,92160,0,10.654177517361111,453.28886700879775,453.4140585079944,3008.0,6.6341127796039965,8.061664791475238,-3008.0,2297.0,20.390256076388887,220.13963554259553,221.08193431324844,2564.0,11.597510253221767,12.117489454484664,-2024.0,2564.0,-1018.7366644965277,216.151108974539,1041.4152358691676,2033.0,1.9521511976951762,7.886745072698732,-2033.0,0.0
M03_Feb_2020_OP10_007,M03,OP10,good,Feb,2020,92160,0,10.735145399305555,452.37857484642075,452.50593181396295,2350.0,5.193302086846779,8.017163692519876,-2350.0,2289.0,20.191102430555556,219.95818594070627,220.88296489246855,2350.0,10.639118327409449,12.269165002804867,-2350.0,2272.0,-1018.7326605902778,215.74068865324756,1041.3262113737096,2086.0,2.0032147248537657,7.945514116226054,-2086.0,17.0
M03_Feb_2020_OP10_008,M03,OP10,good,Feb,2020,90112,0,10.623823686079545,454.71106829800846,454.83515834028157,2400.0,5.276636944157377,7.929633222557178,-2400.0,2223.0,20.105158025568183,231.07932073558464,231.9523008095679,3466.0,14.942727396550271,16.818106836660295,-3466.0,2801.0,-1018.6970769708806,219.56138719937368,1042.0896973763486,2073.0,1.989272137723995,7.656472946169054,-2073.0,99.0
M03_Feb_2020_OP10_009,M03,OP10,good,Feb,2020,90112,0,10.125499378551137,478.14374707620095,478.25094731295104,2627.0,5.492932141085716,6.886701794459549,-2449.0,2627.0,21.748046875,262.1491534232735,263.0497218843164,2332.0,8.865244119229912,7.15201818872471,-2332.0,2303.0,-1019.272705078125,251.79233744962656,1049.9124861223554,2295.0,2.185896472644239,5.502105894787643,-2295.0,128.0
M03_Feb_2021_OP10_000,M03,OP10,good,Feb,2021,94208,0,9.213124150815217,471.91531794102235,472.00524251749005,3181.0,6.739331925708704,9.155795576248902,-3181.0,2666.0,13.321989639945652,317.63438167842327,317.9136295162588,3767.0,11.849130236196265,13.164762043214667,-3767.0,3101.0,-1021.3382515285326,222.45235489959092,1045.2831550521291,2147.0,2.053988902072116,7.642476299560258,-2147.0,56.0
M03_Feb_2021_OP10_001,M03,OP10,good,Feb,2021,86016,0,10.364850725446429,459.7070342098432,459.8238656622454,2910.0,6.328510147703998,8.610699745866853,-2910.0,2451.0,13.591436476934524,232.71127515509676,233.10783927147904,3468.0,14.877234548775267,20.42176502177668,-3103.0,3468.0,-1021.6607724144345,219.76073728753465,1045.0289544044317,2168.0,2.074583666665539,8.150461293170245,-2168.0,35.0
M03_Feb_2021_OP10_002,M03,OP10,good,Feb,2021,91136,0,10.834862183988765,451.99655903727654,452.1264022594614,2803.0,6.19959371094512,8.839278238940512,-2803.0,2322.0,16.840644750702246,237.08080411444678,237.67817526052335,4696.0,19.75780904095477,30.145475743588168,-4468.0,4696.0,-1021.5014264396067,213.02140339569573,1043.4765366422107,2689.0,2.5769625914665006,8.72830310626695,-2689.0,62.0
M03_Feb_2021_OP10_003,M03,OP10,good,Feb,2021,92160,0,10.64177517361111,449.9162289837133,450.0420652358742,3025.0,6.721593899038192,8.922957508211137,-3025.0,2783.0,17.811328125,249.3079251675748,249.94336350649021,4760.0,19.044314412758546,28.973348660052533,-4397.0,4760.0,-1021.6958767361111,216.45686827867712,1044.3735157330366,2229.0,2.134293877067042,8.339584860902985,-2229.0,29.0
M03_Aug_2019_OP11_000,M03,OP11,good,Aug,2019,116736,0,10.973247327302632,325.1202164566352,325.3053447235619,5949.0,18.287433933971613,12.417083383395916,-5949.0,5930.0,19.56800815515351,238.17785343104933,238.9803272409312,2752.0,11.515592232098397,5.373969023860714,-2752.0,2699.0,-1019.8537469161184,193.98678663689765,1038.1389784073015,2324.0,2.2386212716581055,6.689429788520195,-2324.0,1233.0
M03_Aug_2019_OP11_001,M03,OP11,good,Aug,2019,118784,0,10.090921336206897,304.45988710394556,304.62706634303,2555.0,8.387304616993235,12.044101560722652,-2049.0,2555.0,18.74040274784483,188.76414682661945,189.69213431856625,1942.0,10.23764114930898,8.00985383376489,-1709.0,1942.0,-1020.6109997979526,137.7667562185066,1029.8672205811513,1944.0,1.8876219780089767,16.085672611572807,-1944.0,-109.0
M03_Aug_2019_OP11_002,M03,OP11,good,Aug,2019,117760,0,9.962449048913044,308.2041147928628,308.3650868148084,2350.0,7.620836795351332,11.707287619331161,-2236.0,2350.0,18.813960597826085,199.3798808999625,200.26557872250484,3540.0,17.676527452104743,8.625976196145809,-3540.0,2395.0,-1020.583500339674,139.93272533644364,1030.1319569771952,1961.0,1.9036396130786302,15.411280327784075,-1961.0,-68.0
M03_Aug_2019_OP11_003,M03,OP11,good,Aug,2019,117760,0,10.144641644021739,305.3619050927143,305.5303697440526,2100.0,6.873293812851409,11.858667429412344,-1848.0,2100.0,18.607090692934783,192.91341572592984,193.80869379648723,1830.0,9.442300880071091,7.7150703641080485,-1829.0,1830.0,-1020.4144361413043,137.63604503232904,1029.654943356131,1928.0,1.8724719503756653,16.242189701745243,-1928.0,-80.0
M03_Aug_2019_OP11_004,M03,OP11,good,Aug,2019,116736,0,9.968690035635966,368.708119840605,368.8428559934711,5608.0,15.204306953146647,9.160467817550753,-5295.0,5608.0,17.86026589912281,278.81569962737257,279.38715692867595,1776.0,6.356770366697244,4.417590601758094,-1678.0,1776.0,-1020.5596816748904,192.12667964577597,1038.4867475765227,3316.0,3.193107671078542,7.157343387875433,-3316.0,683.0
M03_Aug_2019_OP11_005,M03,OP11,good,Aug,2019,118784,0,10.104138604525861,309.2118648581453,309.37690764824606,2422.0,7.828638596238587,11.556980740275689,-2010.0,2422.0,17.07177734375,205.09651968050298,205.80580158666453,1745.0,8.478866905339318,6.173408105101582,-1700.0,1745.0,-1020.2435176454742,149.74595118293226,1031.1744203544288,2024.0,1.9628105197802748,12.363595362127272,-2024.0,-62.0
M03_Aug_2019_OP11_006,M03,OP11,good,Aug,2019,114688,0,9.516505650111608,314.0341043426886,314.178265591532,2162.0,6.8814435522120085,10.926038567823792,-2162.0,2141.0,17.247584751674108,203.39812858849078,204.1280918763177,1940.0,9.503836449788873,6.681588710965635,-1899.0,1940.0,-1020.5432913643973,153.13535181214718,1031.9685293280543,2002.0,1.9399816400443552,11.832237116633445,-2002.0,-29.0
M03_Aug_2019_OP11_007,M03,OP11,good,Aug,2019,118784,0,10.19085903825431,313.8479029664101,314.0133115082078,2408.0,7.6684647170986535,11.174372406794232,-2408.0,2156.0,17.07506061422414,198.92833964532392,199.65981570918268,2000.0,10.017038195172574,7.204978886556656,-1959.0,2000.0,-1020.4722353178879,150.24491966083494,1031.4732759206986,2016.0,1.9544859251932702,12.285405752196047,-2016.0,-3.0
M03_Aug_2019_OP11_008,M03,OP11,good,Aug,2019,117760,0,9.888688858695652,309.38550417133564,309.54349671523653,2129.0,6.877870226937981,11.494767307916323,-2010.0,2129.0,18.724295176630434,203.05194651397449,203.91344294326342,2030.0,9.955204378383353,6.810184084042503,-1702.0,2030.0,-1020.5302649456522,159.50532172125992,1032.9201175925684,2065.0,1.999186543885799,10.503309759816457,-2065.0,42.0
M03_Aug_2019_OP11_009,M03,OP11,good,Aug,2019,114688,0,9.656703404017858,309.97590955275126,310.12629108749974,2170.0,6.997149427062768,11.228774269166644,-1938.0,2170.0,19.139805385044642,209.6942497192236,210.56592914212283,2194.0,10.41953942377423,6.5611332026836395,-1992.0,2194.0,-1020.4519653320312,166.64348750181225,1033.9691801387369,2114.0,2.044548368178968,9.381475793311466,-2114.0,-11.0
M03_Aug_2019_OP11_010,M03,OP11,good,Aug,2019,118784,0,9.983970905172415,307.64465866295154,307.80662058974514,2117.0,6.8776948200266546,11.62165034881451,-2117.0,2018.0,18.821070177801722,197.22563392061966,198.12163778352937,2012.0,10.15537738587817,7.273193168456485,-2012.0,1745.0,-1020.4966830549569,163.38289065224234,1033.4928393966024,2069.0,2.001949042247812,9.668421285388872,-2069.0,46.0
M03_Aug_2019_OP11_011,M03,OP11,good,Aug,2019,115712,0,10.892146017699115,322.17608654536866,322.3601550852086,4680.0,14.517923279826405,11.428868503470115,-4680.0,4089.0,18.427941786504423,245.89813520933424,246.5876759651926,2705.0,10.969729080790833,4.82975656515876,-2705.0,2414.0,-1020.2541827986726,195.84644320846024,1038.8813343378501,3423.0,3.294890269812876,6.470899762288499,-3423.0,392.0
M03_Aug_2019_OP11_012,M03,OP11,good,Aug,2019,116736,0,10.77672697368421,324.1559378044402,324.3350271835305,6310.0,19.455191302632198,15.007045252662182,-6240.0,6310.0,18.73487184758772,245.8280657565656,246.5409364319846,2832.0,11.486936169650223,4.9436819754961645,-2832.0,1963.0,-1020.1929396244518,197.19372760302545,1039.0760319945584,4229.0,4.069962033367494,7.6994121043310475,-4229.0,2387.0
M03_Aug_2019_OP11_013,M03,OP11,good,Aug,2019,116736,0,10.82726836622807,321.6145622164121,321.79676252244786,5742.0,17.843560497596524,13.083159159777026,-5742.0,4956.0,18.60268469024123,249.79016013756558,250.48190349651048,2623.0,10.471814384133909,4.937291979428347,-2231.0,2623.0,-1020.1125702439693,196.14893448607046,1038.7993359979482,2797.0,2.6925315631945343,6.455744533746948,-2797.0,232.0
M03_Aug_2019_OP11_014,M03,OP11,good,Aug,2019,117760,0,10.648819633152174,324.4642341072575,324.6389326226733,4341.0,13.37177880955372,10.827587146459837,-4341.0,4134.0,18.778175951086958,244.37271254197742,245.0931303141194,3066.0,12.509530544860697,5.121787107499289,-3066.0,2256.0,-1019.8840438179348,191.9440918307793,1037.7889945567767,3738.0,3.6018882639976737,7.17473312969378,-3738.0,1196.0
M03_Aug_2019_OP11_015,M03,OP11,good,Aug,2019,117760,0,10.697715692934782,325.4845931091663,325.66034679169405,8241.0,25.305506430819126,22.59249458399557,-8241.0,7696.0,18.583143682065216,235.21008398924133,235.9430372766576,2695.0,11.422248484662626,5.190421424207637,-2695.0,1912.0,-1020.0904211956522,190.54585855356441,1037.7341623108675,2691.0,2.593149669475634,7.211974774977454,-2691.0,1333.0
M03_Aug_2019_OP11_016,M03,OP11,good,Aug,2019,117760,0,9.85965523097826,376.2737002042134,376.40285634761597,6576.0,17.470643192800125,12.20238222818683,-6539.0,6576.0,21.778855298913044,268.3848851823475,269.2670888401938,2627.0,9.756112458136638,5.043546026629193,-2627.0,2059.0,-1020.1306725543478,197.80734399856104,1039.131528934596,2861.0,2.753260699281577,6.755025161037664,-2861.0,954.0
M03_Feb_2020_OP11_000,M03,OP11,good,Feb,2020,116736,0,10.427734375,309.47330700368985,309.6489389486029,2153.0,6.953035289933178,11.310846392187665,-2078.0,2153.0,20.958170572916668,213.368565780363,214.39540521413363,2112.0,9.850957383580953,6.7535613654981415,-1832.0,2112.0,-1020.6473924067982,143.7101764168738,1030.715147086025,2030.0,1.9695063235842536,14.52606441625867,-2030.0,-46.0
M03_Feb_2020_OP11_001,M03,OP11,good,Feb,2020,117760,0,10.686336616847827,306.6236698713985,306.80983151733085,2156.0,7.027154212554018,11.625227347959587,-1985.0,2156.0,20.98272758152174,210.44037371788298,211.48386639950246,1952.0,9.230018503220405,6.516307904577255,-1952.0,1834.0,-1020.7617527173913,141.15408445456035,1030.4751483509372,1987.0,1.9282367004966432,15.232219481003632,-1987.0,-70.0
M03_Feb_2020_OP11_002,M03,OP11,good,Feb,2020,118784,0,10.963058997844827,305.0266286853601,305.22357849574263,2188.0,7.168515652635005,11.784309134367803,-2108.0,2188.0,20.76698040140086,207.23752714217062,208.27544293793753,2256.0,10.831809877231898,7.708503911022424,-2256.0,1989.0,-1020.7794147359914,142.95263264816833,1030.7405438468961,1983.0,1.9238595123066686,14.480494110009474,-1983.0,-42.0
M03_Aug_2019_OP12_000,M03,OP12,good,Aug,2019,93184,0,10.523351648351648,530.6923418772817,530.7966679031704,4228.0,7.965385345582624,6.106669381740925,-4228.0,3306.0,19.273458962912088,310.746937914909,311.3440631261296,2619.0,8.41191565916903,6.067224210419931,-2268.0,2619.0,-1019.4592097355769,325.7563017161586,1070.2402760233217,3158.0,2.9507392599109994,4.104979343161693,-3158.0,556.0
M03_Aug_2019_OP12_001,M03,OP12,good,Aug,2019,93184,0,10.396301940247254,544.3983803808318,544.4976397150915,6853.0,12.585913142958404,6.797565477454428,-6853.0,6154.0,18.98909684065934,307.693914216583,308.27930622204576,3345.0,10.850549915246926,7.041134603506343,-2961.0,3345.0,-1019.6197201236264,327.31482525506766,1070.868511301335,2715.0,2.535325272288278,4.180346371677745,-2715.0,2149.0
M03_Aug_2019_OP12_002,M03,OP12,good,Aug,2019,87040,0,9.145760569852941,469.6028004445693,469.69185124055866,2678.0,5.701610519592404,6.878784503522114,-2678.0,2297.0,18.7833984375,248.33634722594303,249.0456934186697,4696.0,18.85597753383181,13.460021010723985,-2703.0,4696.0,-1020.0919462316176,257.81392929983275,1052.1670974268434,2035.0,1.9341034375402453,4.853134292172341,-2035.0,111.0
M03_Aug_2019_OP12_003,M03,OP12,good,Aug,2019,90112,0,9.281505237926137,465.4321420789983,465.5246773477498,3253.0,6.987814305642038,7.044871066631877,-3253.0,2611.0,18.826338334517047,239.90212402626057,240.63968942673822,2186.0,9.084120766643188,9.889942632031005,-2186.0,2131.0,-1020.0983220880681,251.38050898793088,1050.6154134724673,2141.0,2.0378532168337617,5.126942830910589,-2141.0,-54.0
M03_Aug_2019_OP12_004,M03,OP12,good,Aug,2019,95232,0,10.194818968413978,461.7642668729803,461.87679363066036,3117.0,6.748552953912874,7.183061144828678,-3002.0,3117.0,18.528351814516128,240.71845137231847,241.43047167259093,3355.0,13.896340328364962,13.264836862042932,-3355.0,3263.0,-1019.7679981518817,246.7950742606966,1049.2066425323653,2074.0,1.9767316712694396,5.294476259323132,-2074.0,187.0
M03_Aug_2019_OP12_005,M03,OP12,good,Aug,2019,90112,0,9.316195401278408,612.886216664976,612.9570181298707,4438.0,7.240311912147314,5.975794539215445,-4438.0,4136.0,17.906882546164773,319.38627573000554,319.8878703033381,2545.0,7.955912794025821,6.476648753657158,-2545.0,2490.0,-1020.0601029829545,306.8464587192437,1065.2123557892749,2990.0,2.806952044585085,5.307792412737119,-2990.0,999.0
M03_Aug_2019_OP12_006,M03,OP12,good,Aug,2019,91136,0,9.432825667134832,468.0411696200918,468.13621378762195,2568.0,5.48558288029607,6.902051704100361,-2568.0,2363.0,16.859824877106742,240.82676920787722,241.4162100232519,2281.0,9.448412763087891,9.43663525143221,-2000.0,2281.0,-1019.6915379213483,260.94199704532576,1052.5500265214987,2196.0,2.08636164046037,4.892836289675824,-2196.0,126.0
M03_Aug_2019_OP12_007,M03,OP12,good,Aug,2019,91136,0,9.501788535814606,471.40591182617374,471.5016624467465,2537.0,5.380680922384956,6.912283183032456,-2479.0,2537.0,16.98022735252809,250.20023688310096,250.77576967742192,3445.0,13.737371853873183,12.341021893395821,-3261.0,3445.0,-1019.7785836551966,261.71390214442664,1052.8259714964584,2045.0,1.9423912929249763,4.843490942417435,-2045.0,136.0
M03_Aug_2019_OP12_008,M03,OP12,good,Aug,2019,94208,0,9.950121008831522,468.8153403805509,468.9209190089755,2627.0,5.602223943329168,6.987515623452907,-2627.0,2365.0,16.860181725543477,244.43092704149032,245.01172180567343,2199.0,8.975080799375373,9.89029459269262,-2199.0,2194.0,-1019.8522736922554,257.15080345941334,1051.7724068804453,2127.0,2.0223006290007906,4.990974309671192,-2127.0,87.0
M03_Aug_2019_OP12_009,M03,OP12,good,Aug,2019,95232,0,9.783150621639784,455.8996433699915,456.00459960506004,2732.0,5.991167638146965,7.445326939849523,-2732.0,2457.0,18.597971270161292,245.52875005330657,246.23210927518133,2494.0,10.128654655728848,9.02965556754335,-2061.0,2494.0,-1020.2479733702957,257.64486936067703,1052.276962531289,2153.0,2.046039281161191,5.018572532963275,-2153.0,35.0
M03_Aug_2019_OP12_010,M03,OP12,good,Aug,2019,94208,0,9.798838739809783,466.75810853890243,466.86095266948877,2742.0,5.873269084341652,7.043920560897811,-2742.0,2664.0,18.678445567255434,249.07895173845833,249.77831877074155,2791.0,11.173908182806342,8.635081125624179,-2791.0,2566.0,-1020.2411684782609,260.3697656313394,1052.9408609759646,2203.0,2.0922352637716544,4.920759291354053,-2203.0,167.0
M03_Aug_2019_OP12_011,M03,OP12,good,Aug,2019,90112,0,9.127785422585227,475.19398293459676,475.281640592151,2728.0,5.739754636011605,6.820379097913213,-2693.0,2728.0,18.777410333806817,260.79068621981855,261.4658164231952,3310.0,12.659398636809193,10.07759020382765,-3236.0,3310.0,-1020.2716952237216,265.1549852961967,1054.1638858840276,2326.0,2.206488033925962,4.789671730429497,-2326.0,269.0
M03_Aug_2019_OP12_012,M03,OP12,good,Aug,2019,93184,0,10.304708962912088,537.5398279800396,537.6385902180208,6951.0,12.928759442623457,6.419916221042139,-6951.0,5408.0,18.041498540521978,296.3454892177513,296.8941640539538,3119.0,10.505427110494475,6.133215903918906,-2412.0,3119.0,-1019.8105576064561,323.4965239975845,1069.8895150641072,2615.0,2.444177611968943,4.189781697122228,-2615.0,1280.0
M03_Aug_2019_OP12_013,M03,OP12,good,Aug,2019,93184,0,10.32997081043956,543.1479400842401,543.2461625402409,5676.0,10.448302061553083,6.254316914714281,-5676.0,4944.0,18.347312843406595,306.91475089250713,307.4626614793795,3886.0,12.638933070123771,6.84971346346912,-3886.0,3455.0,-1019.6878326751373,321.88253309167175,1069.2855751459617,3913.0,3.6594527139916386,4.26290447349198,-3913.0,1778.0
M03_Aug_2019_OP12_014,M03,OP12,good,Aug,2019,93184,0,10.175824175824175,527.929435852495,528.027496099579,5147.0,9.747598445194118,6.051095934134877,-5147.0,3755.0,18.333029275412088,307.5299792621645,308.07594535666107,2459.0,7.981798115244614,5.659988550663651,-2256.0,2459.0,-1019.7956945398352,317.38130261889626,1068.0422041539614,2660.0,2.4905382855231752,4.206614287872703,-2660.0,460.0
M03_Aug_2019_OP12_015,M03,OP12,good,Aug,2019,94208,0,9.98197605298913,548.8862363672193,548.9769943442926,6853.0,12.483218915549164,6.583891683259039,-6853.0,5506.0,18.34590480638587,318.7512931725965,319.2788109511302,3131.0,9.806476009706891,5.705480621605827,-2644.0,3131.0,-1018.9026197350544,333.19389679027205,1071.9984707830713,2906.0,2.7108247625364905,4.192525108338146,-2906.0,1331.0
M03_Aug_2019_OP12_016,M03,OP12,good,Aug,2019,94208,0,10.266028362771738,533.1066569426802,533.2054941717552,7587.0,14.229035677483266,7.305039648312638,-7587.0,6720.0,18.44913383152174,303.2960668800068,303.85666805916065,2765.0,9.099685116871145,6.8478228875794,-2668.0,2765.0,-1019.4390497622283,329.0255030766526,1071.220685878946,2992.0,2.793075263987306,4.219953681255129,-2992.0,689.0
M03_Aug_2019_OP12_017,M03,OP12,good,Aug,2019,93184,0,9.624184409340659,636.7367757336683,636.8095056586803,6140.0,9.641815873412765,6.33085397963478,-6140.0,4913.0,21.46612079326923,303.54856995513563,304.30663591798174,2561.0,8.415853279947052,6.777766789611193,-2393.0,2561.0,-1019.7534447973901,314.9602171112203,1067.28488536983,3361.0,3.149112337363762,6.094741434431033,-3361.0,1182.0
M03_Aug_2019_OP12_018,M03,OP12,good,Aug,2019,97280,0,1.4600637335526316,468.0274036462093,468.02968105657334,3019.0,6.450445606750049,7.412803088879866,-3019.0,2092.0,2.6988589638157894,269.78079268300723,269.79429189732366,1840.0,6.820010857384091,7.120762085166672,-1840.0,1668.0,-1032.2527549342105,286.96185230777684,1071.3976174834334,2988.0,2.7888805717324665,6.018447193510683,-2988.0,513.0
M03_Aug_2019_OP12_019,M03,OP12,good,Aug,2019,90112,0,0.8465687144886364,459.9509986640821,459.95177774487917,2820.0,6.131077509530066,7.070909974057266,-2820.0,2102.0,2.5121404474431817,264.03001432266643,264.0419650602061,2073.0,7.851024739674696,6.426916887668227,-2073.0,1620.0,-1032.1351873224432,271.2431868700651,1067.1812926267794,2853.0,2.673397687638971,5.564326721411406,-2853.0,534.0
M03_Aug_2020_OP12_000,M03,OP12,good,Aug,2020,95232,0,9.060725386424732,465.1601118138348,465.2483491289222,2514.0,5.403565654143483,7.110854699051996,-2514.0,2479.0,13.479303175403226,259.2741490682572,259.6242977634476,3332.0,12.83392975427861,8.816992190600361,-2641.0,3332.0,-1021.0925739247311,259.9759171253676,1053.6686016055564,2235.0,2.1211602932785105,5.1980564762344175,-2235.0,181.0
M03_Aug_2020_OP12_001,M03,OP12,good,Aug,2020,95232,0,8.875441028225806,464.7685602815573,464.85329737416845,2424.0,5.214548361155069,7.151734824460337,-2424.0,2371.0,13.382266465053764,262.35049493904586,262.6915819939878,2114.0,8.047460005963886,7.852018918166988,-1953.0,2114.0,-1020.903813844086,261.69565200463177,1053.9113868819948,2207.0,2.0941039516893607,5.148355903906955,-2207.0,242.0
M03_Aug_2021_OP12_000,M03,OP12,good,Aug,2021,90112,0,9.313609730113637,453.67301274901837,453.76860383126535,3054.0,6.730302568785996,8.493882231974652,-3054.0,2352.0,17.895185990767047,256.3515010189313,256.9753485381492,4852.0,18.881188517114502,26.296480030463375,-4485.0,4852.0,-1022.2516424005681,227.52030149092158,1047.2649655083374,2326.0,2.22102340535279,7.862999458172215,-2326.0,146.0
M03_Aug_2021_OP12_001,M03,OP12,good,Aug,2021,91136,0,9.694961376404494,459.7445625631956,459.84677348277006,2795.0,6.0781115823241185,7.793882809561157,-2795.0,2418.0,19.57666564255618,291.21188911214716,291.8691662336841,3123.0,10.699999730357197,8.858984547047855,-3123.0,2877.0,-1022.3817262113764,256.4875346624546,1054.0636838105077,2172.0,2.06059655916432,5.00275632110221,-2172.0,52.0
M03_Aug_2021_OP12_002,M03,OP12,good,Aug,2021,93184,0,5.927487551510989,464.33168529217903,464.3695178141525,2785.0,5.997379012105179,8.2028699465541,-2785.0,2506.0,1.6060482486263736,312.64904258362907,312.65316761458985,3581.0,11.45358618088376,11.449167354452209,-3230.0,3581.0,-1018.1633005666209,260.91295658524655,1051.0623566348336,2748.0,2.6144975915589055,5.114962230612111,-2748.0,589.0
M03_Aug_2021_OP12_003,M03,OP12,good,Aug,2021,93184,0,9.423828125,449.36235287519764,449.46115818618097,2603.0,5.791379193931938,8.875130408166692,-2603.0,2356.0,14.483419900412088,222.27683248588022,222.74819799937265,4280.0,19.21452132246679,18.908716164458223,-3835.0,4280.0,-1022.8422583276099,216.21288265955116,1045.4445447027201,2063.0,1.973323224510803,7.930280340310941,-2063.0,-46.0
M03_Feb_2020_OP12_000,M03,OP12,good,Feb,2020,95232,0,10.65625,483.7841382656277,483.901485946756,2736.0,5.654043394074313,6.756876928706238,-2736.0,2525.0,22.820974042338708,318.59096718572783,319.4072654599119,2670.0,8.359233770576536,5.486574735046702,-2670.0,2178.0,-1020.7859122983871,279.3146028366943,1058.310222054323,2297.0,2.17044109764074,4.691151202150737,-2297.0,251.0
M03_Feb_2020_OP12_001,M03,OP12,good,Feb,2020,93184,0,10.129872081043956,488.9882314264409,489.09314530254545,2643.0,5.403878638219477,6.627398969257868,-2643.0,2508.0,22.722978193681318,324.51008388929154,325.30466993854475,2326.0,7.1502201319133185,5.513453379205754,-2326.0,2297.0,-1020.6627961881868,284.8460863868797,1059.6649642470065,2359.0,2.2261753286108648,4.595564472104683,-2359.0,175.0
M03_Feb_2020_OP12_002,M03,OP12,good,Feb,2020,91136,0,10.482783971207866,485.9819350301964,486.09498036441505,2717.0,5.589442618730856,6.309460406535562,-2717.0,2285.0,21.784486920646067,279.1540476784724,280.0027610679413,2432.0,8.685628637104356,6.649350419609613,-2432.0,2291.0,-1019.3331175386236,261.9533430595926,1052.4540647701,2231.0,2.119807481086924,4.893470651674696,-2231.0,11.0
M03_Feb_2020_OP12_003,M03,OP12,good,Feb,2020,92160,0,10.558973524305555,460.68846416928136,460.8094540485668,2422.0,5.255968554292583,7.2130937346203785,-2395.0,2422.0,22.030848524305554,265.9757659361011,266.8866170342689,2598.0,9.734470873323747,8.50237374793402,-2598.0,2553.0,-1019.7513563368055,244.32547694890803,1048.612305591092,2078.0,1.981666616842392,5.589693262441139,-2078.0,-19.0
M03_Feb_2020_OP12_004,M03,OP12,good,Feb,2020,94208,0,10.790272588315217,456.5816247311057,456.7091087602987,2412.0,5.281260990277128,7.398100146262399,-2412.0,2303.0,21.99056343410326,265.51497758610736,266.4240758690934,2664.0,9.999096332828975,8.002045222570361,-2371.0,2664.0,-1019.6916291610054,244.21943192254452,1048.5295177102053,2096.0,1.9989899803462632,5.527069865795656,-2096.0,-9.0
M03_Feb_2020_OP12_005,M03,OP12,good,Feb,2020,90112,0,10.103948419744318,461.4686292718706,461.5792300090289,2336.0,5.06088629671293,7.192267791578913,-2336.0,2309.0,21.936756480823863,263.0684699707409,263.981516734876,2660.0,10.076463052795898,8.178585801234284,-2328.0,2660.0,-1019.6139026988636,245.44731134188595,1048.740622471433,2045.0,1.949957841034907,5.528409861106732,-2045.0,7.0
M03_Feb_2020_OP12_006,M03,OP12,good,Feb,2020,91136,0,10.377984550561798,456.7584305062461,456.87631411779375,2510.0,5.493828247250439,7.339699833485667,-2510.0,2305.0,20.610746576544944,246.75571757050557,247.6149975833,2625.0,10.60113492970847,8.719640790068722,-2625.0,2469.0,-1018.8449679599719,238.7696135961332,1046.4492329368888,2020.0,1.9303373125238135,5.750345858567653,-2020.0,-15.0
M03_Feb_2020_OP12_007,M03,OP12,good,Feb,2020,94208,0,10.383820906929348,450.6997601304335,450.81936240389837,2516.0,5.580949288832594,7.433090573701249,-2516.0,2235.0,20.36918308423913,239.94874387680272,240.81175907246458,2594.0,10.771899221164773,8.9847657068876,-2594.0,2317.0,-1018.9288807744565,237.0500498473114,1046.1399477167954,2030.0,1.9404669560994043,5.817350763576025,-2030.0,-42.0
M03_Feb_2020_OP12_008,M03,OP12,good,Feb,2020,91136,0,10.475147033005618,451.14971313289476,451.271306826898,2584.0,5.726045420811986,7.499461668715541,-2584.0,2412.0,20.625526685393258,244.71073215739665,245.57840862758883,2730.0,11.116612471171889,9.234410964231168,-2209.0,2730.0,-1018.8792464009831,239.10919584399159,1046.5601398313408,2045.0,1.9540205308502991,5.705292814670814,-2045.0,-62.0
M03_Feb_2020_OP12_009,M03,OP12,good,Feb,2020,91136,0,10.309592257724718,485.6462129133539,485.7556297250741,2674.0,5.5048255467742475,6.4108338961421145,-2674.0,2371.0,21.821113500702246,278.56505736497223,279.41841775223196,3101.0,11.098051534848151,6.871039302616474,-2598.0,3101.0,-1019.4643060919943,261.5264027982659,1052.4749549306302,2186.0,2.077009044024313,4.889296800426763,-2186.0,121.0
M03_Feb_2021_OP12_000,M03,OP12,good,Feb,2021,91136,0,7.76539457514045,481.58142615714195,481.64402972782125,3039.0,6.309639095323884,7.678333879956548,-3039.0,2664.0,13.496861832865168,337.11580529092623,337.38587915958357,3380.0,10.018202327908512,9.342469129091905,-3380.0,3076.0,-1022.2890954178371,255.6702630398376,1053.7752502374876,2201.0,2.0886806740848813,5.28843644738694,-2201.0,148.0
M03_Feb_2021_OP12_001,M03,OP12,good,Feb,2021,95232,0,8.667265204973118,460.12118714919126,460.2028121923142,2525.0,5.48671136530306,7.600636889340194,-2400.0,2525.0,14.369728662634408,292.25920429780234,292.6122546965904,3583.0,12.244873351990032,8.864024338166962,-3267.0,3583.0,-1022.6674542170699,255.55584899697564,1054.1145639214876,2240.0,2.125006215327122,5.369860313053148,-2240.0,93.0
M03_Feb_2021_OP12_002,M03,OP12,good,Feb,2021,91136,0,10.576073121488765,451.9538977059597,452.07762494319513,2961.0,6.5497601222180775,8.904515247716757,-2961.0,2598.0,16.202916520365168,245.7193631920685,246.2529998828067,5610.0,22.781448358679217,34.79905758189327,-4667.0,5610.0,-1021.6092543012641,214.12592188077699,1043.808114020617,2270.0,2.174729214602717,8.666012961427969,-2270.0,1.0
M03_Feb_2021_OP12_003,M03,OP12,good,Feb,2021,95232,0,8.928721438172044,462.5019478780672,462.5881255042404,2623.0,5.670270928681579,7.631982891965628,-2623.0,2274.0,17.466576360887096,301.54866669781285,302.0541005796798,3544.0,11.73299747693747,10.871089237656795,-3544.0,3484.0,-1022.4184097782259,258.0092289497491,1054.4705623566172,2207.0,2.0929934687485403,5.232409215796069,-2207.0,193.0
M03_Feb_2021_OP12_004,M03,OP12,good,Feb,2021,95232,0,9.335496471774194,470.27001579639074,470.36266779104835,2619.0,5.568043935756084,7.384794426841868,-2619.0,2383.0,18.824439264112904,320.17902519656695,320.7319249613797,3734.0,11.642121377376517,10.286400569040225,-3679.0,3734.0,-1022.487798219086,262.1463956170695,1055.5576868375956,2236.0,2.118311512371207,5.069052591546804,-2236.0,76.0
M03_Feb_2021_OP12_005,M03,OP12,good,Feb,2021,93184,0,9.968063186813186,450.0457483632153,450.15612614236716,2832.0,6.29115063759978,8.608643350542325,-2832.0,2477.0,19.070248111263737,269.29934072986146,269.973719610934,5083.0,18.827758521552546,24.35567653960887,-5083.0,4696.0,-1022.357657967033,233.27404826328464,1048.633378448816,2225.0,2.1218092478529686,7.081951185362758,-2225.0,150.0
M03_Aug_2019_OP13_000,M03,OP13,good,Aug,2019,65536,0,11.526382446289062,373.81795906829313,373.9956203143056,5873.0,15.70339244899268,13.126668577228601,-5873.0,5451.0,18.165023803710938,171.78120097944958,172.73896230940906,3121.0,18.067724607547905,13.265961434638992,-3121.0,2100.0,-1019.6219482421875,198.9049255140831,1038.8417043664338,2352.0,2.2640600489122953,10.665821785685935,-2352.0,1483.0
M03_Aug_2019_OP13_001,M03,OP13,good,Aug,2019,65536,0,10.931121826171875,376.9558374069333,377.11429670531055,7189.0,19.063186049447815,14.173925778141767,-7189.0,5075.0,17.849380493164062,171.77841720967743,172.7032860227383,2324.0,13.456605566231206,13.418449536224113,-2322.0,2324.0,-1019.5894470214844,196.66457650729782,1038.3831644101185,2393.0,2.3045442973446204,10.119234926383623,-2393.0,556.0
M03_Aug_2019_OP13_002,M03,OP13,good,Aug,2019,62464,0,12.94206262807377,375.4056345529406,375.6286563072165,2313.0,6.157677166430721,10.895059731285915,-2313.0,2045.0,17.97797131147541,187.39193144566192,188.2523397554779,1909.0,10.140644214460291,12.063369836476179,-1909.0,1795.0,-1020.3643378586065,211.1136015209977,1041.9752083043047,2330.0,2.236137656088582,9.230515940946347,-2330.0,210.0
M03_Aug_2019_OP13_003,M03,OP13,good,Aug,2019,62464,0,12.888479764344263,374.13412319042834,374.35605383926486,2317.0,6.189294860434759,10.805356246082823,-1950.0,2317.0,18.0394787397541,181.85054632895145,182.74310929099397,2264.0,12.38897602642233,13.04546309506859,-2010.0,2264.0,-1020.280481557377,210.05389125282727,1041.6788844348375,2201.0,2.112935217261461,9.27959192916563,-2201.0,247.0
M03_Aug_2019_OP13_004,M03,OP13,good,Aug,2019,66560,0,13.327719350961539,368.6628755545728,368.90370547781765,2412.0,6.538291603430464,10.987594616875775,-2004.0,2412.0,17.723572716346155,171.52258437400207,172.43584888348556,1879.0,10.896806042168384,12.307200914795342,-1698.0,1879.0,-1020.3767728365384,200.0835707043118,1039.808729435417,2117.0,2.035951363044878,9.692256762054983,-2117.0,97.0
M03_Aug_2019_OP13_005,M03,OP13,good,Aug,2019,65536,0,10.730148315429688,376.75933386229246,376.9121008076412,6334.0,16.804979162058228,13.657406972064368,-6334.0,5323.0,17.047149658203125,173.51779190468088,174.35317438734896,1936.0,11.103898777884687,11.981810418781622,-1936.0,1871.0,-1020.1059112548828,199.65916842668256,1039.461328628434,2289.0,2.202102124395843,10.582717613604643,-2289.0,292.0
M03_Aug_2019_OP13_006,M03,OP13,good,Aug,2019,65536,0,10.622848510742188,382.7149254024106,382.8623238662364,8219.0,21.467246808206536,24.58673336268796,-8219.0,7929.0,17.26800537109375,170.9159230676943,171.78602029146063,2393.0,13.93012071610902,13.046478496651478,-2393.0,1889.0,-1020.0911865234375,195.47685401543043,1038.6516400018654,3146.0,3.028927003855065,10.819145952654349,-3146.0,1643.0
M03_Aug_2019_OP13_007,M03,OP13,good,Aug,2019,65536,0,10.476516723632812,379.469859414941,379.61445126214,7120.0,18.755871849260384,17.768743837072478,-7120.0,6258.0,17.301498413085938,174.31608388856992,175.1725975990108,2184.0,12.46770345325023,12.108225872489635,-2184.0,2174.0,-1020.2662811279297,195.7242792851963,1038.8701930021505,3054.0,2.93973204792264,10.899831639207203,-3054.0,1610.0
M03_Aug_2019_OP13_008,M03,OP13,good,Aug,2019,67584,0,13.608191287878787,365.0798311708575,365.3333628316326,2104.0,5.759123622579328,11.163099831902379,-1829.0,2104.0,16.240648674242426,172.41093320918534,173.17415673079614,1762.0,10.174728338588512,11.157776548923662,-1559.0,1762.0,-1020.1550810842803,209.77260929117946,1041.4993696929942,2297.0,2.2054742103944753,9.267512339508025,-2297.0,216.0
M03_Aug_2019_OP13_009,M03,OP13,good,Aug,2019,62464,0,12.90309618340164,372.5651642609555,372.7885345767904,2102.0,5.6385854312453665,10.693152243395755,-1991.0,2102.0,16.388415727459016,182.4578651928238,183.19239269352505,2211.0,12.069278464520803,11.599737575765692,-2211.0,2073.0,-1020.3241547131148,214.72736532846562,1042.674072810836,2211.0,2.1205092345296324,8.953900367572006,-2211.0,234.0
M03_Aug_2019_OP13_010,M03,OP13,good,Aug,2019,66560,0,13.190414663461539,368.09720246289015,368.33345965307035,2137.0,5.80180796502392,10.985563549128278,-1807.0,2137.0,16.10889423076923,181.89214715356198,182.60407900556643,1924.0,10.536456855059352,10.900647613581343,-1668.0,1924.0,-1020.3639723557692,208.3461657812758,1041.4176687945157,2207.0,2.1192265755916107,9.820407121369463,-2207.0,160.0
M03_Aug_2019_OP13_011,M03,OP13,good,Aug,2019,62464,0,12.65277599897541,370.95274273261094,371.1684659037279,2250.0,6.061937386091402,10.891310019492359,-1938.0,2250.0,17.93325755635246,181.6097913191978,182.49306296291113,3031.0,16.608850499791345,13.349685053348649,-2828.0,3031.0,-1020.3959880891393,220.75637655424705,1044.0025624000027,2311.0,2.2135960995032073,9.833026775558084,-2311.0,376.0
M03_Aug_2019_OP13_012,M03,OP13,good,Aug,2019,65536,0,11.159439086914062,375.30324146795004,375.4691147579052,4134.0,11.01022650735339,11.476930918508137,-4134.0,3740.0,17.054153442382812,169.82624162329546,170.68039282099826,3013.0,17.652877112603647,14.100292560702812,-2723.0,3013.0,-1019.7023010253906,192.6584719200446,1037.7427761825388,3833.0,3.6935935262302184,10.30023598503405,-3833.0,191.0
M03_Aug_2019_OP13_013,M03,OP13,good,Aug,2019,62464,0,12.76487256659836,371.1628347834554,371.3822719195575,2199.0,5.9211226982754575,10.82969331703778,-1897.0,2199.0,17.81651831454918,181.440152520151,182.31280062406017,2006.0,11.003067218173513,10.995689931937253,-2006.0,1998.0,-1020.2361680327868,219.5298062729342,1043.5876457703287,2344.0,2.246097881189238,9.608501349849618,-2344.0,359.0
M03_Aug_2019_OP13_014,M03,OP13,good,Aug,2019,66560,0,13.191391225961539,365.92443768291463,366.16213197985627,2361.0,6.447963330434962,11.200638337724941,-1922.0,2361.0,17.977283653846154,171.51305410714346,172.4526325015967,1717.0,9.956357146267992,11.25205847750879,-1524.0,1717.0,-1020.2124849759615,213.57546517400738,1042.3281603339326,2330.0,2.235380457584043,10.498168218756483,-2330.0,353.0
M03_Aug_2019_OP13_015,M03,OP13,good,Aug,2019,66560,0,11.075661057692308,376.34028531519914,376.50322789982874,7478.0,19.86171550696392,21.109166789823007,-7478.0,7070.0,17.17549579326923,169.1199754353417,169.98989307307417,2266.0,13.330204278826779,12.340470917641925,-2266.0,1991.0,-1019.7370192307692,198.96337515033053,1038.9658382453513,3398.0,3.270559892266221,11.086500506932182,-3398.0,1208.0
M03_Aug_2019_OP13_016,M03,OP13,good,Aug,2019,66560,0,11.215294471153847,372.5012757873381,372.6700729777872,4458.0,11.962323575860939,11.788998959748257,-4458.0,3970.0,17.089573317307693,173.46217790319278,174.30198128273395,2697.0,15.473145974314637,13.464581857463061,-2615.0,2697.0,-1019.7087890625,196.58468416372722,1038.4852201832543,3656.0,3.5205123086439793,10.600695877095813,-3656.0,355.0
M03_Aug_2019_OP13_017,M03,OP13,good,Aug,2019,66560,0,10.851487379807692,392.752431131555,392.90231220762877,4475.0,11.389599554291225,10.483668864299919,-4475.0,4003.0,18.011072716346153,186.5932048901272,187.46045676772076,2996.0,15.982037234190118,12.023688804385658,-2996.0,2123.0,-1019.7047776442307,201.46560189075197,1039.416289219903,3822.0,3.677063790166754,10.790059767755135,-3822.0,974.0
M03_Aug_2019_OP13_018,M03,OP13,good,Aug,2019,66560,0,10.66846454326923,408.2892909657242,408.42864891313,8729.0,21.37215404264307,23.30207089253396,-8729.0,8192.0,17.747325721153846,187.5555821672686,188.39337560635133,2313.0,12.277501756924948,12.500271435226455,-1743.0,2313.0,-1019.8978215144231,204.68357219088568,1040.2340751266936,3517.0,3.3809698067924305,12.328715150649414,-3517.0,1667.0
M03_Aug_2019_OP13_019,M03,OP13,good,Aug,2019,66560,0,10.614152644230769,371.4762600205258,371.62786762457995,5584.0,15.025783818884596,12.391160739228392,-5584.0,3745.0,17.14112079326923,168.14153011801253,169.01299409357838,1971.0,11.661825237583242,11.288093654312123,-1971.0,1606.0,-1019.9151442307692,196.34930175148702,1038.6433217084523,2205.0,2.1229617077525913,10.360948299552954,-2205.0,318.0
M03_Aug_2019_OP13_020,M03,OP13,good,Aug,2019,65536,0,2.0674591064453125,380.73325277031535,380.7388660909491,1979.0,5.197788238218018,11.318365027381223,-1881.0,1979.0,3.2361907958984375,243.33271244274346,243.35423126711882,1950.0,8.013010457416597,14.69107474690672,-1950.0,1916.0,-1032.24755859375,182.4950583265739,1048.255440499298,2574.0,2.4555083623262375,14.601136183017651,-2574.0,544.0
M03_Aug_2019_OP13_021,M03,OP13,good,Aug,2019,65536,0,2.602447509765625,380.2968352009818,380.3057396318439,1961.0,5.156377607917125,11.311868709416359,-1926.0,1961.0,4.42962646484375,239.52851418999273,239.56946946696607,2065.0,8.619629223183383,15.123202928103892,-1998.0,2065.0,-1032.182144165039,179.72599709659548,1047.7124666460272,2723.0,2.5989955132603892,14.175639128364143,-2723.0,517.0
M03_Aug_2020_OP13_000,M03,OP13,good,Aug,2020,66560,0,10.417172475961538,369.36135308830876,369.50822269283833,2422.0,6.554657924387625,11.124755307809885,-2016.0,2422.0,19.929041466346153,193.94916011852118,194.97036545189917,1850.0,9.488621492359107,8.817782738071367,-1547.0,1850.0,-1021.0352914663462,214.5174967263696,1043.3268053785996,2340.0,2.2428255345657178,10.373990340427055,-2340.0,413.0
M03_Aug_2020_OP13_001,M03,OP13,good,Aug,2020,62464,0,10.10145043545082,366.048108968413,366.1874620740735,2026.0,5.532685331509724,11.49872605844201,-1979.0,2026.0,19.248543160860656,177.0815692781532,178.12464341530313,1670.0,9.375457365022443,10.276865000826284,-1606.0,1670.0,-1020.9162877817623,171.93432728262934,1035.2929438358133,2127.0,2.0544909657351247,12.535910953514222,-2127.0,-70.0
M03_Aug_2020_OP13_002,M03,OP13,good,Aug,2020,65536,0,9.560714721679688,373.66514861086364,373.78744033523674,2199.0,5.883022709451646,10.849522800729794,-1992.0,2199.0,13.690338134765625,186.57076132817835,187.07237727901014,2373.0,12.684929942707553,10.691742958658384,-2373.0,1905.0,-1021.6047058105469,213.65701821881296,1043.7075722482846,2244.0,2.1500275169663916,9.608819608368197,-2244.0,306.0
M03_Aug_2020_OP13_003,M03,OP13,good,Aug,2020,62464,0,9.089891777663935,373.99812032986557,374.1085673207742,2201.0,5.883318887249067,10.647673022314367,-1893.0,2201.0,13.851162269467213,193.45487195126248,193.95010228895077,2010.0,10.363490280636519,8.7160005176225,-2010.0,1631.0,-1021.6804879610655,220.93778546406676,1045.2963811886689,2356.0,2.253906205358572,9.577057215956437,-2356.0,345.0
M03_Aug_2021_OP13_000,M03,OP13,good,Aug,2021,66560,0,9.582451923076922,365.1480071833854,365.2737200167236,2221.0,6.080371727531656,12.341761967699266,-2053.0,2221.0,18.95262920673077,188.6082850271635,189.55813708394473,2201.0,11.611213498185519,9.39110791386417,-1583.0,2201.0,-1022.4639122596154,178.07543032089822,1037.8551492174674,2127.0,2.0494189402092737,11.601728069523354,-2127.0,136.0
M03_Aug_2021_OP13_001,M03,OP13,good,Aug,2021,66560,0,10.503365384615385,366.86817742079893,367.0185012890515,2287.0,6.231293496015982,12.152091615431386,-2219.0,2287.0,20.14229266826923,190.40829901221332,191.47070869106494,1719.0,8.97787453627479,8.301629677992244,-1719.0,1401.0,-1022.2485426682692,201.84189957553016,1041.9847577635953,2289.0,2.1967691781911136,10.140571825436705,-2289.0,134.0
M03_Aug_2021_OP13_002,M03,OP13,good,Aug,2021,66560,0,6.355919471153846,370.1310547905546,370.18562294164303,2564.0,6.92625494103588,12.84929650787366,-2174.0,2564.0,2.5049579326923075,210.04157478098614,210.0565113266455,2082.0,9.911618482335044,9.370343531220081,-2082.0,1877.0,-1019.4231520432693,207.47245012757625,1040.3212871434353,2184.0,2.0993514474715145,9.418532587326164,-2184.0,189.0
M03_Aug_2021_OP13_003,M03,OP13,good,Aug,2021,66560,0,9.675886418269231,362.39238370458736,362.5215339053283,2480.0,6.840972930031921,13.085902518597738,-2359.0,2480.0,15.162980769230769,173.71937342419199,174.37986319727952,1713.0,9.823381946699017,9.698621120828111,-1491.0,1713.0,-1022.8897385817307,175.63981244814252,1037.8597019889635,1932.0,1.8615232832506148,11.021249285919541,-1932.0,-175.0
M03_Aug_2021_OP13_004,M03,OP13,good,Aug,2021,66560,0,9.638957331730769,363.4555611124974,363.58335275703047,2313.0,6.3616774048114735,13.148093517629551,-2043.0,2313.0,15.03466045673077,175.02722088422595,175.67176513459643,1547.0,8.806196025950541,9.373968566015927,-1495.0,1547.0,-1022.9724609375,176.24033075465073,1038.043019349889,1903.0,1.8332573549714932,10.872632719123011,-1903.0,-169.0
M03_Feb_2020_OP13_000,M03,OP13,good,Feb,2020,62464,0,11.851002177254099,369.16518275341036,369.3553551932937,2609.0,7.063658244875425,11.114316875959059,-1973.0,2609.0,22.300397028688526,179.34218839702203,180.72334726501188,1766.0,9.771842026643883,9.258074956924474,-1766.0,1506.0,-1021.1107838114754,220.50621829232935,1044.648373914242,2369.0,2.2677487077527174,9.850380681388973,-2369.0,351.0
M03_Feb_2020_OP13_001,M03,OP13,good,Feb,2020,62464,0,11.576844262295081,369.63530325799707,369.8165501133027,2445.0,6.611386102787753,11.135735123851985,-1938.0,2445.0,22.25563524590164,180.8471152089854,182.21139475787635,1524.0,8.363911609507742,9.533461897983532,-1495.0,1524.0,-1021.1617891905738,219.66236771798427,1044.520442832195,2402.0,2.2996199035483005,9.853877608436536,-2402.0,439.0
M03_Feb_2020_OP13_002,M03,OP13,good,Feb,2020,66560,0,11.199444110576923,402.598564872991,402.7543072223783,2541.0,6.309057294816223,8.792129090302016,-2053.0,2541.0,22.152764423076924,210.98477998231266,212.14457889790452,1827.0,8.61205131656582,6.1049718227945595,-1827.0,1366.0,-1021.1078125,238.33194534291033,1048.5529461688957,2473.0,2.358488437837703,8.467094623379545,-2473.0,396.0
M03_Feb_2020_OP13_003,M03,OP13,good,Feb,2020,62464,0,10.354316086065573,425.1639205240583,425.289984806835,2250.0,5.290507842600482,7.6002527978094125,-2123.0,2250.0,22.724689421106557,212.16403500246395,213.37757440230803,1678.0,7.863994164805023,6.096112799575964,-1341.0,1678.0,-1021.4380603227459,253.1315988550964,1052.336123781195,2598.0,2.4687929467488128,6.978674878206848,-2598.0,417.0
M03_Feb_2020_OP13_004,M03,OP13,good,Feb,2020,65536,0,11.244384765625,402.40849334849565,402.56556199923966,2235.0,5.551890700487244,8.770305649501188,-2143.0,2235.0,22.354721069335938,201.8822652372499,203.1161799842916,1764.0,8.68468479535418,6.720038218713717,-1596.0,1764.0,-1021.0356903076172,240.30897538104415,1048.933879961287,2580.0,2.459640258826629,8.372883440634595,-2580.0,472.0
M03_Feb_2020_OP13_005,M03,OP13,good,Feb,2020,62464,0,10.57932569159836,409.58811358068516,409.72471846188773,2543.0,6.206606253941566,8.403757947230327,-2213.0,2543.0,22.37282274590164,204.13510235113694,205.3574522863212,1774.0,8.638595679140911,6.580085952674539,-1462.0,1774.0,-1021.2564357069672,249.03813202306512,1051.1825239578693,2578.0,2.4524760840709376,7.687313268883336,-2578.0,630.0
M03_Feb_2020_OP13_006,M03,OP13,good,Feb,2020,66560,0,11.920718149038462,368.1526150065254,368.34555984473565,2301.0,6.246851464613591,11.270195422321295,-1905.0,2301.0,22.246183894230768,193.94992786720016,195.2215849171092,1786.0,9.148578528129116,8.910969358843916,-1786.0,1583.0,-1020.8834435096154,214.9239923841099,1043.261869203689,2391.0,2.2918502732444592,10.794792095657165,-2391.0,302.0
M03_Feb_2020_OP13_007,M03,OP13,good,Feb,2020,66560,0,11.989408052884615,368.1974984020361,368.39264886120617,2397.0,6.506644493069356,11.29105769523028,-1973.0,2397.0,22.20148737980769,185.25695621626105,186.58254438288012,2102.0,11.265791271913157,9.868967673709923,-2102.0,1602.0,-1020.6713641826923,213.16812519854614,1042.6939547456968,2367.0,2.270081253686072,10.48011050534902,-2367.0,345.0
M03_Feb_2020_OP13_008,M03,OP13,good,Feb,2020,66560,0,11.773031850961539,368.3987497195865,368.58681890962714,2279.0,6.1830751483242326,11.231694269096048,-2086.0,2279.0,22.23036358173077,194.2981080458385,195.5657021442366,1590.0,8.130259971798731,8.330221552399882,-1590.0,1483.0,-1020.9086538461538,211.3665943538969,1042.5595027175814,2270.0,2.177333758008937,10.170304291351087,-2270.0,261.0
M03_Feb_2020_OP13_009,M03,OP13,good,Feb,2020,62464,0,11.897829149590164,372.39116991785323,372.5811881607286,2201.0,5.907437277940361,10.751377064015738,-1873.0,2201.0,20.38617443647541,181.6141133459505,182.75470520506488,1667.0,9.121516177268855,9.405816965183051,-1667.0,1585.0,-1020.2697553790983,226.94868121096926,1045.2062368952472,2430.0,2.3249000189840427,10.240039491624916,-2430.0,421.0
M03_Feb_2020_OP13_010,M03,OP13,good,Feb,2020,65536,0,12.453460693359375,370.2610598925638,370.4704322290861,2100.0,5.668468566747677,11.033867252759057,-2012.0,2100.0,20.311492919921875,177.01864005106913,178.18012142258186,1672.0,9.383762827473847,9.917480576354258,-1672.0,1567.0,-1020.3295288085938,223.02335709173911,1044.4193435432132,2422.0,2.3189919020298086,10.920867691101645,-2422.0,427.0
M03_Feb_2020_OP13_011,M03,OP13,good,Feb,2020,66560,0,12.578470552884616,367.9985151922742,368.2134233093197,2166.0,5.882458006373222,10.992266867137372,-2166.0,1911.0,20.148001802884615,175.28138225795576,176.43555464505633,1637.0,9.278175270813355,10.287608301641361,-1637.0,1598.0,-1020.2467698317307,217.9821972969907,1043.2735545821645,2330.0,2.2333547991956673,10.083023449310398,-2330.0,353.0
M03_Feb_2020_OP13_012,M03,OP13,good,Feb,2020,66560,0,11.519906850961538,407.3615197546207,407.5243747687358,2521.0,6.1861330415650135,8.593461069998982,-2188.0,2521.0,21.872776442307693,210.79800233048257,211.92974339581812,2008.0,9.474838065790923,6.304123890815642,-1643.0,2008.0,-1021.0952524038462,239.06687590577025,1048.708007806281,2533.0,2.4153529687435165,8.498002884076486,-2533.0,425.0
M03_Feb_2020_OP13_013,M03,OP13,good,Feb,2020,66560,0,11.216271033653847,400.8522454508267,401.00913632842605,2504.0,6.244246759378636,8.979833521198358,-2125.0,2504.0,21.692307692307693,209.81179762253035,210.93019374811038,2117.0,10.036495782714205,7.398508124548485,-2117.0,1911.0,-1021.0601111778847,236.9200955556802,1048.1864730651253,2553.0,2.4356353240606823,8.315379976995638,-2553.0,406.0
M03_Feb_2021_OP13_000,M03,OP13,good,Feb,2021,66560,0,9.459209735576923,372.0306567261454,372.150891699736,2643.0,7.101957993244477,12.713699210468066,-2471.0,2643.0,14.6177734375,182.94285403414312,183.5259304360773,2012.0,10.963028468071363,9.705009950361223,-2012.0,1815.0,-1022.8571664663461,202.14674854902376,1042.6409213820955,2137.0,2.0496030379924597,10.167501369882483,-2137.0,138.0
M03_Feb_2021_OP13_001,M03,OP13,good,Feb,2021,66560,0,9.564287860576924,372.2049859636563,372.3278490503841,2461.0,6.609766114129628,12.381705502199766,-2250.0,2461.0,17.439918870192308,197.698605477646,198.46634318696158,4132.0,20.819650997990752,16.886342778461017,-4132.0,3521.0,-1022.4015324519231,203.1649046839728,1042.391899457823,2260.0,2.1680905244711597,10.518134336760294,-2260.0,181.0
M03_Feb_2021_OP13_002,M03,OP13,good,Feb,2021,63488,0,9.344506048387096,370.55434951075483,370.67215397791483,2324.0,6.269691356795221,12.210417443722543,-2295.0,2324.0,18.193375126008064,197.69832209278758,198.5336884681772,3872.0,19.502987275737034,15.138945352596098,-2764.0,3872.0,-1022.4876039566532,209.8875361988664,1043.807299311826,2209.0,2.1162910064495395,9.791061194416333,-2209.0,167.0
