"complaint_case_id","case_status","priority","case_opened_ts","case_closed_ts","resolution_hours","customer_id","customer_name","customer_contact","customer_phone","customer_email","customer_site","service_contract","machine_id","machine_serial","machine_model","operation_code","operation_name","run_id","fault_category","error_code_triggered","vibration_severity_score","failure_mode","failure_mode_detail","sensor_x_rms","sensor_y_rms","sensor_z_rms","sensor_x_crest","sensor_kurtosis","phone_call_notes","assigned_technician","assigned_fe","investigation_notes","remedy_notes","rma_required","rma_number","rma_type","rma_description","rma_disposition","rma_credit_issued","parts_cost_usd","labour_hours","billable","linked_error_codes","linked_run_id","source"
"CMP-2019-1000","ESCALATED","P4-LOW","21 Aug 2019 11:34","","","CUST-001","Precision Parts Midwest LLC","Dave Kowalski","(312) 555-0142","dkowalski@precisionmidwest.com","Chicago, IL","GOLD","M01","EIQ-M01-2019-4280","VMC-3000","OP01","Face Milling","M01_Aug_2019_OP01_000","tool_wear","SPN-MN-001","3.152","Tool Wear","Progressive cutting edge wear beyond service life","447.87","230.68","1062.79","5.421","2.278","Inbound call from Dave Kowalski at Precision Parts Midwest LLC. Reports intermittent spindle load spikes on M01 over the past 3 shifts. Error SPN-MN-001 appearing 4–6 times per shift, machine not stopping but operator applying feed override down to 70%. Surface finish on aluminium parts showing chatter marks. Customer believes tool is worn but wants confirmation before scrapping tooling. Last PM was 8 weeks ago.","Chen, L.","","Remote diagnostic session conducted with Chen, L.. Reviewed P002 spindle load trend via OPC-UA historian — clear monotonic increase over prior 50 cycles consistent with progressive flank wear. NDCG feature trend confirms tool_wear classification. Kurtosis P064 = 2.3 (normal range 2.5–5.0). Recommended immediate tool replacement. Advised customer to calibrate tool life counter to actual tool life rather than theoretical. No machine fault — tooling and process issue. Error code SPN-MN-001 confirmed appropriate.","No machine repair required. Customer coaching on tool life management completed by Brennan, K. (FE-15). Provided updated tooling recommendation for Face Milling on aluminium: increase feed rate by 10%, reduce depth of cut by 15%, change tool grade to uncoated carbide. New parameters tested and validated. Surface finish improved to Ra 0.6 μm. Case closed — no charge under GOLD service contract.","NO","","","","","","0","2.2","NO","SPN-MN-001","M01_Aug_2019_OP01_000","bosch_real_fault"
"CMP-2019-1001","CLOSED","P4-LOW","24 Feb 2019 13:10","26 Feb 2019 21:10","78","CUST-002","AeroMach Industries","Sandra Okonkwo","(714) 555-0287","sokonkwo@aeromach.com","Anaheim, CA","PLATINUM","M01","EIQ-M01-2019-4753","VMC-3000","OP01","Face Milling","M01_Feb_2019_OP01_000","tool_wear","SPN-WN-001","3.364","Tool Wear","Progressive cutting edge wear beyond service life","457.53","179.1","1061.41","5.149","2.968","Customer AeroMach Industries called — M01 threw hard alarm SPN-WN-001 mid-program during Face Milling. Spindle load P002 peaked at 4.58% before drive tripped. Tool T2 found broken in spindle bore — approx 40mm of flute snapped. Last good part passed inspection; current part scrapped. Customer asking about warranty on tooling and whether machine caused the breakage or vice versa.","Williams, S.","","Remote diagnostic session conducted with Williams, S.. Reviewed P002 spindle load trend via OPC-UA historian — clear monotonic increase over prior 50 cycles consistent with progressive flank wear. NDCG feature trend confirms tool_wear classification. Kurtosis P064 = 3.0 (normal range 2.5–5.0). Recommended immediate tool replacement. Advised customer to calibrate tool life counter to actual tool life rather than theoretical. No machine fault — tooling and process issue. Error code SPN-WN-001 confirmed appropriate.","No machine repair required. Customer coaching on tool life management completed by Lee, S. (FE-12). Provided updated tooling recommendation for Face Milling on aluminium: increase feed rate by 10%, reduce depth of cut by 15%, change tool grade to uncoated carbide. New parameters tested and validated. Surface finish improved to Ra 0.6 μm. Case closed — no charge under GOLD service contract.","NO","","","","","","0","2.8","NO","SPN-WN-001","M01_Feb_2019_OP01_000","bosch_real_fault"
"CMP-2019-1002","CLOSED","P3-MEDIUM","24 Feb 2019 21:52","26 Feb 2019 11:52","11","CUST-003","Lone Star Machining Co.","Billy Ray Tanner","(214) 555-0391","brtanner@lonestarmach.com","Dallas, TX","SILVER","M01","EIQ-M01-2019-8555","VMC-3000","OP02","Contour Milling","M01_Feb_2019_OP02_000","tool_wear","SPN-SR-001","3.488","Tool Wear","Progressive cutting edge wear beyond service life","409.19","400.8","1061.16","5.508","2.913","Inbound call from Billy Ray Tanner at Lone Star Machining Co.. Reports intermittent spindle load spikes on M01 over the past 3 shifts. Error SPN-SR-001 appearing 4–6 times per shift, machine not stopping but operator applying feed override down to 70%. Surface finish on aluminium parts showing chatter marks. Customer believes tool is worn but wants confirmation before scrapping tooling. Last PM was 14 weeks ago.","Novak, P.","","Technical investigation by Novak, P.. Downloaded vibration data from Bosch CISS sensor for run_id M01_Feb_2019_OP02_000. X-axis RMS = 409 (units: ADC counts), crest factor 5.51. Pattern consistent with increased cutting forces from worn tool. Compared against M01 baseline from Aug 2019 — load elevated by 21%. No bearing defect frequency components detected in spectrum. Root cause confirmed: tool wear beyond service life. No warranty claim applicable.","Recommended process change: implement tool condition monitoring via spindle load P002 trending. Set adaptive alarm at +25% above baseline load for each operation. Customer's process engineer will configure alarm thresholds in next maintenance window. No machine parts replaced. Case closed.","NO","","","","","","0","3.1","YES","SPN-SR-001","M01_Feb_2019_OP02_000","bosch_real_fault"
"CMP-2019-1003","CLOSED","P2-HIGH","28 Aug 2019 11:04","02 Sep 2019 20:04","54","CUST-004","Great Lakes Tool & Die","Marie Johansson","(313) 555-0448","mjohansson@gltd.com","Detroit, MI","GOLD","M01","EIQ-M01-2019-1494","VMC-3000","OP03","Pocket Milling","M01_Aug_2019_OP03_000","chatter_vibration","SPN-MJ-004","3.96","Chatter Vibration","Regenerative chatter — process outside stability lobe","349.62","233.65","1058.64","6.95","2.825","Customer Great Lakes Tool & Die calling about part quality issue on M01. Surface finish failing inspection — visible chatter marks at 6.95 micron Ra vs. 0.8 Ra specified. Alarm SPN-MJ-004 logged. Customer has already tried reducing feed rate by 20% but chatter persists. Process was stable for 3 months then started last week. No recent tooling changes. Machine M01 S/N EIQ-M01-2019-1494. Marie Johansson is the shift supervisor.","Chen, L.","","Field engineer Brennan, K. (FE-15) attended site. Found toolholder taper dirty — significant fretting corrosion on HSK taper mating surface reducing contact stiffness. Fixture clamping hydraulic pressure measured at 7 bar (nominal 70 bar) — leak in fixture circuit reducing clamping force. Two independent causes both contributing to chatter. Taper cleaned and re-ground; hydraulic circuit repaired. Machine re-tested: chatter eliminated at standard parameters. Machine in good condition.","Variable pitch tooling (4-flute, pitch 30/32/34/36°) recommended and sourced by customer. New toolholder balanced to G2.5 at 12,000 RPM. Re-test with new tooling: chatter eliminated, Ra improved to 0.7 μm. Machine in good condition. Closed — no charge.","NO","","","","","","0","5.6","NO","SPN-MJ-004","M01_Aug_2019_OP03_000","bosch_real_fault"
"CMP-2019-1004","CLOSED","P2-HIGH","28 Aug 2019 07:05","02 Sep 2019 16:05","102","CUST-005","Pacific Rim Precision","Kevin Tanaka","(206) 555-0512","ktanaka@pacrimprec.com","Seattle, WA","PLATINUM","M01","EIQ-M01-2019-1615","VMC-3000","OP04","Drilling Cycle","M01_Aug_2019_OP04_000","spindle_bearing_fault","SPN-MJ-001","3.746","Spindle Bearing Fault","Bearing race or rolling element fatigue defect","428.46","300.11","1065.9","5.576","3.743","Pacific Rim Precision reporting M01 spindle temperature P003 running high at 5.58°C. Spindle cooling fan appears to be making intermittent noise — possibly bearing in fan motor. Alarm SPN-MJ-001 active. Customer asking if they can continue running at reduced spindle speed while awaiting parts. Current part schedule is critical path.","Novak, P.","Brennan, K. (FE-15)","Investigation by Novak, P.. Pulled Bosch CISS historical data for M01 OP04. Crest factor trend showed gradual increase from 3.2 to 5.6 over 90 days before alarm. Kurtosis crossed early-warning threshold (8.0) approximately 7 days before customer called — alarm SPN-SR-003 was generated but apparently not actioned by customer maintenance team. Investigation highlights need for customer to review alarm log regularly. Machine performed as designed.","Spindle bearing set replaced on-site by Brennan, K. (FE-15). Parts used: 2× 7014 CDBP4 angular contact bearings (PN: EIQ-SPN-BRG-7014, batch BRG-71114), 1× NU1014 rear bearing (PN: EIQ-SPN-BRG-NU1014). Bearings installed with correct preload per EIQ-PROC-SPN-001. Spindle warmed up per SPD-WARMUP-001 (15 min). Acceptance vibration test run: P004 = 2.24 mm/s (Zone A — pass). Machine returned to production. Labour: 6.2 h. Parts charged to customer (bearing set outside warranty — 19 months in service).","YES","RMA-52774","DRIVE_WARRANTY","Servo drive returned under warranty claim — internal IGBT failure","Drive tested at factory — confirmed IGBT module failure. Within 24-month warranty period. Full replacement issued at no charge.","YES","686","6.2","NO","SPN-MJ-001","M01_Aug_2019_OP04_000","bosch_real_fault"
"CMP-2019-1005","ESCALATED","P1-CRITICAL","21 Feb 2019 19:53","","","CUST-006","Appalachian Machine Works","Bobby Hicks","(423) 555-0667","bhicks@appmach.com","Knoxville, TN","STANDARD","M01","EIQ-M01-2019-5479","VMC-3000","OP04","Drilling Cycle","M01_Feb_2019_OP04_000","spindle_bearing_fault","SPN-CR-001","4.03","Spindle Bearing Fault","Bearing race or rolling element fatigue defect","441.15","220.75","1065.68","5.114","3.206","Call received from Bobby Hicks. M01 has been showing progressive vibration increase on spindle bearing sensor P004 over the past 2 weeks — operator noticed noise change but kept running. Now at 5.11 mm/s RMS, alarm SPN-CR-001 active. Customer asks if bearing can be replaced on-site or if spindle needs to go to depot. Machine hours: approx 1669h on current bearing set. Last grease service: 5 months ago.","Kumar, R.","Torres, R. (FE-09)","Investigation by Kumar, R.. Pulled Bosch CISS historical data for M01 OP04. Crest factor trend showed gradual increase from 3.2 to 5.1 over 90 days before alarm. Kurtosis crossed early-warning threshold (8.0) approximately 8 days before customer called — alarm SPN-SR-003 was generated but apparently not actioned by customer maintenance team. Investigation highlights need for customer to review alarm log regularly. Machine performed as designed.","Spindle cooling fan motor replaced (PN: EIQ-SPN-FAN-200L). Air filter cleaned — found 60% blocked. Post-repair spindle temperature P003 running at 53°C vs. 74°C pre-repair. Machine re-qualified. Advised customer to add fan inspection to monthly PM checklist. No charge under PLATINUM service contract.","YES","RMA-56773","SENSOR_WARRANTY","Bosch CISS accelerometer suspected fault — reading zero on Z-axis","Sensor tested at calibration lab. Confirmed Z-axis MEMS element failure. Replaced under manufacturer warranty. New unit calibrated.","YES","745","2.4","YES","SPN-CR-001","M01_Feb_2019_OP04_000","bosch_real_fault"
"CMP-2019-1006","CLOSED","P2-HIGH","13 Aug 2019 12:16","17 Aug 2019 19:16","80","CUST-007","Rio Grande Manufacturing","Carlos Mendez","(505) 555-0723","cmendez@riograndemfg.com","Albuquerque, NM","SILVER","M01","EIQ-M01-2019-7900","VMC-3000","OP05","Thread Tapping","M01_Aug_2019_OP05_000","spindle_bearing_fault","SPN-MJ-001","4.75","Spindle Bearing Fault","Bearing race or rolling element fatigue defect","303.0","143.24","1047.25","7.65","4.538","Emergency call from Carlos Mendez at Rio Grande Manufacturing. M01 stopped mid-production with CRITICAL alarm SPN-MJ-001. Unusual noise from spindle described as 'grinding then a bang'. Machine auto-stopped. Vibration sensor reading P004 = 7.65 mm/s at time of fault. Machine has been running 24/7 for past 6 weeks without scheduled PM. Customer needs machine back online within 48 hours — aerospace delivery deadline. Serial: EIQ-M01-2019-7900.","Chen, L.","Mbeki, J. (FE-03)","Remote diagnostic: retrieved vibration data for run_id M01_Aug_2019_OP05_000. Spindle bearing vibration P004 = 7.65 mm/s (ISO Zone D). Kurtosis P064 = 4.5 — defect frequency component confirmed at BPFO = 183.2 Hz (consistent with outer race spall on 7014 bearing). Machine hours since last grease service: 3566h (OEM limit: 4,000h). Bearing replacement recommended. Error code SPN-MJ-001 confirmed CRITICAL/MAJOR — correct action taken by PLC.","Spindle cooling fan motor replaced (PN: EIQ-SPN-FAN-200L). Air filter cleaned — found 60% blocked. Post-repair spindle temperature P003 running at 61°C vs. 87°C pre-repair. Machine re-qualified. Advised customer to add fan inspection to monthly PM checklist. No charge under PLATINUM service contract.","YES","RMA-72884","SPINDLE_REBUILD","Spindle cartridge sent to depot for bearing replacement and runout check","Rebuilt spindle returned. New bearing set installed, preload set to spec, runout verified <0.003mm. Returned to customer.","NO","483","3.8","YES","SPN-MJ-001","M01_Aug_2019_OP05_000","bosch_real_fault"
"CMP-2019-1007","CLOSED","P2-HIGH","02 Feb 2019 19:00","08 Feb 2019 12:00","25","CUST-008","Atlantic Precision Group","Jennifer Walsh","(617) 555-0834","jwalsh@atlanticprecision.com","Boston, MA","GOLD","M01","EIQ-M01-2019-4102","VMC-3000","OP05","Thread Tapping","M01_Feb_2019_OP05_000","spindle_bearing_fault","SPN-MJ-002","4.672","Spindle Bearing Fault","Bearing race or rolling element fatigue defect","339.28","131.41","1049.0","6.679","4.122","Emergency call from Jennifer Walsh at Atlantic Precision Group. M01 stopped mid-production with CRITICAL alarm SPN-MJ-002. Unusual noise from spindle described as 'grinding then a bang'. Machine auto-stopped. Vibration sensor reading P004 = 6.68 mm/s at time of fault. Machine has been running 24/7 for past 6 weeks without scheduled PM. Customer needs machine back online within 48 hours — aerospace delivery deadline. Serial: EIQ-M01-2019-4102.","Rodriguez, M.","Mbeki, J. (FE-03)","Remote diagnostic: retrieved vibration data for run_id M01_Feb_2019_OP05_000. Spindle bearing vibration P004 = 6.68 mm/s (ISO Zone B). Kurtosis P064 = 4.1 — defect frequency component confirmed at BPFO = 96.0 Hz (consistent with outer race spall on 7014 bearing). Machine hours since last grease service: 4183h (OEM limit: 4,000h). Bearing replacement recommended. Error code SPN-MJ-002 confirmed CRITICAL/MAJOR — correct action taken by PLC.","Spindle bearing set replaced on-site by Mbeki, J. (FE-03). Parts used: 2× 7014 CDBP4 angular contact bearings (PN: EIQ-SPN-BRG-7014, batch BRG-40911), 1× NU1014 rear bearing (PN: EIQ-SPN-BRG-NU1014). Bearings installed with correct preload per EIQ-PROC-SPN-001. Spindle warmed up per SPD-WARMUP-001 (15 min). Acceptance vibration test run: P004 = 2.20 mm/s (Zone A — pass). Machine returned to production. Labour: 3.6 h. Parts charged to customer (bearing set outside warranty — 33 months in service).","YES","RMA-28268","VALVE_WARRANTY","Hydraulic relief valve returned — premature internal seat wear","Valve inspected — seat wear confirmed at 11 months in service. Within 12-month warranty. Replacement valve issued.","YES","740","3.6","NO","SPN-MJ-002","M01_Feb_2019_OP05_000","bosch_real_fault"
"CMP-2019-1008","CLOSED","P2-HIGH","17 Feb 2019 12:23","19 Feb 2019 00:23","83","CUST-009","Heartland CNC Services","Tom Hartley","(515) 555-0912","thartley@heartlandcnc.com","Des Moines, IA","STANDARD","M01","EIQ-M01-2019-2794","VMC-3000","OP05","Thread Tapping","M01_Feb_2019_OP05_001","spindle_bearing_fault","SPN-MJ-001","4.418","Spindle Bearing Fault","Bearing race or rolling element fatigue defect","339.26","124.14","1049.79","6.449","4.084","Heartland CNC Services reporting M01 spindle temperature P003 running high at 6.45°C. Spindle cooling fan appears to be making intermittent noise — possibly bearing in fan motor. Alarm SPN-MJ-001 active. Customer asking if they can continue running at reduced spindle speed while awaiting parts. Current part schedule is critical path.","Okafor, D.","Jackson, T. (FE-07)","Investigation by Okafor, D.. Pulled Bosch CISS historical data for M01 OP05. Crest factor trend showed gradual increase from 3.2 to 6.4 over 90 days before alarm. Kurtosis crossed early-warning threshold (8.0) approximately 17 days before customer called — alarm SPN-SR-003 was generated but apparently not actioned by customer maintenance team. Investigation highlights need for customer to review alarm log regularly. Machine performed as designed.","Spindle bearing set replaced on-site by Jackson, T. (FE-07). Parts used: 2× 7014 CDBP4 angular contact bearings (PN: EIQ-SPN-BRG-7014, batch BRG-82282), 1× NU1014 rear bearing (PN: EIQ-SPN-BRG-NU1014). Bearings installed with correct preload per EIQ-PROC-SPN-001. Spindle warmed up per SPD-WARMUP-001 (15 min). Acceptance vibration test run: P004 = 1.78 mm/s (Zone A — pass). Machine returned to production. Labour: 6.2 h. Parts charged to customer (bearing set outside warranty — 33 months in service).","YES","RMA-67622","SENSOR_WARRANTY","Bosch CISS accelerometer suspected fault — reading zero on Z-axis","Sensor tested at calibration lab. Confirmed Z-axis MEMS element failure. Replaced under manufacturer warranty. New unit calibrated.","YES","699","6.2","YES","SPN-MJ-001","M01_Feb_2019_OP05_001","bosch_real_fault"
"CMP-2021-1009","CLOSED","P1-CRITICAL","14 Feb 2021 08:42","18 Feb 2021 03:42","24","CUST-010","Mountain West Machining LLC","Janet Fujimoto","(303) 555-1034","jfujimoto@mwmach.com","Denver, CO","SILVER","M01","EIQ-M01-2021-4445","VMC-3000","OP05","Thread Tapping","M01_Feb_2021_OP05_000","spindle_bearing_fault","SPN-CR-001","4.129","Spindle Bearing Fault","Bearing race or rolling element fatigue defect","331.98","177.7","1026.62","6.425","3.632","Emergency call from Janet Fujimoto at Mountain West Machining LLC. M01 stopped mid-production with CRITICAL alarm SPN-CR-001. Unusual noise from spindle described as 'grinding then a bang'. Machine auto-stopped. Vibration sensor reading P004 = 6.43 mm/s at time of fault. Machine has been running 24/7 for past 6 weeks without scheduled PM. Customer needs machine back online within 48 hours — aerospace delivery deadline. Serial: EIQ-M01-2021-4445.","Kumar, R.","Torres, R. (FE-09)","Investigation by Kumar, R.. Pulled Bosch CISS historical data for M01 OP05. Crest factor trend showed gradual increase from 3.2 to 6.4 over 90 days before alarm. Kurtosis crossed early-warning threshold (8.0) approximately 6 days before customer called — alarm SPN-SR-003 was generated but apparently not actioned by customer maintenance team. Investigation highlights need for customer to review alarm log regularly. Machine performed as designed.","Spindle bearing set replaced on-site by Torres, R. (FE-09). Parts used: 2× 7014 CDBP4 angular contact bearings (PN: EIQ-SPN-BRG-7014, batch BRG-51306), 1× NU1014 rear bearing (PN: EIQ-SPN-BRG-NU1014). Bearings installed with correct preload per EIQ-PROC-SPN-001. Spindle warmed up per SPD-WARMUP-001 (15 min). Acceptance vibration test run: P004 = 1.01 mm/s (Zone A — pass). Machine returned to production. Labour: 2.3 h. Parts charged to customer (bearing set outside warranty — 39 months in service).","YES","RMA-69513","VALVE_WARRANTY","Hydraulic relief valve returned — premature internal seat wear","Valve inspected — seat wear confirmed at 11 months in service. Within 12-month warranty. Replacement valve issued.","YES","195","2.3","YES","SPN-CR-001","M01_Feb_2021_OP05_000","bosch_real_fault"
"CMP-2019-1010","PENDING_PARTS","P3-MEDIUM","27 Aug 2019 20:57","","","CUST-001","Precision Parts Midwest LLC","Dave Kowalski","(312) 555-0142","dkowalski@precisionmidwest.com","Chicago, IL","GOLD","M01","EIQ-M01-2019-6903","VMC-3000","OP06","Boring Operation","M01_Aug_2019_OP06_000","chatter_vibration","VIB-SR-001","4.168","Chatter Vibration","Regenerative chatter — process outside stability lobe","338.41","238.26","1057.13","6.702","3.217","Service call — M01 at Precision Parts Midwest LLC producing unacceptable surface finish on titanium parts. Alarm VIB-SR-001 logged intermittently during Boring Operation. Customer reports problem started after recent toolholder swap. Vibration spike visible on CISS sensor readout. Crest factor P063 elevated at 6.7. Customer requesting field engineer visit to perform stability lobe analysis.","Okafor, D.","Jackson, T. (FE-07)","Remote session Okafor, D.. Vibration RMS X=338 Y=238 Z=1057 (ADC counts) for run_id M01_Aug_2019_OP06_000. Crest factor 6.70 consistent with regenerative chatter rather than bearing defect (kurtosis 3.2, normal range for chatter). Process engineer recommends: reduce axial depth of cut by 20%, apply variable pitch tooling. No mechanical fault on machine identified.","Toolholder taper cleaned and re-lapped. Hydraulic fixture circuit repaired: replaced solenoid valve seal kit (PN: EIQ-HYD-SEAL-KIT). Pressure restored to 71 bar. Re-test: 20 consecutive parts — all within surface finish spec. Recommended annual toolholder taper inspection. Labour: 5.7 h under SILVER service contract (customer co-pay 30%).","NO","","","","","","0","5.7","NO","VIB-SR-001","M01_Aug_2019_OP06_000","bosch_real_fault"
"CMP-2021-1011","CLOSED","P3-MEDIUM","06 Aug 2021 21:28","14 Aug 2021 07:28","50","CUST-002","AeroMach Industries","Sandra Okonkwo","(714) 555-0287","sokonkwo@aeromach.com","Anaheim, CA","PLATINUM","M01","EIQ-M01-2021-9202","VMC-3000","OP06","Boring Operation","M01_Aug_2021_OP06_000","chatter_vibration","AXS-SR-001","3.61","Chatter Vibration","Regenerative chatter — process outside stability lobe","377.29","540.29","1096.98","5.675","4.655","Customer AeroMach Industries calling about part quality issue on M01. Surface finish failing inspection — visible chatter marks at 5.67 micron Ra vs. 0.8 Ra specified. Alarm AXS-SR-001 logged. Customer has already tried reducing feed rate by 20% but chatter persists. Process was stable for 3 months then started last week. No recent tooling changes. Machine M01 S/N EIQ-M01-2021-9202. Sandra Okonkwo is the shift supervisor.","Kumar, R.","Torres, R. (FE-09)","Remote session Kumar, R.. Vibration RMS X=377 Y=540 Z=1097 (ADC counts) for run_id M01_Aug_2021_OP06_000. Crest factor 5.67 consistent with regenerative chatter rather than bearing defect (kurtosis 4.7, normal range for chatter). Process engineer recommends: reduce axial depth of cut by 20%, apply variable pitch tooling. No mechanical fault on machine identified.","Spindle speed adjusted from 5000 to 4800 RPM. Feed rate increased by 8% to maintain chip load. First-off part inspected: Ra 0.6 μm (spec 0.8 μm — pass). Stability lobe diagram provided to customer process engineer for future reference. No machine parts replaced. Case closed.","NO","","","","","","0","5.4","NO","AXS-SR-001","M01_Aug_2021_OP06_000","bosch_real_fault"
"CMP-2021-1012","ESCALATED","P3-MEDIUM","09 Aug 2021 13:53","","","CUST-003","Lone Star Machining Co.","Billy Ray Tanner","(214) 555-0391","brtanner@lonestarmach.com","Dallas, TX","SILVER","M01","EIQ-M01-2021-8543","VMC-3000","OP06","Boring Operation","M01_Aug_2021_OP06_001","chatter_vibration","AXS-SR-001","4.565","Chatter Vibration","Regenerative chatter — process outside stability lobe","342.83","268.6","1046.79","5.994","3.59","Customer Lone Star Machining Co. calling about part quality issue on M01. Surface finish failing inspection — visible chatter marks at 5.99 micron Ra vs. 0.8 Ra specified. Alarm AXS-SR-001 logged. Customer has already tried reducing feed rate by 20% but chatter persists. Process was stable for 3 months then started last week. No recent tooling changes. Machine M01 S/N EIQ-M01-2021-8543. Billy Ray Tanner is the shift supervisor.","Okafor, D.","Brennan, K. (FE-15)","Field engineer Brennan, K. (FE-15) attended site. Found toolholder taper dirty — significant fretting corrosion on HSK taper mating surface reducing contact stiffness. Fixture clamping hydraulic pressure measured at 6 bar (nominal 70 bar) — leak in fixture circuit reducing clamping force. Two independent causes both contributing to chatter. Taper cleaned and re-ground; hydraulic circuit repaired. Machine re-tested: chatter eliminated at standard parameters. Machine in good condition.","Spindle speed adjusted from 2000 to 1800 RPM. Feed rate increased by 8% to maintain chip load. First-off part inspected: Ra 0.6 μm (spec 0.8 μm — pass). Stability lobe diagram provided to customer process engineer for future reference. No machine parts replaced. Case closed.","NO","","","","","","0","3.5","YES","AXS-SR-001","M01_Aug_2021_OP06_001","bosch_real_fault"
"CMP-2021-1013","CLOSED","P3-MEDIUM","21 Aug 2021 14:49","25 Aug 2021 06:49","77","CUST-004","Great Lakes Tool & Die","Marie Johansson","(313) 555-0448","mjohansson@gltd.com","Detroit, MI","GOLD","M01","EIQ-M01-2021-8141","VMC-3000","OP06","Boring Operation","M01_Aug_2021_OP06_002","chatter_vibration","VIB-SR-001","3.442","Chatter Vibration","Regenerative chatter — process outside stability lobe","372.67","531.44","1096.04","5.565","4.213","Customer Great Lakes Tool & Die calling about part quality issue on M01. Surface finish failing inspection — visible chatter marks at 5.57 micron Ra vs. 0.8 Ra specified. Alarm VIB-SR-001 logged. Customer has already tried reducing feed rate by 20% but chatter persists. Process was stable for 3 months then started last week. No recent tooling changes. Machine M01 S/N EIQ-M01-2021-8141. Marie Johansson is the shift supervisor.","Okafor, D.","Torres, R. (FE-09)","Remote session Okafor, D.. Vibration RMS X=373 Y=531 Z=1096 (ADC counts) for run_id M01_Aug_2021_OP06_002. Crest factor 5.57 consistent with regenerative chatter rather than bearing defect (kurtosis 4.2, normal range for chatter). Process engineer recommends: reduce axial depth of cut by 20%, apply variable pitch tooling. No mechanical fault on machine identified.","Toolholder taper cleaned and re-lapped. Hydraulic fixture circuit repaired: replaced solenoid valve seal kit (PN: EIQ-HYD-SEAL-KIT). Pressure restored to 71 bar. Re-test: 20 consecutive parts — all within surface finish spec. Recommended annual toolholder taper inspection. Labour: 5.5 h under SILVER service contract (customer co-pay 20%).","NO","","","","","","0","5.5","NO","VIB-SR-001","M01_Aug_2021_OP06_002","bosch_real_fault"
"CMP-2019-1014","CLOSED","P4-LOW","16 Aug 2019 06:24","18 Aug 2019 16:24","73","CUST-005","Pacific Rim Precision","Kevin Tanaka","(206) 555-0512","ktanaka@pacrimprec.com","Seattle, WA","PLATINUM","M01","EIQ-M01-2019-5486","VMC-3000","OP07","Profile Milling","M01_Aug_2019_OP07_000","tool_wear","SPN-WN-001","4.024","Tool Wear","Progressive cutting edge wear beyond service life","445.28","215.44","1048.78","5.747","4.41","Inbound call from Kevin Tanaka at Pacific Rim Precision. Reports intermittent spindle load spikes on M01 over the past 3 shifts. Error SPN-WN-001 appearing 4–6 times per shift, machine not stopping but operator applying feed override down to 70%. Surface finish on aluminium parts showing chatter marks. Customer believes tool is worn but wants confirmation before scrapping tooling. Last PM was 15 weeks ago.","Rodriguez, M.","Mbeki, J. (FE-03)","Field engineer Mbeki, J. (FE-03) attended site 2 business days after initial call. Inspection findings: tool T8 showed severe flank wear on 2 of 4 flutes, corner radius worn to near-zero. Chip formation analysis: short, powdery chips consistent with rubbing rather than cutting. Coolant concentration measured at 5.9% (low — should be 8–10%); low concentration accelerating wear. Ball screw and guides inspected — nominal. No machine defect identified.","Tool T8 replaced with new insert grade IC900 (customer's standard). Tool life counter reset to 0. Coolant concentration checked and adjusted to 9% (from 5.9%). First-off part inspected: dimensions within tolerance, surface finish Ra 0.8 μm achieved. Production resumed. Customer advised to increase tool change frequency by 20% for this material/operation combination and to check coolant concentration weekly. No chargeable service.","NO","","","","","","0","4.8","NO","SPN-WN-001","M01_Aug_2019_OP07_000","bosch_real_fault"
"CMP-2021-1015","PENDING_PARTS","P4-LOW","11 Aug 2021 18:46","","","CUST-006","Appalachian Machine Works","Bobby Hicks","(423) 555-0667","bhicks@appmach.com","Knoxville, TN","STANDARD","M01","EIQ-M01-2021-6595","VMC-3000","OP07","Profile Milling","M01_Aug_2021_OP07_000","tool_wear","VIB-MD-001","3.82","Tool Wear","Progressive cutting edge wear beyond service life","579.26","345.02","1078.79","4.701","5.388","Customer called reporting elevated spindle load alarms on M01 during Profile Milling operation. Operator noticed surface finish degradation on last 8–12 parts before alarm triggered. Machine displaying VIB-MD-001 with spindle load P002 reading 5.79%. Customer states tool was at approximately 103% of programmed tool life. Production halted on affected spindle. Customer requesting priority callback from field support. Machine M/N VMC-3000, S/N EIQ-M01-2021-6595. Current shift supervisor: Bobby Hicks.","Okafor, D.","Mbeki, J. (FE-03)","Field engineer Mbeki, J. (FE-03) attended site 3 business days after initial call. Inspection findings: tool T6 showed severe flank wear on 2 of 4 flutes, corner radius worn to near-zero. Chip formation analysis: short, powdery chips consistent with rubbing rather than cutting. Coolant concentration measured at 5.5% (low — should be 8–10%); low concentration accelerating wear. Ball screw and guides inspected — nominal. No machine defect identified.","Recommended process change: implement tool condition monitoring via spindle load P002 trending. Set adaptive alarm at +25% above baseline load for each operation. Customer's process engineer will configure alarm thresholds in next maintenance window. No machine parts replaced. Case closed.","NO","","","","","","0","5.8","YES","VIB-MD-001","M01_Aug_2021_OP07_000","bosch_real_fault"
"CMP-2021-1016","PENDING_PARTS","P4-LOW","06 Aug 2021 20:58","","","CUST-007","Rio Grande Manufacturing","Carlos Mendez","(505) 555-0723","cmendez@riograndemfg.com","Albuquerque, NM","SILVER","M01","EIQ-M01-2021-2268","VMC-3000","OP07","Profile Milling","M01_Aug_2021_OP07_001","tool_wear","SPN-WN-001","5.429","Tool Wear","Progressive cutting edge wear beyond service life","581.13","394.57","1113.26","5.248","8.83","Customer called reporting elevated spindle load alarms on M01 during Profile Milling operation. Operator noticed surface finish degradation on last 8–12 parts before alarm triggered. Machine displaying SPN-WN-001 with spindle load P002 reading 5.81%. Customer states tool was at approximately 103% of programmed tool life. Production halted on affected spindle. Customer requesting priority callback from field support. Machine M/N VMC-3000, S/N EIQ-M01-2021-2268. Current shift supervisor: Carlos Mendez.","Petrov, A.","","Remote diagnostic session conducted with Petrov, A.. Reviewed P002 spindle load trend via OPC-UA historian — clear monotonic increase over prior 50 cycles consistent with progressive flank wear. NDCG feature trend confirms tool_wear classification. Kurtosis P064 = 8.8 (normal range 2.5–5.0). Recommended immediate tool replacement. Advised customer to calibrate tool life counter to actual tool life rather than theoretical. No machine fault — tooling and process issue. Error code SPN-WN-001 confirmed appropriate.","Recommended process change: implement tool condition monitoring via spindle load P002 trending. Set adaptive alarm at +25% above baseline load for each operation. Customer's process engineer will configure alarm thresholds in next maintenance window. No machine parts replaced. Case closed.","NO","","","","","","0","2.6","YES","SPN-WN-001","M01_Aug_2021_OP07_001","bosch_real_fault"
"CMP-2019-1017","ESCALATED","P3-MEDIUM","05 Feb 2019 06:58","","","CUST-008","Atlantic Precision Group","Jennifer Walsh","(617) 555-0834","jwalsh@atlanticprecision.com","Boston, MA","GOLD","M01","EIQ-M01-2019-4567","VMC-3000","OP07","Profile Milling","M01_Feb_2019_OP07_000","tool_wear","SPN-SR-001","3.645","Tool Wear","Progressive cutting edge wear beyond service life","471.19","246.61","1060.62","4.739","5.244","Inbound call from Jennifer Walsh at Atlantic Precision Group. Reports intermittent spindle load spikes on M01 over the past 3 shifts. Error SPN-SR-001 appearing 4–6 times per shift, machine not stopping but operator applying feed override down to 70%. Surface finish on aluminium parts showing chatter marks. Customer believes tool is worn but wants confirmation before scrapping tooling. Last PM was 3 weeks ago.","Kumar, R.","Mbeki, J. (FE-03)","Technical investigation by Kumar, R.. Downloaded vibration data from Bosch CISS sensor for run_id M01_Feb_2019_OP07_000. X-axis RMS = 471 (units: ADC counts), crest factor 4.74. Pattern consistent with increased cutting forces from worn tool. Compared against M01 baseline from Aug 2019 — load elevated by 23%. No bearing defect frequency components detected in spectrum. Root cause confirmed: tool wear beyond service life. No warranty claim applicable.","Tool T19 replaced with new insert grade IC900 (customer's standard). Tool life counter reset to 0. Coolant concentration checked and adjusted to 9% (from 5.2%). First-off part inspected: dimensions within tolerance, surface finish Ra 0.8 μm achieved. Production resumed. Customer advised to increase tool change frequency by 20% for this material/operation combination and to check coolant concentration weekly. No chargeable service.","NO","","","","","","0","4.8","NO","SPN-SR-001","M01_Feb_2019_OP07_000","bosch_real_fault"
"CMP-2019-1018","CLOSED","P4-LOW","07 Feb 2019 17:51","12 Feb 2019 21:51","18","CUST-009","Heartland CNC Services","Tom Hartley","(515) 555-0912","thartley@heartlandcnc.com","Des Moines, IA","STANDARD","M01","EIQ-M01-2019-3991","VMC-3000","OP08","Slot Milling","M01_Feb_2019_OP08_000","tool_wear","SPN-WN-001","3.608","Tool Wear","Progressive cutting edge wear beyond service life","327.58","173.58","1050.29","5.928","3.986","Customer Heartland CNC Services called — M01 threw hard alarm SPN-WN-001 mid-program during Slot Milling. Spindle load P002 peaked at 3.28% before drive tripped. Tool T20 found broken in spindle bore — approx 40mm of flute snapped. Last good part passed inspection; current part scrapped. Customer asking about warranty on tooling and whether machine caused the breakage or vice versa.","Chen, L.","","Remote diagnostic session conducted with Chen, L.. Reviewed P002 spindle load trend via OPC-UA historian — clear monotonic increase over prior 50 cycles consistent with progressive flank wear. NDCG feature trend confirms tool_wear classification. Kurtosis P064 = 4.0 (normal range 2.5–5.0). Recommended immediate tool replacement. Advised customer to calibrate tool life counter to actual tool life rather than theoretical. No machine fault — tooling and process issue. Error code SPN-WN-001 confirmed appropriate.","Recommended process change: implement tool condition monitoring via spindle load P002 trending. Set adaptive alarm at +25% above baseline load for each operation. Customer's process engineer will configure alarm thresholds in next maintenance window. No machine parts replaced. Case closed.","NO","","","","","","0","2.4","YES","SPN-WN-001","M01_Feb_2019_OP08_000","bosch_real_fault"
"CMP-2019-1019","CLOSED","P4-LOW","09 Feb 2019 16:17","13 Feb 2019 05:17","68","CUST-010","Mountain West Machining LLC","Janet Fujimoto","(303) 555-1034","jfujimoto@mwmach.com","Denver, CO","SILVER","M01","EIQ-M01-2019-1913","VMC-3000","OP08","Slot Milling","M01_Feb_2019_OP08_001","tool_wear","VIB-MD-001","3.705","Tool Wear","Progressive cutting edge wear beyond service life","328.0","167.53","1050.14","5.985","4.088","Customer Mountain West Machining LLC called — M01 threw hard alarm VIB-MD-001 mid-program during Slot Milling. Spindle load P002 peaked at 3.28% before drive tripped. Tool T11 found broken in spindle bore — approx 40mm of flute snapped. Last good part passed inspection; current part scrapped. Customer asking about warranty on tooling and whether machine caused the breakage or vice versa.","Kumar, R.","Torres, R. (FE-09)","Technical investigation by Kumar, R.. Downloaded vibration data from Bosch CISS sensor for run_id M01_Feb_2019_OP08_001. X-axis RMS = 328 (units: ADC counts), crest factor 5.98. Pattern consistent with increased cutting forces from worn tool. Compared against M01 baseline from Aug 2019 — load elevated by 39%. No bearing defect frequency components detected in spectrum. Root cause confirmed: tool wear beyond service life. No warranty claim applicable.","No machine repair required. Customer coaching on tool life management completed by Torres, R. (FE-09). Provided updated tooling recommendation for Slot Milling on aluminium: increase feed rate by 10%, reduce depth of cut by 15%, change tool grade to uncoated carbide. New parameters tested and validated. Surface finish improved to Ra 0.6 μm. Case closed — no charge under GOLD service contract.","NO","","","","","","0","5.3","YES","VIB-MD-001","M01_Feb_2019_OP08_001","bosch_real_fault"
"CMP-2019-1020","PENDING_PARTS","P2-HIGH","20 Feb 2019 14:35","","","CUST-001","Precision Parts Midwest LLC","Dave Kowalski","(312) 555-0142","dkowalski@precisionmidwest.com","Chicago, IL","GOLD","M01","EIQ-M01-2019-6311","VMC-3000","OP08","Slot Milling","M01_Feb_2019_OP08_002","tool_wear","SPN-MJ-003","4.053","Tool Wear","Progressive cutting edge wear beyond service life","326.44","169.45","1049.9","6.396","4.092","Customer Precision Parts Midwest LLC called — M01 threw hard alarm SPN-MJ-003 mid-program during Slot Milling. Spindle load P002 peaked at 3.26% before drive tripped. Tool T12 found broken in spindle bore — approx 40mm of flute snapped. Last good part passed inspection; current part scrapped. Customer asking about warranty on tooling and whether machine caused the breakage or vice versa.","Novak, P.","Jackson, T. (FE-07)","Field engineer Jackson, T. (FE-07) attended site 3 business days after initial call. Inspection findings: tool T12 showed severe flank wear on 2 of 4 flutes, corner radius worn to near-zero. Chip formation analysis: short, powdery chips consistent with rubbing rather than cutting. Coolant concentration measured at 4.8% (low — should be 8–10%); low concentration accelerating wear. Ball screw and guides inspected — nominal. No machine defect identified.","Tool T12 replaced with new insert grade IC900 (customer's standard). Tool life counter reset to 0. Coolant concentration checked and adjusted to 9% (from 4.8%). First-off part inspected: dimensions within tolerance, surface finish Ra 0.8 μm achieved. Production resumed. Customer advised to increase tool change frequency by 20% for this material/operation combination and to check coolant concentration weekly. No chargeable service.","NO","","","","","","0","4.5","NO","SPN-MJ-003","M01_Feb_2019_OP08_002","bosch_real_fault"
"CMP-2019-1021","CLOSED","P4-LOW","05 Aug 2019 15:05","08 Aug 2019 23:05","61","CUST-002","AeroMach Industries","Sandra Okonkwo","(714) 555-0287","sokonkwo@aeromach.com","Anaheim, CA","PLATINUM","M01","EIQ-M01-2019-2748","VMC-3000","OP09","Chamfering","M01_Aug_2019_OP09_000","chatter_vibration","VIB-MD-001","4.617","Chatter Vibration","Regenerative chatter — process outside stability lobe","401.8","136.6","1048.15","5.747","8.789","Customer AeroMach Industries calling about part quality issue on M01. Surface finish failing inspection — visible chatter marks at 5.75 micron Ra vs. 0.8 Ra specified. Alarm VIB-MD-001 logged. Customer has already tried reducing feed rate by 20% but chatter persists. Process was stable for 3 months then started last week. No recent tooling changes. Machine M01 S/N EIQ-M01-2019-2748. Sandra Okonkwo is the shift supervisor.","Novak, P.","Mbeki, J. (FE-03)","Technical investigation by Novak, P.. Reviewed vibration data — dominant frequency at 182 Hz matches spindle speed 4000 RPM × 4 teeth (tooth-passing frequency). Stability lobe diagram analysis indicates current operating point is in unstable region. Recommended spindle speed adjustment to 4300 RPM (+300 RPM shift) to move to adjacent stable lobe. Customer tested recommendation — chatter eliminated. Root cause: process parameter selection, not machine defect. Error code VIB-MD-001 appropriate for the vibration level detected.","Toolholder taper cleaned and re-lapped. Hydraulic fixture circuit repaired: replaced solenoid valve seal kit (PN: EIQ-HYD-SEAL-KIT). Pressure restored to 71 bar. Re-test: 20 consecutive parts — all within surface finish spec. Recommended annual toolholder taper inspection. Labour: 3.6 h under SILVER service contract (customer co-pay 20%).","NO","","","","","","0","3.6","NO","VIB-MD-001","M01_Aug_2019_OP09_000","bosch_real_fault"
"CMP-2021-1022","CLOSED","P2-HIGH","14 Aug 2021 21:05","18 Aug 2021 00:05","27","CUST-003","Lone Star Machining Co.","Billy Ray Tanner","(214) 555-0391","brtanner@lonestarmach.com","Dallas, TX","SILVER","M01","EIQ-M01-2021-1557","VMC-3000","OP10","Reaming","M01_Aug_2021_OP10_000","spindle_bearing_fault","SPN-MJ-002","3.702","Spindle Bearing Fault","Bearing race or rolling element fatigue defect","442.49","297.65","1070.04","5.144","3.259","Emergency call from Billy Ray Tanner at Lone Star Machining Co.. M01 stopped mid-production with CRITICAL alarm SPN-MJ-002. Unusual noise from spindle described as 'grinding then a bang'. Machine auto-stopped. Vibration sensor reading P004 = 5.14 mm/s at time of fault. Machine has been running 24/7 for past 6 weeks without scheduled PM. Customer needs machine back online within 48 hours — aerospace delivery deadline. Serial: EIQ-M01-2021-1557.","Williams, S.","Lee, S. (FE-12)","Investigation by Williams, S.. Pulled Bosch CISS historical data for M01 OP10. Crest factor trend showed gradual increase from 3.2 to 5.1 over 90 days before alarm. Kurtosis crossed early-warning threshold (8.0) approximately 18 days before customer called — alarm SPN-SR-003 was generated but apparently not actioned by customer maintenance team. Investigation highlights need for customer to review alarm log regularly. Machine performed as designed.","Spindle sent to depot for full rebuild (grease repack + runout check). Loaner spindle installed — job EIQ-LOAN-151. Rebuilt spindle returned and installed 12 business days later. Post-installation vibration: P004 = 1.51 mm/s. All axes re-qualified. Customer down-time: 32 hours. RMA raised for spindle core: RMA-67367.","YES","RMA-67367","BEARING_RETURN","Defective spindle bearing set returned for failure analysis","Failure analysis at EquipmentIQ bearing lab. Confirmed outer race spall — fatigue failure consistent with service beyond recommended interval. No manufacturing defect.","NO","635","3.6","YES","SPN-MJ-002","M01_Aug_2021_OP10_000","bosch_real_fault"
"CMP-2019-1023","IN_PROGRESS","P1-CRITICAL","16 Feb 2019 17:26","","","CUST-004","Great Lakes Tool & Die","Marie Johansson","(313) 555-0448","mjohansson@gltd.com","Detroit, MI","GOLD","M01","EIQ-M01-2019-1450","VMC-3000","OP10","Reaming","M01_Feb_2019_OP10_000","spindle_bearing_fault","SPN-CR-001","3.391","Spindle Bearing Fault","Bearing race or rolling element fatigue defect","441.66","283.68","1113.77","4.746","2.916","Emergency call from Marie Johansson at Great Lakes Tool & Die. M01 stopped mid-production with CRITICAL alarm SPN-CR-001. Unusual noise from spindle described as 'grinding then a bang'. Machine auto-stopped. Vibration sensor reading P004 = 4.75 mm/s at time of fault. Machine has been running 24/7 for past 6 weeks without scheduled PM. Customer needs machine back online within 48 hours — aerospace delivery deadline. Serial: EIQ-M01-2019-1450.","Novak, P.","Jackson, T. (FE-07)","Investigation by Novak, P.. Pulled Bosch CISS historical data for M01 OP10. Crest factor trend showed gradual increase from 3.2 to 4.7 over 90 days before alarm. Kurtosis crossed early-warning threshold (8.0) approximately 13 days before customer called — alarm SPN-SR-003 was generated but apparently not actioned by customer maintenance team. Investigation highlights need for customer to review alarm log regularly. Machine performed as designed.","Spindle sent to depot for full rebuild (grease repack + runout check). Loaner spindle installed — job EIQ-LOAN-642. Rebuilt spindle returned and installed 11 business days later. Post-installation vibration: P004 = 2.30 mm/s. All axes re-qualified. Customer down-time: 21 hours. RMA raised for spindle core: RMA-48503.","YES","RMA-48503","VALVE_WARRANTY","Hydraulic relief valve returned — premature internal seat wear","Valve inspected — seat wear confirmed at 11 months in service. Within 12-month warranty. Replacement valve issued.","YES","430","4.6","NO","SPN-CR-001","M01_Feb_2019_OP10_000","bosch_real_fault"
"CMP-2019-1024","ESCALATED","P2-HIGH","11 Feb 2019 16:42","","","CUST-005","Pacific Rim Precision","Kevin Tanaka","(206) 555-0512","ktanaka@pacrimprec.com","Seattle, WA","PLATINUM","M01","EIQ-M01-2019-3326","VMC-3000","OP10","Reaming","M01_Feb_2019_OP10_001","spindle_bearing_fault","VIB-MJ-001","3.589","Spindle Bearing Fault","Bearing race or rolling element fatigue defect","440.48","280.37","1106.52","5.256","3.048","Emergency call from Kevin Tanaka at Pacific Rim Precision. M01 stopped mid-production with CRITICAL alarm VIB-MJ-001. Unusual noise from spindle described as 'grinding then a bang'. Machine auto-stopped. Vibration sensor reading P004 = 5.26 mm/s at time of fault. Machine has been running 24/7 for past 6 weeks without scheduled PM. Customer needs machine back online within 48 hours — aerospace delivery deadline. Serial: EIQ-M01-2019-3326.","Williams, S.","Torres, R. (FE-09)","Investigation by Williams, S.. Pulled Bosch CISS historical data for M01 OP10. Crest factor trend showed gradual increase from 3.2 to 5.3 over 90 days before alarm. Kurtosis crossed early-warning threshold (8.0) approximately 8 days before customer called — alarm SPN-SR-003 was generated but apparently not actioned by customer maintenance team. Investigation highlights need for customer to review alarm log regularly. Machine performed as designed.","Spindle cooling fan motor replaced (PN: EIQ-SPN-FAN-200L). Air filter cleaned — found 60% blocked. Post-repair spindle temperature P003 running at 51°C vs. 79°C pre-repair. Machine re-qualified. Advised customer to add fan inspection to monthly PM checklist. No charge under PLATINUM service contract.","YES","RMA-87202","DRIVE_WARRANTY","Servo drive returned under warranty claim — internal IGBT failure","Drive tested at factory — confirmed IGBT module failure. Within 24-month warranty period. Full replacement issued at no charge.","YES","412","6.0","NO","VIB-MJ-001","M01_Feb_2019_OP10_001","bosch_real_fault"
"CMP-2019-1025","CLOSED","P1-CRITICAL","04 Feb 2019 11:21","10 Feb 2019 04:21","16","CUST-006","Appalachian Machine Works","Bobby Hicks","(423) 555-0667","bhicks@appmach.com","Knoxville, TN","STANDARD","M01","EIQ-M01-2019-6748","VMC-3000","OP10","Reaming","M01_Feb_2019_OP10_002","spindle_bearing_fault","SPN-CR-001","3.42","Spindle Bearing Fault","Bearing race or rolling element fatigue defect","439.52","274.09","1107.61","4.81","3.096","Call received from Bobby Hicks. M01 has been showing progressive vibration increase on spindle bearing sensor P004 over the past 2 weeks — operator noticed noise change but kept running. Now at 4.81 mm/s RMS, alarm SPN-CR-001 active. Customer asks if bearing can be replaced on-site or if spindle needs to go to depot. Machine hours: approx 2156h on current bearing set. Last grease service: 11 months ago.","Petrov, A.","Lee, S. (FE-12)","Remote diagnostic: retrieved vibration data for run_id M01_Feb_2019_OP10_002. Spindle bearing vibration P004 = 4.81 mm/s (ISO Zone D). Kurtosis P064 = 3.1 — defect frequency component confirmed at BPFO = 142.7 Hz (consistent with outer race spall on 7014 bearing). Machine hours since last grease service: 2156h (OEM limit: 4,000h). Bearing replacement recommended. Error code SPN-CR-001 confirmed CRITICAL/MAJOR — correct action taken by PLC.","Spindle sent to depot for full rebuild (grease repack + runout check). Loaner spindle installed — job EIQ-LOAN-987. Rebuilt spindle returned and installed 5 business days later. Post-installation vibration: P004 = 2.10 mm/s. All axes re-qualified. Customer down-time: 28 hours. RMA raised for spindle core: RMA-89783.","YES","RMA-89783","BEARING_RETURN","Defective spindle bearing set returned for failure analysis","Failure analysis at EquipmentIQ bearing lab. Confirmed outer race spall — fatigue failure consistent with service beyond recommended interval. No manufacturing defect.","NO","342","3.3","YES","SPN-CR-001","M01_Feb_2019_OP10_002","bosch_real_fault"
"CMP-2019-1026","ESCALATED","P4-LOW","19 Feb 2019 21:55","","","CUST-007","Rio Grande Manufacturing","Carlos Mendez","(505) 555-0723","cmendez@riograndemfg.com","Albuquerque, NM","SILVER","M01","EIQ-M01-2019-9270","VMC-3000","OP11","Surface Finishing","M01_Feb_2019_OP11_000","tool_wear","SPN-MN-001","3.919","Tool Wear","Progressive cutting edge wear beyond service life","353.24","265.97","1067.37","6.33","3.358","Customer called reporting elevated spindle load alarms on M01 during Surface Finishing operation. Operator noticed surface finish degradation on last 8–12 parts before alarm triggered. Machine displaying SPN-MN-001 with spindle load P002 reading 3.53%. Customer states tool was at approximately 96% of programmed tool life. Production halted on affected spindle. Customer requesting priority callback from field support. Machine M/N VMC-3000, S/N EIQ-M01-2019-9270. Current shift supervisor: Carlos Mendez.","Williams, S.","Jackson, T. (FE-07)","Technical investigation by Williams, S.. Downloaded vibration data from Bosch CISS sensor for run_id M01_Feb_2019_OP11_000. X-axis RMS = 353 (units: ADC counts), crest factor 6.33. Pattern consistent with increased cutting forces from worn tool. Compared against M01 baseline from Aug 2019 — load elevated by 19%. No bearing defect frequency components detected in spectrum. Root cause confirmed: tool wear beyond service life. No warranty claim applicable.","No machine repair required. Customer coaching on tool life management completed by Jackson, T. (FE-07). Provided updated tooling recommendation for Surface Finishing on aluminium: increase feed rate by 10%, reduce depth of cut by 15%, change tool grade to uncoated carbide. New parameters tested and validated. Surface finish improved to Ra 0.6 μm. Case closed — no charge under GOLD service contract.","NO","","","","","","0","4.7","YES","SPN-MN-001","M01_Feb_2019_OP11_000","bosch_real_fault"
"CMP-2019-1027","PENDING_PARTS","P3-MEDIUM","05 Feb 2019 20:34","","","CUST-008","Atlantic Precision Group","Jennifer Walsh","(617) 555-0834","jwalsh@atlanticprecision.com","Boston, MA","GOLD","M01","EIQ-M01-2019-1162","VMC-3000","OP11","Surface Finishing","M01_Feb_2019_OP11_001","tool_wear","SPN-SR-001","3.982","Tool Wear","Progressive cutting edge wear beyond service life","351.92","272.29","1067.57","6.476","3.416","Customer Atlantic Precision Group called — M01 threw hard alarm SPN-SR-001 mid-program during Surface Finishing. Spindle load P002 peaked at 3.52% before drive tripped. Tool T5 found broken in spindle bore — approx 40mm of flute snapped. Last good part passed inspection; current part scrapped. Customer asking about warranty on tooling and whether machine caused the breakage or vice versa.","Williams, S.","","Remote diagnostic session conducted with Williams, S.. Reviewed P002 spindle load trend via OPC-UA historian — clear monotonic increase over prior 50 cycles consistent with progressive flank wear. NDCG feature trend confirms tool_wear classification. Kurtosis P064 = 3.4 (normal range 2.5–5.0). Recommended immediate tool replacement. Advised customer to calibrate tool life counter to actual tool life rather than theoretical. No machine fault — tooling and process issue. Error code SPN-SR-001 confirmed appropriate.","Recommended process change: implement tool condition monitoring via spindle load P002 trending. Set adaptive alarm at +25% above baseline load for each operation. Customer's process engineer will configure alarm thresholds in next maintenance window. No machine parts replaced. Case closed.","NO","","","","","","0","4.0","NO","SPN-SR-001","M01_Feb_2019_OP11_001","bosch_real_fault"
"CMP-2019-1028","CLOSED","P4-LOW","16 Feb 2019 17:21","23 Feb 2019 20:21","80","CUST-009","Heartland CNC Services","Tom Hartley","(515) 555-0912","thartley@heartlandcnc.com","Des Moines, IA","STANDARD","M01","EIQ-M01-2019-9146","VMC-3000","OP11","Surface Finishing","M01_Feb_2019_OP11_002","tool_wear","VIB-MD-001","4.177","Tool Wear","Progressive cutting edge wear beyond service life","350.63","248.18","1063.74","6.54","3.377","Customer Heartland CNC Services called — M01 threw hard alarm VIB-MD-001 mid-program during Surface Finishing. Spindle load P002 peaked at 3.51% before drive tripped. Tool T14 found broken in spindle bore — approx 40mm of flute snapped. Last good part passed inspection; current part scrapped. Customer asking about warranty on tooling and whether machine caused the breakage or vice versa.","Novak, P.","","Remote diagnostic session conducted with Novak, P.. Reviewed P002 spindle load trend via OPC-UA historian — clear monotonic increase over prior 50 cycles consistent with progressive flank wear. NDCG feature trend confirms tool_wear classification. Kurtosis P064 = 3.4 (normal range 2.5–5.0). Recommended immediate tool replacement. Advised customer to calibrate tool life counter to actual tool life rather than theoretical. No machine fault — tooling and process issue. Error code VIB-MD-001 confirmed appropriate.","Tool T14 replaced with new insert grade IC900 (customer's standard). Tool life counter reset to 0. Coolant concentration checked and adjusted to 9% (from 6.0%). First-off part inspected: dimensions within tolerance, surface finish Ra 0.8 μm achieved. Production resumed. Customer advised to increase tool change frequency by 20% for this material/operation combination and to check coolant concentration weekly. No chargeable service.","NO","","","","","","0","2.1","YES","VIB-MD-001","M01_Feb_2019_OP11_002","bosch_real_fault"
"CMP-2021-1029","IN_PROGRESS","P3-MEDIUM","18 Feb 2021 18:29","","","CUST-010","Mountain West Machining LLC","Janet Fujimoto","(303) 555-1034","jfujimoto@mwmach.com","Denver, CO","SILVER","M01","EIQ-M01-2021-6036","VMC-3000","OP11","Surface Finishing","M01_Feb_2021_OP11_000","tool_wear","SPN-SR-001","3.577","Tool Wear","Progressive cutting edge wear beyond service life","352.14","356.02","1059.05","6.245","2.808","Inbound call from Janet Fujimoto at Mountain West Machining LLC. Reports intermittent spindle load spikes on M01 over the past 3 shifts. Error SPN-SR-001 appearing 4–6 times per shift, machine not stopping but operator applying feed override down to 70%. Surface finish on aluminium parts showing chatter marks. Customer believes tool is worn but wants confirmation before scrapping tooling. Last PM was 11 weeks ago.","Chen, L.","","Remote diagnostic session conducted with Chen, L.. Reviewed P002 spindle load trend via OPC-UA historian — clear monotonic increase over prior 50 cycles consistent with progressive flank wear. NDCG feature trend confirms tool_wear classification. Kurtosis P064 = 2.8 (normal range 2.5–5.0). Recommended immediate tool replacement. Advised customer to calibrate tool life counter to actual tool life rather than theoretical. No machine fault — tooling and process issue. Error code SPN-SR-001 confirmed appropriate.","No machine repair required. Customer coaching on tool life management completed by Torres, R. (FE-09). Provided updated tooling recommendation for Surface Finishing on aluminium: increase feed rate by 10%, reduce depth of cut by 15%, change tool grade to uncoated carbide. New parameters tested and validated. Surface finish improved to Ra 0.6 μm. Case closed — no charge under GOLD service contract.","NO","","","","","","0","5.8","YES","SPN-SR-001","M01_Feb_2021_OP11_000","bosch_real_fault"
"CMP-2019-1030","ESCALATED","P1-CRITICAL","18 Feb 2019 07:39","","","CUST-001","Precision Parts Midwest LLC","Dave Kowalski","(312) 555-0142","dkowalski@precisionmidwest.com","Chicago, IL","GOLD","M01","EIQ-M01-2019-8735","VMC-3000","OP12","Tool Change","M01_Feb_2019_OP12_000","actuator_fault","TCS-CR-001","3.358","Actuator Fault","Mechanical or electrical actuator failure","400.38","274.53","1084.86","5.282","2.749","Call from Dave Kowalski at Precision Parts Midwest LLC. M01 hydraulic system alarm TCS-CR-001. Clamping fixture not releasing correctly — workpiece stuck in fixture. Hydraulic pressure P050 reading 5.28 bar. Customer manually bled hydraulic circuit but pressure not recovering. Machine S/N EIQ-M01-2019-8735.","Williams, S.","Lee, S. (FE-12)","Emergency remote diagnostic by Williams, S.. ATC arm position log shows arm stopped at 23° of 90° swing — proximity sensor SW-ATC-MID not triggering. Customer technician guided to manually rotate ATC arm to home using maintenance jog mode. Sensor adjusted — fretting of mounting bracket caused sensor to drift out of range. ATC tested 20 cycles without recurrence. No parts required. Error TCS-CR-001 correctly triggered machine stop to prevent collision.","Hydraulic pressure relief valve RV1 replaced (PN: EIQ-HYD-RV1-70BAR). System pressure restored to 71 bar. All fixture clamp circuits tested — confirmed >60 bar. ATC clamp test: P021 = 74 bar — pass. Machine returned to production. Labour: 5.1 h. Parts under warranty (relief valve failed within 12 months of installation).","YES","RMA-87093","VALVE_WARRANTY","Hydraulic relief valve returned — premature internal seat wear","Valve inspected — seat wear confirmed at 11 months in service. Within 12-month warranty. Replacement valve issued.","YES","601","5.1","NO","TCS-CR-001","M01_Feb_2019_OP12_000","bosch_real_fault"
"CMP-2019-1031","CLOSED","P2-HIGH","03 Feb 2019 13:40","08 Feb 2019 20:40","53","CUST-002","AeroMach Industries","Sandra Okonkwo","(714) 555-0287","sokonkwo@aeromach.com","Anaheim, CA","PLATINUM","M01","EIQ-M01-2019-2930","VMC-3000","OP12","Tool Change","M01_Feb_2019_OP12_001","actuator_fault","HYD-MJ-001","3.269","Actuator Fault","Mechanical or electrical actuator failure","400.93","270.52","1081.5","4.978","2.849","Call from Sandra Okonkwo at AeroMach Industries. M01 hydraulic system alarm HYD-MJ-001. Clamping fixture not releasing correctly — workpiece stuck in fixture. Hydraulic pressure P050 reading 4.98 bar. Customer manually bled hydraulic circuit but pressure not recovering. Machine S/N EIQ-M01-2019-2930.","Williams, S.","Jackson, T. (FE-07)","Investigation Williams, S.. Hydraulic pressure trend for M01 shows gradual decay from 72 bar to 5 bar over 3 weeks — internal leak in pressure relief valve (RV1) allowing bypass. Relief valve inspected: seat worn, allowing 2.9 L/min internal bypass at nominal pressure. Relief valve replaced — pressure restored to 71 bar. Clamping function tested: all 4 fixture stations confirmed >55 bar clamp pressure. Error code HYD-MJ-001 triggered correctly.","SSV lube distributor block replaced (PN: EIQ-LUB-SSV-6). Ball screw backlash compensation parameter adjusted from 0.003 to 0.006 mm. Lubrication system primed and verified — all 18 lube points confirmed receiving oil. Following error P016 re-tested: max 0.008 mm on rapid traverse — within specification. Machine re-qualified. Parts cost: $397. Labour: 6.4 h.","NO","","","","","","397","6.4","NO","HYD-MJ-001","M01_Feb_2019_OP12_001","bosch_real_fault"
"CMP-2019-1032","CLOSED","P2-HIGH","22 Feb 2019 15:14","26 Feb 2019 00:14","75","CUST-003","Lone Star Machining Co.","Billy Ray Tanner","(214) 555-0391","brtanner@lonestarmach.com","Dallas, TX","SILVER","M01","EIQ-M01-2019-9964","VMC-3000","OP12","Tool Change","M01_Feb_2019_OP12_002","actuator_fault","AXS-MJ-001","3.262","Actuator Fault","Mechanical or electrical actuator failure","401.57","256.22","1079.06","5.195","2.923","Call from Billy Ray Tanner at Lone Star Machining Co.. M01 hydraulic system alarm AXS-MJ-001. Clamping fixture not releasing correctly — workpiece stuck in fixture. Hydraulic pressure P050 reading 5.19 bar. Customer manually bled hydraulic circuit but pressure not recovering. Machine S/N EIQ-M01-2019-9964.","Chen, L.","Brennan, K. (FE-15)","Emergency remote diagnostic by Chen, L.. ATC arm position log shows arm stopped at 23° of 90° swing — proximity sensor SW-ATC-MID not triggering. Customer technician guided to manually rotate ATC arm to home using maintenance jog mode. Sensor adjusted — fretting of mounting bracket caused sensor to drift out of range. ATC tested 20 cycles without recurrence. No parts required. Error AXS-MJ-001 correctly triggered machine stop to prevent collision.","ATC arm proximity sensor SW-ATC-MID re-adjusted and bracket re-secured. 20 ATC cycle test conducted without fault. Customer maintenance team advised to include sensor mounting check in quarterly PM. No parts replaced. Labour: 0.5 h (covered under GOLD contract).","YES","RMA-84480","LUBE_BLOCK","SSV lube distributor block returned — stuck piston","Piston freed and cleaned. Contamination found in oil supply — customer advised to use filtered oil only. No manufacturing defect. No credit.","NO","320","4.0","YES","AXS-MJ-001","M01_Feb_2019_OP12_002","bosch_real_fault"
"CMP-2019-1033","PENDING_PARTS","P1-CRITICAL","25 Feb 2019 10:50","","","CUST-004","Great Lakes Tool & Die","Marie Johansson","(313) 555-0448","mjohansson@gltd.com","Detroit, MI","GOLD","M01","EIQ-M01-2019-5705","VMC-3000","OP14","Spindle Run Test","M01_Feb_2019_OP14_000","actuator_fault","LUB-CR-001","3.296","Actuator Fault","Mechanical or electrical actuator failure","471.24","371.29","1158.34","4.626","5.918","URGENT — Great Lakes Tool & Die reporting M01 stuck in tool change. ATC arm stopped mid-swing, alarm LUB-CR-001 active. Machine cannot be reset — arm is blocking spindle access. Production line stopped. Customer has 14 people waiting. Contact: Marie Johansson, phone: (313) 555-0448. Machine S/N EIQ-M01-2019-5705. Requesting immediate escalation to field support.","Chen, L.","Lee, S. (FE-12)","Field engineer Lee, S. (FE-12) attended. Axis following error P016 = 4.630 mm on Z-axis. Ball screw backlash measured: 0.017 mm (limit 0.005 mm — exceeded). Guide rail lubrication found dry on two carriages — lube distributor piston stuck in one SSV block. Root causes: (1) lube blockage causing guide friction increase; (2) ball screw nut preload loss. Both corrected: SSV block replaced, lube cycle verified, servo backlash compensation adjusted.","SSV lube distributor block replaced (PN: EIQ-LUB-SSV-6). Ball screw backlash compensation parameter adjusted from 0.003 to 0.006 mm. Lubrication system primed and verified — all 18 lube points confirmed receiving oil. Following error P016 re-tested: max 0.008 mm on rapid traverse — within specification. Machine re-qualified. Parts cost: $485. Labour: 2.1 h.","NO","","","","","","485","2.1","NO","LUB-CR-001","M01_Feb_2019_OP14_000","bosch_real_fault"
"CMP-2021-1034","ESCALATED","P2-HIGH","15 Feb 2021 13:26","","","CUST-005","Pacific Rim Precision","Kevin Tanaka","(206) 555-0512","ktanaka@pacrimprec.com","Seattle, WA","PLATINUM","M02","EIQ-M02-2021-4470","VMC-3000","OP00","Workpiece Loading","M02_Feb_2021_OP00_000","process_anomaly","CNC-MJ-001","4.004","Process Anomaly","NC program or controller process exception","497.78","313.22","1231.3","5.151","3.553","Customer Pacific Rim Precision reporting M02 NC program execution error, alarm CNC-MJ-001. Machine stopped at block N3924 — program has run successfully 100+ times before. No changes to program, operator, or tooling. Customer suspects CNC memory or controller issue. Kevin Tanaka requesting level-2 technical support.","Petrov, A.","","Remote diagnostic by Petrov, A.. CNC program file MD5 checksum mismatch vs. revision control system — corrupted file transfer via DNC. Program re-transferred and verified. Machine executed 10 consecutive cycles without alarm. Root cause: network timeout during DNC transfer corrupted block N3924. Customer advised to implement file transfer verification (checksum) before running production. No machine defect.","DNC file transfer protocol updated to include MD5 checksum verification on receive. IT team configured auto-reject for failed checksums. NC program re-loaded from revision control — machine ran 50 cycles without fault. No machine repair required. Case closed — process improvement only.","NO","","","","","","0","1.8","NO","CNC-MJ-001","M02_Feb_2021_OP00_000","bosch_real_fault"
"CMP-2019-1035","IN_PROGRESS","P2-HIGH","22 Aug 2019 18:04","","","CUST-006","Appalachian Machine Works","Bobby Hicks","(423) 555-0667","bhicks@appmach.com","Knoxville, TN","STANDARD","M02","EIQ-M02-2019-6183","VMC-3000","OP01","Face Milling","M02_Aug_2019_OP01_000","tool_wear","SPN-MJ-003","4.776","Tool Wear","Progressive cutting edge wear beyond service life","435.31","187.65","1053.92","4.509","2.987","Inbound call from Bobby Hicks at Appalachian Machine Works. Reports intermittent spindle load spikes on M02 over the past 3 shifts. Error SPN-MJ-003 appearing 4–6 times per shift, machine not stopping but operator applying feed override down to 70%. Surface finish on aluminium parts showing chatter marks. Customer believes tool is worn but wants confirmation before scrapping tooling. Last PM was 6 weeks ago.","Okafor, D.","Torres, R. (FE-09)","Field engineer Torres, R. (FE-09) attended site 1 business days after initial call. Inspection findings: tool T7 showed severe flank wear on 2 of 4 flutes, corner radius worn to near-zero. Chip formation analysis: short, powdery chips consistent with rubbing rather than cutting. Coolant concentration measured at 4.7% (low — should be 8–10%); low concentration accelerating wear. Ball screw and guides inspected — nominal. No machine defect identified.","Recommended process change: implement tool condition monitoring via spindle load P002 trending. Set adaptive alarm at +25% above baseline load for each operation. Customer's process engineer will configure alarm thresholds in next maintenance window. No machine parts replaced. Case closed.","NO","","","","","","0","5.6","YES","SPN-MJ-003","M02_Aug_2019_OP01_000","bosch_real_fault"
"CMP-2019-1036","CLOSED","P4-LOW","05 Feb 2019 06:05","10 Feb 2019 22:05","5","CUST-007","Rio Grande Manufacturing","Carlos Mendez","(505) 555-0723","cmendez@riograndemfg.com","Albuquerque, NM","SILVER","M02","EIQ-M02-2019-9491","VMC-3000","OP01","Face Milling","M02_Feb_2019_OP01_000","tool_wear","SPN-WN-001","2.979","Tool Wear","Progressive cutting edge wear beyond service life","440.93","197.46","1066.36","4.438","2.676","Customer called reporting elevated spindle load alarms on M02 during Face Milling operation. Operator noticed surface finish degradation on last 8–12 parts before alarm triggered. Machine displaying SPN-WN-001 with spindle load P002 reading 4.41%. Customer states tool was at approximately 110% of programmed tool life. Production halted on affected spindle. Customer requesting priority callback from field support. Machine M/N VMC-3000, S/N EIQ-M02-2019-9491. Current shift supervisor: Carlos Mendez.","Novak, P.","","Technical investigation by Novak, P.. Downloaded vibration data from Bosch CISS sensor for run_id M02_Feb_2019_OP01_000. X-axis RMS = 441 (units: ADC counts), crest factor 4.44. Pattern consistent with increased cutting forces from worn tool. Compared against M02 baseline from Aug 2019 — load elevated by 32%. No bearing defect frequency components detected in spectrum. Root cause confirmed: tool wear beyond service life. No warranty claim applicable.","Recommended process change: implement tool condition monitoring via spindle load P002 trending. Set adaptive alarm at +25% above baseline load for each operation. Customer's process engineer will configure alarm thresholds in next maintenance window. No machine parts replaced. Case closed.","NO","","","","","","0","5.4","YES","SPN-WN-001","M02_Feb_2019_OP01_000","bosch_real_fault"
"CMP-2019-1037","IN_PROGRESS","P3-MEDIUM","24 Feb 2019 22:13","","","CUST-008","Atlantic Precision Group","Jennifer Walsh","(617) 555-0834","jwalsh@atlanticprecision.com","Boston, MA","GOLD","M02","EIQ-M02-2019-7287","VMC-3000","OP01","Face Milling","M02_Feb_2019_OP01_001","tool_wear","SPN-SR-001","3.201","Tool Wear","Progressive cutting edge wear beyond service life","442.05","200.01","1066.28","4.357","2.684","Customer Atlantic Precision Group called — M02 threw hard alarm SPN-SR-001 mid-program during Face Milling. Spindle load P002 peaked at 4.42% before drive tripped. Tool T6 found broken in spindle bore — approx 40mm of flute snapped. Last good part passed inspection; current part scrapped. Customer asking about warranty on tooling and whether machine caused the breakage or vice versa.","Novak, P.","","Technical investigation by Novak, P.. Downloaded vibration data from Bosch CISS sensor for run_id M02_Feb_2019_OP01_001. X-axis RMS = 442 (units: ADC counts), crest factor 4.36. Pattern consistent with increased cutting forces from worn tool. Compared against M02 baseline from Aug 2019 — load elevated by 43%. No bearing defect frequency components detected in spectrum. Root cause confirmed: tool wear beyond service life. No warranty claim applicable.","Tool T6 replaced with new insert grade IC900 (customer's standard). Tool life counter reset to 0. Coolant concentration checked and adjusted to 9% (from 5.0%). First-off part inspected: dimensions within tolerance, surface finish Ra 0.8 μm achieved. Production resumed. Customer advised to increase tool change frequency by 20% for this material/operation combination and to check coolant concentration weekly. No chargeable service.","NO","","","","","","0","5.9","NO","SPN-SR-001","M02_Feb_2019_OP01_001","bosch_real_fault"
"CMP-2019-1038","CLOSED","P4-LOW","17 Feb 2019 08:19","20 Feb 2019 23:19","4","CUST-009","Heartland CNC Services","Tom Hartley","(515) 555-0912","thartley@heartlandcnc.com","Des Moines, IA","STANDARD","M02","EIQ-M02-2019-7689","VMC-3000","OP02","Contour Milling","M02_Feb_2019_OP02_000","tool_wear","SPN-WN-001","3.367","Tool Wear","Progressive cutting edge wear beyond service life","414.13","378.57","1083.48","5.211","3.015","Customer Heartland CNC Services called — M02 threw hard alarm SPN-WN-001 mid-program during Contour Milling. Spindle load P002 peaked at 4.14% before drive tripped. Tool T18 found broken in spindle bore — approx 40mm of flute snapped. Last good part passed inspection; current part scrapped. Customer asking about warranty on tooling and whether machine caused the breakage or vice versa.","Kumar, R.","Brennan, K. (FE-15)","Remote diagnostic session conducted with Kumar, R.. Reviewed P002 spindle load trend via OPC-UA historian — clear monotonic increase over prior 50 cycles consistent with progressive flank wear. NDCG feature trend confirms tool_wear classification. Kurtosis P064 = 3.0 (normal range 2.5–5.0). Recommended immediate tool replacement. Advised customer to calibrate tool life counter to actual tool life rather than theoretical. No machine fault — tooling and process issue. Error code SPN-WN-001 confirmed appropriate.","Tool T18 replaced with new insert grade IC900 (customer's standard). Tool life counter reset to 0. Coolant concentration checked and adjusted to 9% (from 4.7%). First-off part inspected: dimensions within tolerance, surface finish Ra 0.8 μm achieved. Production resumed. Customer advised to increase tool change frequency by 20% for this material/operation combination and to check coolant concentration weekly. No chargeable service.","NO","","","","","","0","2.1","YES","SPN-WN-001","M02_Feb_2019_OP02_000","bosch_real_fault"
"CMP-2019-1039","ESCALATED","P4-LOW","15 Feb 2019 20:02","","","CUST-010","Mountain West Machining LLC","Janet Fujimoto","(303) 555-1034","jfujimoto@mwmach.com","Denver, CO","SILVER","M02","EIQ-M02-2019-8093","VMC-3000","OP02","Contour Milling","M02_Feb_2019_OP02_001","tool_wear","VIB-MD-001","3.494","Tool Wear","Progressive cutting edge wear beyond service life","413.0","377.46","1081.53","5.179","3.046","Customer Mountain West Machining LLC called — M02 threw hard alarm VIB-MD-001 mid-program during Contour Milling. Spindle load P002 peaked at 4.13% before drive tripped. Tool T22 found broken in spindle bore — approx 40mm of flute snapped. Last good part passed inspection; current part scrapped. Customer asking about warranty on tooling and whether machine caused the breakage or vice versa.","Kumar, R.","","Field engineer Mbeki, J. (FE-03) attended site 5 business days after initial call. Inspection findings: tool T22 showed severe flank wear on 2 of 4 flutes, corner radius worn to near-zero. Chip formation analysis: short, powdery chips consistent with rubbing rather than cutting. Coolant concentration measured at 7.2% (low — should be 8–10%); low concentration accelerating wear. Ball screw and guides inspected — nominal. No machine defect identified.","Tool T22 replaced with new insert grade IC900 (customer's standard). Tool life counter reset to 0. Coolant concentration checked and adjusted to 9% (from 7.2%). First-off part inspected: dimensions within tolerance, surface finish Ra 0.8 μm achieved. Production resumed. Customer advised to increase tool change frequency by 20% for this material/operation combination and to check coolant concentration weekly. No chargeable service.","NO","","","","","","0","3.5","YES","VIB-MD-001","M02_Feb_2019_OP02_001","bosch_real_fault"
"CMP-2021-1040","ESCALATED","P4-LOW","09 Feb 2021 07:41","","","CUST-001","Precision Parts Midwest LLC","Dave Kowalski","(312) 555-0142","dkowalski@precisionmidwest.com","Chicago, IL","GOLD","M02","EIQ-M02-2021-6629","VMC-3000","OP03","Pocket Milling","M02_Feb_2021_OP03_000","chatter_vibration","VIB-MD-001","3.466","Chatter Vibration","Regenerative chatter — process outside stability lobe","370.58","385.98","1068.51","5.629","2.457","Customer Precision Parts Midwest LLC calling about part quality issue on M02. Surface finish failing inspection — visible chatter marks at 5.63 micron Ra vs. 0.8 Ra specified. Alarm VIB-MD-001 logged. Customer has already tried reducing feed rate by 20% but chatter persists. Process was stable for 3 months then started last week. No recent tooling changes. Machine M02 S/N EIQ-M02-2021-6629. Dave Kowalski is the shift supervisor.","Rodriguez, M.","","Remote session Rodriguez, M.. Vibration RMS X=371 Y=386 Z=1069 (ADC counts) for run_id M02_Feb_2021_OP03_000. Crest factor 5.63 consistent with regenerative chatter rather than bearing defect (kurtosis 2.5, normal range for chatter). Process engineer recommends: reduce axial depth of cut by 20%, apply variable pitch tooling. No mechanical fault on machine identified.","Toolholder taper cleaned and re-lapped. Hydraulic fixture circuit repaired: replaced solenoid valve seal kit (PN: EIQ-HYD-SEAL-KIT). Pressure restored to 71 bar. Re-test: 20 consecutive parts — all within surface finish spec. Recommended annual toolholder taper inspection. Labour: 5.5 h under SILVER service contract (customer co-pay 30%).","NO","","","","","","0","5.5","NO","VIB-MD-001","M02_Feb_2021_OP03_000","bosch_real_fault"
"CMP-2019-1041","CLOSED","P3-MEDIUM","05 Aug 2019 15:27","08 Aug 2019 00:27","82","CUST-002","AeroMach Industries","Sandra Okonkwo","(714) 555-0287","sokonkwo@aeromach.com","Anaheim, CA","PLATINUM","M02","EIQ-M02-2019-6199","VMC-3000","OP04","Drilling Cycle","M02_Aug_2019_OP04_000","spindle_bearing_fault","SPN-SR-003","3.68","Spindle Bearing Fault","Bearing race or rolling element fatigue defect","442.78","251.34","1061.14","4.905","3.409","Call received from Sandra Okonkwo. M02 has been showing progressive vibration increase on spindle bearing sensor P004 over the past 2 weeks — operator noticed noise change but kept running. Now at 4.91 mm/s RMS, alarm SPN-SR-003 active. Customer asks if bearing can be replaced on-site or if spindle needs to go to depot. Machine hours: approx 1089h on current bearing set. Last grease service: 3 months ago.","Novak, P.","Brennan, K. (FE-15)","Field engineer Brennan, K. (FE-15) attended 2 days after initial call. Removed spindle nose cap and measured bearing temperature with IR thermometer: front bearing at 5°C vs. ambient 22°C — significant. Bearing noise clearly audible on mechanic's stethoscope. Vibration spectrum showed bearing defect frequencies. Bearings removed: front pair (7014 CDBP4) showed outer race spalling on one bearing — approx 8mm arc of pitting. Rear bearing NU1014 in good condition. Root cause: bearing fatigue from operation beyond grease service interval.","Spindle bearing set replaced on-site by Brennan, K. (FE-15). Parts used: 2× 7014 CDBP4 angular contact bearings (PN: EIQ-SPN-BRG-7014, batch BRG-88771), 1× NU1014 rear bearing (PN: EIQ-SPN-BRG-NU1014). Bearings installed with correct preload per EIQ-PROC-SPN-001. Spindle warmed up per SPD-WARMUP-001 (15 min). Acceptance vibration test run: P004 = 1.41 mm/s (Zone A — pass). Machine returned to production. Labour: 3.4 h. Parts charged to customer (bearing set outside warranty — 10 months in service).","YES","RMA-76909","DRIVE_WARRANTY","Servo drive returned under warranty claim — internal IGBT failure","Drive tested at factory — confirmed IGBT module failure. Within 24-month warranty period. Full replacement issued at no charge.","YES","539","3.4","NO","SPN-SR-003","M02_Aug_2019_OP04_000","bosch_real_fault"
"CMP-2019-1042","CLOSED","P3-MEDIUM","01 Feb 2019 17:15","07 Feb 2019 09:15","36","CUST-003","Lone Star Machining Co.","Billy Ray Tanner","(214) 555-0391","brtanner@lonestarmach.com","Dallas, TX","SILVER","M02","EIQ-M02-2019-7190","VMC-3000","OP04","Drilling Cycle","M02_Feb_2019_OP04_000","spindle_bearing_fault","SPN-SR-003","4.032","Spindle Bearing Fault","Bearing race or rolling element fatigue defect","453.94","359.89","1139.53","4.844","5.245","Lone Star Machining Co. reporting M02 spindle temperature P003 running high at 4.84°C. Spindle cooling fan appears to be making intermittent noise — possibly bearing in fan motor. Alarm SPN-SR-003 active. Customer asking if they can continue running at reduced spindle speed while awaiting parts. Current part schedule is critical path.","Williams, S.","Torres, R. (FE-09)","Remote diagnostic: retrieved vibration data for run_id M02_Feb_2019_OP04_000. Spindle bearing vibration P004 = 4.84 mm/s (ISO Zone D). Kurtosis P064 = 5.2 — defect frequency component confirmed at BPFO = 175.3 Hz (consistent with outer race spall on 7014 bearing). Machine hours since last grease service: 3500h (OEM limit: 4,000h). Bearing replacement recommended. Error code SPN-SR-003 confirmed CRITICAL/MAJOR — correct action taken by PLC.","Spindle sent to depot for full rebuild (grease repack + runout check). Loaner spindle installed — job EIQ-LOAN-945. Rebuilt spindle returned and installed 11 business days later. Post-installation vibration: P004 = 1.02 mm/s. All axes re-qualified. Customer down-time: 31 hours. RMA raised for spindle core: RMA-38796.","YES","RMA-38796","LUBE_BLOCK","SSV lube distributor block returned — stuck piston","Piston freed and cleaned. Contamination found in oil supply — customer advised to use filtered oil only. No manufacturing defect. No credit.","NO","240","3.0","YES","SPN-SR-003","M02_Feb_2019_OP04_000","bosch_real_fault"
"CMP-2019-1043","CLOSED","P2-HIGH","19 Feb 2019 19:11","25 Feb 2019 21:11","80","CUST-004","Great Lakes Tool & Die","Marie Johansson","(313) 555-0448","mjohansson@gltd.com","Detroit, MI","GOLD","M02","EIQ-M02-2019-1713","VMC-3000","OP04","Drilling Cycle","M02_Feb_2019_OP04_002","spindle_bearing_fault","VIB-MJ-001","4.407","Spindle Bearing Fault","Bearing race or rolling element fatigue defect","451.14","363.81","1140.26","4.91","5.289","Emergency call from Marie Johansson at Great Lakes Tool & Die. M02 stopped mid-production with CRITICAL alarm VIB-MJ-001. Unusual noise from spindle described as 'grinding then a bang'. Machine auto-stopped. Vibration sensor reading P004 = 4.91 mm/s at time of fault. Machine has been running 24/7 for past 6 weeks without scheduled PM. Customer needs machine back online within 48 hours — aerospace delivery deadline. Serial: EIQ-M02-2019-1713.","Rodriguez, M.","Lee, S. (FE-12)","Remote diagnostic: retrieved vibration data for run_id M02_Feb_2019_OP04_002. Spindle bearing vibration P004 = 4.91 mm/s (ISO Zone D). Kurtosis P064 = 5.3 — defect frequency component confirmed at BPFO = 179.4 Hz (consistent with outer race spall on 7014 bearing). Machine hours since last grease service: 1490h (OEM limit: 4,000h). Bearing replacement recommended. Error code VIB-MJ-001 confirmed CRITICAL/MAJOR — correct action taken by PLC.","Spindle sent to depot for full rebuild (grease repack + runout check). Loaner spindle installed — job EIQ-LOAN-755. Rebuilt spindle returned and installed 9 business days later. Post-installation vibration: P004 = 1.21 mm/s. All axes re-qualified. Customer down-time: 92 hours. RMA raised for spindle core: RMA-70887.","YES","RMA-70887","DRIVE_WARRANTY","Servo drive returned under warranty claim — internal IGBT failure","Drive tested at factory — confirmed IGBT module failure. Within 24-month warranty period. Full replacement issued at no charge.","YES","698","5.3","NO","VIB-MJ-001","M02_Feb_2019_OP04_002","bosch_real_fault"
"CMP-2019-1044","ESCALATED","P2-HIGH","26 Feb 2019 08:46","","","CUST-005","Pacific Rim Precision","Kevin Tanaka","(206) 555-0512","ktanaka@pacrimprec.com","Seattle, WA","PLATINUM","M02","EIQ-M02-2019-7064","VMC-3000","OP05","Thread Tapping","M02_Feb_2019_OP05_000","spindle_bearing_fault","SPN-MJ-001","4.365","Spindle Bearing Fault","Bearing race or rolling element fatigue defect","327.16","108.9","1065.63","5.685","7.68","Call received from Kevin Tanaka. M02 has been showing progressive vibration increase on spindle bearing sensor P004 over the past 2 weeks — operator noticed noise change but kept running. Now at 5.69 mm/s RMS, alarm SPN-MJ-001 active. Customer asks if bearing can be replaced on-site or if spindle needs to go to depot. Machine hours: approx 1418h on current bearing set. Last grease service: 3 months ago.","Williams, S.","Brennan, K. (FE-15)","Remote diagnostic: retrieved vibration data for run_id M02_Feb_2019_OP05_000. Spindle bearing vibration P004 = 5.69 mm/s (ISO Zone C). Kurtosis P064 = 7.7 — defect frequency component confirmed at BPFO = 133.7 Hz (consistent with outer race spall on 7014 bearing). Machine hours since last grease service: 1418h (OEM limit: 4,000h). Bearing replacement recommended. Error code SPN-MJ-001 confirmed CRITICAL/MAJOR — correct action taken by PLC.","Spindle sent to depot for full rebuild (grease repack + runout check). Loaner spindle installed — job EIQ-LOAN-510. Rebuilt spindle returned and installed 10 business days later. Post-installation vibration: P004 = 1.93 mm/s. All axes re-qualified. Customer down-time: 40 hours. RMA raised for spindle core: RMA-69387.","YES","RMA-69387","VALVE_WARRANTY","Hydraulic relief valve returned — premature internal seat wear","Valve inspected — seat wear confirmed at 11 months in service. Within 12-month warranty. Replacement valve issued.","YES","527","1.7","NO","SPN-MJ-001","M02_Feb_2019_OP05_000","bosch_real_fault"
"CMP-2019-1045","CLOSED","P2-HIGH","14 Feb 2019 08:27","16 Feb 2019 22:27","8","CUST-006","Appalachian Machine Works","Bobby Hicks","(423) 555-0667","bhicks@appmach.com","Knoxville, TN","STANDARD","M02","EIQ-M02-2019-4432","VMC-3000","OP05","Thread Tapping","M02_Feb_2019_OP05_001","spindle_bearing_fault","SPN-MJ-001","5.003","Spindle Bearing Fault","Bearing race or rolling element fatigue defect","328.56","114.72","1065.81","5.825","8.027","Emergency call from Bobby Hicks at Appalachian Machine Works. M02 stopped mid-production with CRITICAL alarm SPN-MJ-001. Unusual noise from spindle described as 'grinding then a bang'. Machine auto-stopped. Vibration sensor reading P004 = 5.83 mm/s at time of fault. Machine has been running 24/7 for past 6 weeks without scheduled PM. Customer needs machine back online within 48 hours — aerospace delivery deadline. Serial: EIQ-M02-2019-4432.","Chen, L.","Lee, S. (FE-12)","Field engineer Lee, S. (FE-12) attended 4 days after initial call. Removed spindle nose cap and measured bearing temperature with IR thermometer: front bearing at 6°C vs. ambient 22°C — significant. Bearing noise clearly audible on mechanic's stethoscope. Vibration spectrum showed bearing defect frequencies. Bearings removed: front pair (7014 CDBP4) showed outer race spalling on one bearing — approx 8mm arc of pitting. Rear bearing NU1014 in good condition. Root cause: bearing fatigue from operation beyond grease service interval.","Spindle cooling fan motor replaced (PN: EIQ-SPN-FAN-200L). Air filter cleaned — found 60% blocked. Post-repair spindle temperature P003 running at 58°C vs. 78°C pre-repair. Machine re-qualified. Advised customer to add fan inspection to monthly PM checklist. No charge under PLATINUM service contract.","YES","RMA-72371","DRIVE_WARRANTY","Servo drive returned under warranty claim — internal IGBT failure","Drive tested at factory — confirmed IGBT module failure. Within 24-month warranty period. Full replacement issued at no charge.","YES","557","6.5","YES","SPN-MJ-001","M02_Feb_2019_OP05_001","bosch_real_fault"
"CMP-2019-1046","CLOSED","P4-LOW","07 Aug 2019 16:38","08 Aug 2019 22:38","95","CUST-007","Rio Grande Manufacturing","Carlos Mendez","(505) 555-0723","cmendez@riograndemfg.com","Albuquerque, NM","SILVER","M02","EIQ-M02-2019-4557","VMC-3000","OP07","Profile Milling","M02_Aug_2019_OP07_000","tool_wear","VIB-MD-001","3.712","Tool Wear","Progressive cutting edge wear beyond service life","515.56","402.54","1089.91","3.788","7.679","Customer called reporting elevated spindle load alarms on M02 during Profile Milling operation. Operator noticed surface finish degradation on last 8–12 parts before alarm triggered. Machine displaying VIB-MD-001 with spindle load P002 reading 5.16%. Customer states tool was at approximately 80% of programmed tool life. Production halted on affected spindle. Customer requesting priority callback from field support. Machine M/N VMC-3000, S/N EIQ-M02-2019-4557. Current shift supervisor: Carlos Mendez.","Okafor, D.","Lee, S. (FE-12)","Remote diagnostic session conducted with Okafor, D.. Reviewed P002 spindle load trend via OPC-UA historian — clear monotonic increase over prior 50 cycles consistent with progressive flank wear. NDCG feature trend confirms tool_wear classification. Kurtosis P064 = 7.7 (normal range 2.5–5.0). Recommended immediate tool replacement. Advised customer to calibrate tool life counter to actual tool life rather than theoretical. No machine fault — tooling and process issue. Error code VIB-MD-001 confirmed appropriate.","Tool T25 replaced with new insert grade IC900 (customer's standard). Tool life counter reset to 0. Coolant concentration checked and adjusted to 9% (from 5.1%). First-off part inspected: dimensions within tolerance, surface finish Ra 0.8 μm achieved. Production resumed. Customer advised to increase tool change frequency by 20% for this material/operation combination and to check coolant concentration weekly. No chargeable service.","NO","","","","","","0","2.4","YES","VIB-MD-001","M02_Aug_2019_OP07_000","bosch_real_fault"
"CMP-2019-1047","CLOSED","P2-HIGH","05 Feb 2019 16:55","09 Feb 2019 23:55","91","CUST-008","Atlantic Precision Group","Jennifer Walsh","(617) 555-0834","jwalsh@atlanticprecision.com","Boston, MA","GOLD","M02","EIQ-M02-2019-4878","VMC-3000","OP07","Profile Milling","M02_Feb_2019_OP07_000","tool_wear","SPN-MJ-003","3.693","Tool Wear","Progressive cutting edge wear beyond service life","495.93","307.33","1094.21","3.884","5.191","Inbound call from Jennifer Walsh at Atlantic Precision Group. Reports intermittent spindle load spikes on M02 over the past 3 shifts. Error SPN-MJ-003 appearing 4–6 times per shift, machine not stopping but operator applying feed override down to 70%. Surface finish on aluminium parts showing chatter marks. Customer believes tool is worn but wants confirmation before scrapping tooling. Last PM was 4 weeks ago.","Kumar, R.","","Field engineer Lee, S. (FE-12) attended site 3 business days after initial call. Inspection findings: tool T28 showed severe flank wear on 2 of 4 flutes, corner radius worn to near-zero. Chip formation analysis: short, powdery chips consistent with rubbing rather than cutting. Coolant concentration measured at 7.1% (low — should be 8–10%); low concentration accelerating wear. Ball screw and guides inspected — nominal. No machine defect identified.","Tool T28 replaced with new insert grade IC900 (customer's standard). Tool life counter reset to 0. Coolant concentration checked and adjusted to 9% (from 7.1%). First-off part inspected: dimensions within tolerance, surface finish Ra 0.8 μm achieved. Production resumed. Customer advised to increase tool change frequency by 20% for this material/operation combination and to check coolant concentration weekly. No chargeable service.","NO","","","","","","0","3.4","NO","SPN-MJ-003","M02_Feb_2019_OP07_000","bosch_real_fault"
"CMP-2019-1048","ESCALATED","P4-LOW","23 Feb 2019 16:46","","","CUST-009","Heartland CNC Services","Tom Hartley","(515) 555-0912","thartley@heartlandcnc.com","Des Moines, IA","STANDARD","M02","EIQ-M02-2019-9843","VMC-3000","OP07","Profile Milling","M02_Feb_2019_OP07_001","tool_wear","SPN-WN-001","3.544","Tool Wear","Progressive cutting edge wear beyond service life","492.78","299.0","1092.53","4.312","5.17","Inbound call from Tom Hartley at Heartland CNC Services. Reports intermittent spindle load spikes on M02 over the past 3 shifts. Error SPN-WN-001 appearing 4–6 times per shift, machine not stopping but operator applying feed override down to 70%. Surface finish on aluminium parts showing chatter marks. Customer believes tool is worn but wants confirmation before scrapping tooling. Last PM was 2 weeks ago.","Novak, P.","Lee, S. (FE-12)","Field engineer Lee, S. (FE-12) attended site 5 business days after initial call. Inspection findings: tool T12 showed severe flank wear on 2 of 4 flutes, corner radius worn to near-zero. Chip formation analysis: short, powdery chips consistent with rubbing rather than cutting. Coolant concentration measured at 5.5% (low — should be 8–10%); low concentration accelerating wear. Ball screw and guides inspected — nominal. No machine defect identified.","Tool T12 replaced with new insert grade IC900 (customer's standard). Tool life counter reset to 0. Coolant concentration checked and adjusted to 9% (from 5.5%). First-off part inspected: dimensions within tolerance, surface finish Ra 0.8 μm achieved. Production resumed. Customer advised to increase tool change frequency by 20% for this material/operation combination and to check coolant concentration weekly. No chargeable service.","NO","","","","","","0","5.0","YES","SPN-WN-001","M02_Feb_2019_OP07_001","bosch_real_fault"
"CMP-2019-1049","CLOSED","P3-MEDIUM","01 Aug 2019 20:20","06 Aug 2019 18:20","94","CUST-010","Mountain West Machining LLC","Janet Fujimoto","(303) 555-1034","jfujimoto@mwmach.com","Denver, CO","SILVER","M02","EIQ-M02-2019-5955","VMC-3000","OP08","Slot Milling","M02_Aug_2019_OP08_000","tool_wear","SPN-SR-001","4.055","Tool Wear","Progressive cutting edge wear beyond service life","354.1","281.8","1054.84","5.623","5.182","Customer Mountain West Machining LLC called — M02 threw hard alarm SPN-SR-001 mid-program during Slot Milling. Spindle load P002 peaked at 3.54% before drive tripped. Tool T19 found broken in spindle bore — approx 40mm of flute snapped. Last good part passed inspection; current part scrapped. Customer asking about warranty on tooling and whether machine caused the breakage or vice versa.","Kumar, R.","Brennan, K. (FE-15)","Remote diagnostic session conducted with Kumar, R.. Reviewed P002 spindle load trend via OPC-UA historian — clear monotonic increase over prior 50 cycles consistent with progressive flank wear. NDCG feature trend confirms tool_wear classification. Kurtosis P064 = 5.2 (normal range 2.5–5.0). Recommended immediate tool replacement. Advised customer to calibrate tool life counter to actual tool life rather than theoretical. No machine fault — tooling and process issue. Error code SPN-SR-001 confirmed appropriate.","Tool T19 replaced with new insert grade IC900 (customer's standard). Tool life counter reset to 0. Coolant concentration checked and adjusted to 9% (from 6.0%). First-off part inspected: dimensions within tolerance, surface finish Ra 0.8 μm achieved. Production resumed. Customer advised to increase tool change frequency by 20% for this material/operation combination and to check coolant concentration weekly. No chargeable service.","NO","","","","","","0","4.8","YES","SPN-SR-001","M02_Aug_2019_OP08_000","bosch_real_fault"
"CMP-2021-1050","PENDING_PARTS","P2-HIGH","14 Aug 2021 10:26","","","CUST-001","Precision Parts Midwest LLC","Dave Kowalski","(312) 555-0142","dkowalski@precisionmidwest.com","Chicago, IL","GOLD","M02","EIQ-M02-2021-9070","VMC-3000","OP08","Slot Milling","M02_Aug_2021_OP08_000","tool_wear","SPN-MJ-003","3.928","Tool Wear","Progressive cutting edge wear beyond service life","313.76","167.31","1052.06","6.413","4.732","Customer Precision Parts Midwest LLC called — M02 threw hard alarm SPN-MJ-003 mid-program during Slot Milling. Spindle load P002 peaked at 3.14% before drive tripped. Tool T25 found broken in spindle bore — approx 40mm of flute snapped. Last good part passed inspection; current part scrapped. Customer asking about warranty on tooling and whether machine caused the breakage or vice versa.","Rodriguez, M.","Brennan, K. (FE-15)","Technical investigation by Rodriguez, M.. Downloaded vibration data from Bosch CISS sensor for run_id M02_Aug_2021_OP08_000. X-axis RMS = 314 (units: ADC counts), crest factor 6.41. Pattern consistent with increased cutting forces from worn tool. Compared against M02 baseline from Aug 2019 — load elevated by 22%. No bearing defect frequency components detected in spectrum. Root cause confirmed: tool wear beyond service life. No warranty claim applicable.","No machine repair required. Customer coaching on tool life management completed by Brennan, K. (FE-15). Provided updated tooling recommendation for Slot Milling on aluminium: increase feed rate by 10%, reduce depth of cut by 15%, change tool grade to uncoated carbide. New parameters tested and validated. Surface finish improved to Ra 0.6 μm. Case closed — no charge under GOLD service contract.","NO","","","","","","0","1.9","NO","SPN-MJ-003","M02_Aug_2021_OP08_000","bosch_real_fault"
"CMP-2019-1051","CLOSED","P4-LOW","23 Feb 2019 12:26","27 Feb 2019 02:26","49","CUST-002","AeroMach Industries","Sandra Okonkwo","(714) 555-0287","sokonkwo@aeromach.com","Anaheim, CA","PLATINUM","M02","EIQ-M02-2019-9209","VMC-3000","OP08","Slot Milling","M02_Feb_2019_OP08_000","tool_wear","SPN-WN-001","3.918","Tool Wear","Progressive cutting edge wear beyond service life","335.22","223.39","1063.77","6.148","3.214","Customer called reporting elevated spindle load alarms on M02 during Slot Milling operation. Operator noticed surface finish degradation on last 8–12 parts before alarm triggered. Machine displaying SPN-WN-001 with spindle load P002 reading 3.35%. Customer states tool was at approximately 89% of programmed tool life. Production halted on affected spindle. Customer requesting priority callback from field support. Machine M/N VMC-3000, S/N EIQ-M02-2019-9209. Current shift supervisor: Sandra Okonkwo.","Rodriguez, M.","","Technical investigation by Rodriguez, M.. Downloaded vibration data from Bosch CISS sensor for run_id M02_Feb_2019_OP08_000. X-axis RMS = 335 (units: ADC counts), crest factor 6.15. Pattern consistent with increased cutting forces from worn tool. Compared against M02 baseline from Aug 2019 — load elevated by 43%. No bearing defect frequency components detected in spectrum. Root cause confirmed: tool wear beyond service life. No warranty claim applicable.","Recommended process change: implement tool condition monitoring via spindle load P002 trending. Set adaptive alarm at +25% above baseline load for each operation. Customer's process engineer will configure alarm thresholds in next maintenance window. No machine parts replaced. Case closed.","NO","","","","","","0","5.9","NO","SPN-WN-001","M02_Feb_2019_OP08_000","bosch_real_fault"
"CMP-2019-1052","CLOSED","P4-LOW","17 Feb 2019 21:55","21 Feb 2019 15:55","86","CUST-003","Lone Star Machining Co.","Billy Ray Tanner","(214) 555-0391","brtanner@lonestarmach.com","Dallas, TX","SILVER","M02","EIQ-M02-2019-4429","VMC-3000","OP08","Slot Milling","M02_Feb_2019_OP08_001","tool_wear","VIB-MD-001","4.12","Tool Wear","Progressive cutting edge wear beyond service life","334.14","220.06","1063.43","5.869","3.345","Customer called reporting elevated spindle load alarms on M02 during Slot Milling operation. Operator noticed surface finish degradation on last 8–12 parts before alarm triggered. Machine displaying VIB-MD-001 with spindle load P002 reading 3.34%. Customer states tool was at approximately 108% of programmed tool life. Production halted on affected spindle. Customer requesting priority callback from field support. Machine M/N VMC-3000, S/N EIQ-M02-2019-4429. Current shift supervisor: Billy Ray Tanner.","Williams, S.","","Remote diagnostic session conducted with Williams, S.. Reviewed P002 spindle load trend via OPC-UA historian — clear monotonic increase over prior 50 cycles consistent with progressive flank wear. NDCG feature trend confirms tool_wear classification. Kurtosis P064 = 3.3 (normal range 2.5–5.0). Recommended immediate tool replacement. Advised customer to calibrate tool life counter to actual tool life rather than theoretical. No machine fault — tooling and process issue. Error code VIB-MD-001 confirmed appropriate.","No machine repair required. Customer coaching on tool life management completed by Brennan, K. (FE-15). Provided updated tooling recommendation for Slot Milling on aluminium: increase feed rate by 10%, reduce depth of cut by 15%, change tool grade to uncoated carbide. New parameters tested and validated. Surface finish improved to Ra 0.6 μm. Case closed — no charge under GOLD service contract.","NO","","","","","","0","5.7","YES","VIB-MD-001","M02_Feb_2019_OP08_001","bosch_real_fault"
"CMP-2019-1053","CLOSED","P3-MEDIUM","15 Feb 2019 15:46","19 Feb 2019 21:46","70","CUST-004","Great Lakes Tool & Die","Marie Johansson","(313) 555-0448","mjohansson@gltd.com","Detroit, MI","GOLD","M02","EIQ-M02-2019-9170","VMC-3000","OP10","Reaming","M02_Feb_2019_OP10_000","spindle_bearing_fault","SPN-SR-003","4.017","Spindle Bearing Fault","Bearing race or rolling element fatigue defect","435.13","239.41","1133.18","5.005","3.641","Great Lakes Tool & Die reporting M02 spindle temperature P003 running high at 5.01°C. Spindle cooling fan appears to be making intermittent noise — possibly bearing in fan motor. Alarm SPN-SR-003 active. Customer asking if they can continue running at reduced spindle speed while awaiting parts. Current part schedule is critical path.","Rodriguez, M.","Jackson, T. (FE-07)","Remote diagnostic: retrieved vibration data for run_id M02_Feb_2019_OP10_000. Spindle bearing vibration P004 = 5.01 mm/s (ISO Zone C). Kurtosis P064 = 3.6 — defect frequency component confirmed at BPFO = 159.9 Hz (consistent with outer race spall on 7014 bearing). Machine hours since last grease service: 1320h (OEM limit: 4,000h). Bearing replacement recommended. Error code SPN-SR-003 confirmed CRITICAL/MAJOR — correct action taken by PLC.","Spindle cooling fan motor replaced (PN: EIQ-SPN-FAN-200L). Air filter cleaned — found 60% blocked. Post-repair spindle temperature P003 running at 51°C vs. 72°C pre-repair. Machine re-qualified. Advised customer to add fan inspection to monthly PM checklist. No charge under PLATINUM service contract.","YES","RMA-34834","SPINDLE_REBUILD","Spindle cartridge sent to depot for bearing replacement and runout check","Rebuilt spindle returned. New bearing set installed, preload set to spec, runout verified <0.003mm. Returned to customer.","NO","770","5.2","NO","SPN-SR-003","M02_Feb_2019_OP10_000","bosch_real_fault"
"CMP-2019-1054","CLOSED","P2-HIGH","01 Feb 2019 18:16","07 Feb 2019 02:16","74","CUST-005","Pacific Rim Precision","Kevin Tanaka","(206) 555-0512","ktanaka@pacrimprec.com","Seattle, WA","PLATINUM","M02","EIQ-M02-2019-4012","VMC-3000","OP10","Reaming","M02_Feb_2019_OP10_001","spindle_bearing_fault","VIB-MJ-001","3.794","Spindle Bearing Fault","Bearing race or rolling element fatigue defect","435.26","237.46","1133.11","5.326","3.638","Call received from Kevin Tanaka. M02 has been showing progressive vibration increase on spindle bearing sensor P004 over the past 2 weeks — operator noticed noise change but kept running. Now at 5.33 mm/s RMS, alarm VIB-MJ-001 active. Customer asks if bearing can be replaced on-site or if spindle needs to go to depot. Machine hours: approx 3662h on current bearing set. Last grease service: 2 months ago.","Rodriguez, M.","Torres, R. (FE-09)","Remote diagnostic: retrieved vibration data for run_id M02_Feb_2019_OP10_001. Spindle bearing vibration P004 = 5.33 mm/s (ISO Zone B). Kurtosis P064 = 3.6 — defect frequency component confirmed at BPFO = 131.0 Hz (consistent with outer race spall on 7014 bearing). Machine hours since last grease service: 3662h (OEM limit: 4,000h). Bearing replacement recommended. Error code VIB-MJ-001 confirmed CRITICAL/MAJOR — correct action taken by PLC.","Spindle sent to depot for full rebuild (grease repack + runout check). Loaner spindle installed — job EIQ-LOAN-853. Rebuilt spindle returned and installed 6 business days later. Post-installation vibration: P004 = 1.68 mm/s. All axes re-qualified. Customer down-time: 26 hours. RMA raised for spindle core: RMA-10390.","YES","RMA-10390","BEARING_RETURN","Defective spindle bearing set returned for failure analysis","Failure analysis at EquipmentIQ bearing lab. Confirmed outer race spall — fatigue failure consistent with service beyond recommended interval. No manufacturing defect.","NO","604","5.4","NO","VIB-MJ-001","M02_Feb_2019_OP10_001","bosch_real_fault"
"CMP-2019-1055","ESCALATED","P4-LOW","15 Feb 2019 07:35","","","CUST-006","Appalachian Machine Works","Bobby Hicks","(423) 555-0667","bhicks@appmach.com","Knoxville, TN","STANDARD","M02","EIQ-M02-2019-6674","VMC-3000","OP11","Surface Finishing","M02_Feb_2019_OP11_000","tool_wear","SPN-MN-001","3.698","Tool Wear","Progressive cutting edge wear beyond service life","318.29","239.17","1061.99","5.702","2.845","Inbound call from Bobby Hicks at Appalachian Machine Works. Reports intermittent spindle load spikes on M02 over the past 3 shifts. Error SPN-MN-001 appearing 4–6 times per shift, machine not stopping but operator applying feed override down to 70%. Surface finish on aluminium parts showing chatter marks. Customer believes tool is worn but wants confirmation before scrapping tooling. Last PM was 9 weeks ago.","Novak, P.","","Technical investigation by Novak, P.. Downloaded vibration data from Bosch CISS sensor for run_id M02_Feb_2019_OP11_000. X-axis RMS = 318 (units: ADC counts), crest factor 5.70. Pattern consistent with increased cutting forces from worn tool. Compared against M02 baseline from Aug 2019 — load elevated by 21%. No bearing defect frequency components detected in spectrum. Root cause confirmed: tool wear beyond service life. No warranty claim applicable.","Recommended process change: implement tool condition monitoring via spindle load P002 trending. Set adaptive alarm at +25% above baseline load for each operation. Customer's process engineer will configure alarm thresholds in next maintenance window. No machine parts replaced. Case closed.","NO","","","","","","0","6.4","YES","SPN-MN-001","M02_Feb_2019_OP11_000","bosch_real_fault"
"CMP-2019-1056","CLOSED","P4-LOW","14 Feb 2019 19:35","19 Feb 2019 07:35","120","CUST-007","Rio Grande Manufacturing","Carlos Mendez","(505) 555-0723","cmendez@riograndemfg.com","Albuquerque, NM","SILVER","M02","EIQ-M02-2019-3476","VMC-3000","OP11","Surface Finishing","M02_Feb_2019_OP11_001","tool_wear","SPN-MN-001","3.53","Tool Wear","Progressive cutting edge wear beyond service life","314.97","241.29","1061.14","5.705","2.766","Customer Rio Grande Manufacturing called — M02 threw hard alarm SPN-MN-001 mid-program during Surface Finishing. Spindle load P002 peaked at 3.15% before drive tripped. Tool T5 found broken in spindle bore — approx 40mm of flute snapped. Last good part passed inspection; current part scrapped. Customer asking about warranty on tooling and whether machine caused the breakage or vice versa.","Novak, P.","","Field engineer Jackson, T. (FE-07) attended site 3 business days after initial call. Inspection findings: tool T5 showed severe flank wear on 2 of 4 flutes, corner radius worn to near-zero. Chip formation analysis: short, powdery chips consistent with rubbing rather than cutting. Coolant concentration measured at 5.4% (low — should be 8–10%); low concentration accelerating wear. Ball screw and guides inspected — nominal. No machine defect identified.","No machine repair required. Customer coaching on tool life management completed by Jackson, T. (FE-07). Provided updated tooling recommendation for Surface Finishing on aluminium: increase feed rate by 10%, reduce depth of cut by 15%, change tool grade to uncoated carbide. New parameters tested and validated. Surface finish improved to Ra 0.6 μm. Case closed — no charge under GOLD service contract.","NO","","","","","","0","6.1","YES","SPN-MN-001","M02_Feb_2019_OP11_001","bosch_real_fault"
"CMP-2019-1057","ESCALATED","P2-HIGH","21 Feb 2019 21:29","","","CUST-008","Atlantic Precision Group","Jennifer Walsh","(617) 555-0834","jwalsh@atlanticprecision.com","Boston, MA","GOLD","M02","EIQ-M02-2019-8382","VMC-3000","OP12","Tool Change","M02_Feb_2019_OP12_000","actuator_fault","AXS-MJ-001","3.646","Actuator Fault","Mechanical or electrical actuator failure","403.21","252.99","1133.27","5.042","3.281","Call from Jennifer Walsh at Atlantic Precision Group. M02 hydraulic system alarm AXS-MJ-001. Clamping fixture not releasing correctly — workpiece stuck in fixture. Hydraulic pressure P050 reading 5.04 bar. Customer manually bled hydraulic circuit but pressure not recovering. Machine S/N EIQ-M02-2019-8382.","Rodriguez, M.","Lee, S. (FE-12)","Investigation Rodriguez, M.. Hydraulic pressure trend for M02 shows gradual decay from 72 bar to 5 bar over 3 weeks — internal leak in pressure relief valve (RV1) allowing bypass. Relief valve inspected: seat worn, allowing 2.4 L/min internal bypass at nominal pressure. Relief valve replaced — pressure restored to 71 bar. Clamping function tested: all 4 fixture stations confirmed >55 bar clamp pressure. Error code AXS-MJ-001 triggered correctly.","SSV lube distributor block replaced (PN: EIQ-LUB-SSV-6). Ball screw backlash compensation parameter adjusted from 0.003 to 0.006 mm. Lubrication system primed and verified — all 18 lube points confirmed receiving oil. Following error P016 re-tested: max 0.008 mm on rapid traverse — within specification. Machine re-qualified. Parts cost: $525. Labour: 3.6 h.","NO","","","","","","525","3.6","NO","AXS-MJ-001","M02_Feb_2019_OP12_000","bosch_real_fault"
"CMP-2019-1058","CLOSED","P2-HIGH","06 Feb 2019 17:10","14 Feb 2019 01:10","51","CUST-009","Heartland CNC Services","Tom Hartley","(515) 555-0912","thartley@heartlandcnc.com","Des Moines, IA","STANDARD","M02","EIQ-M02-2019-6210","VMC-3000","OP12","Tool Change","M02_Feb_2019_OP12_001","actuator_fault","HYD-MJ-001","3.768","Actuator Fault","Mechanical or electrical actuator failure","403.04","251.82","1132.61","5.079","3.341","URGENT — Heartland CNC Services reporting M02 stuck in tool change. ATC arm stopped mid-swing, alarm HYD-MJ-001 active. Machine cannot be reset — arm is blocking spindle access. Production line stopped. Customer has 14 people waiting. Contact: Tom Hartley, phone: (515) 555-0912. Machine S/N EIQ-M02-2019-6210. Requesting immediate escalation to field support.","Novak, P.","Lee, S. (FE-12)","Field engineer Lee, S. (FE-12) attended. Axis following error P016 = 5.080 mm on Z-axis. Ball screw backlash measured: 0.024 mm (limit 0.005 mm — exceeded). Guide rail lubrication found dry on two carriages — lube distributor piston stuck in one SSV block. Root causes: (1) lube blockage causing guide friction increase; (2) ball screw nut preload loss. Both corrected: SSV block replaced, lube cycle verified, servo backlash compensation adjusted.","Hydraulic pressure relief valve RV1 replaced (PN: EIQ-HYD-RV1-70BAR). System pressure restored to 71 bar. All fixture clamp circuits tested — confirmed >60 bar. ATC clamp test: P021 = 72 bar — pass. Machine returned to production. Labour: 1.9 h. Parts under warranty (relief valve failed within 12 months of installation).","YES","RMA-63201","SENSOR_WARRANTY","Bosch CISS accelerometer suspected fault — reading zero on Z-axis","Sensor tested at calibration lab. Confirmed Z-axis MEMS element failure. Replaced under manufacturer warranty. New unit calibrated.","YES","208","1.9","YES","HYD-MJ-001","M02_Feb_2019_OP12_001","bosch_real_fault"
"CMP-2019-1059","PENDING_PARTS","P2-HIGH","26 Feb 2019 18:23","","","CUST-010","Mountain West Machining LLC","Janet Fujimoto","(303) 555-1034","jfujimoto@mwmach.com","Denver, CO","SILVER","M02","EIQ-M02-2019-5419","VMC-3000","OP14","Spindle Run Test","M02_Feb_2019_OP14_000","actuator_fault","AXS-MJ-001","4.164","Actuator Fault","Mechanical or electrical actuator failure","492.61","391.79","1309.6","4.35","8.689","Customer Mountain West Machining LLC called — M02 throwing axis following error alarm AXS-MJ-001. P016 following error at 4.35 mm. Machine stops on every rapid move. Customer has confirmed no mechanical obstruction. Problem started after machine power outage 2 days ago. Axis re-homed but problem persists. Requesting remote diagnostic session.","Okafor, D.","Lee, S. (FE-12)","Field engineer Lee, S. (FE-12) attended. Axis following error P016 = 4.350 mm on Y-axis. Ball screw backlash measured: 0.023 mm (limit 0.005 mm — exceeded). Guide rail lubrication found dry on two carriages — lube distributor piston stuck in one SSV block. Root causes: (1) lube blockage causing guide friction increase; (2) ball screw nut preload loss. Both corrected: SSV block replaced, lube cycle verified, servo backlash compensation adjusted.","Hydraulic pressure relief valve RV1 replaced (PN: EIQ-HYD-RV1-70BAR). System pressure restored to 71 bar. All fixture clamp circuits tested — confirmed >60 bar. ATC clamp test: P021 = 62 bar — pass. Machine returned to production. Labour: 2.1 h. Parts under warranty (relief valve failed within 12 months of installation).","NO","","","","","","683","2.1","YES","AXS-MJ-001","M02_Feb_2019_OP14_000","bosch_real_fault"
"CMP-2019-1060","IN_PROGRESS","P1-CRITICAL","04 Feb 2019 12:37","","","CUST-001","Precision Parts Midwest LLC","Dave Kowalski","(312) 555-0142","dkowalski@precisionmidwest.com","Chicago, IL","GOLD","M02","EIQ-M02-2019-9692","VMC-3000","OP14","Spindle Run Test","M02_Feb_2019_OP14_001","actuator_fault","LUB-CR-001","4.428","Actuator Fault","Mechanical or electrical actuator failure","494.1","389.43","1294.43","4.831","9.073","Customer Precision Parts Midwest LLC called — M02 throwing axis following error alarm LUB-CR-001. P016 following error at 4.83 mm. Machine stops on every rapid move. Customer has confirmed no mechanical obstruction. Problem started after machine power outage 2 days ago. Axis re-homed but problem persists. Requesting remote diagnostic session.","Novak, P.","Brennan, K. (FE-15)","Emergency remote diagnostic by Novak, P.. ATC arm position log shows arm stopped at 23° of 90° swing — proximity sensor SW-ATC-MID not triggering. Customer technician guided to manually rotate ATC arm to home using maintenance jog mode. Sensor adjusted — fretting of mounting bracket caused sensor to drift out of range. ATC tested 20 cycles without recurrence. No parts required. Error LUB-CR-001 correctly triggered machine stop to prevent collision.","ATC arm proximity sensor SW-ATC-MID re-adjusted and bracket re-secured. 20 ATC cycle test conducted without fault. Customer maintenance team advised to include sensor mounting check in quarterly PM. No parts replaced. Labour: 0.5 h (covered under GOLD contract).","NO","","","","","","393","5.5","NO","LUB-CR-001","M02_Feb_2019_OP14_001","bosch_real_fault"
"CMP-2019-1061","IN_PROGRESS","P3-MEDIUM","18 Aug 2019 17:34","","","CUST-002","AeroMach Industries","Sandra Okonkwo","(714) 555-0287","sokonkwo@aeromach.com","Anaheim, CA","PLATINUM","M03","EIQ-M03-2019-2728","VMC-3000","OP01","Face Milling","M03_Aug_2019_OP01_000","tool_wear","SPN-SR-001","4.124","Tool Wear","Progressive cutting edge wear beyond service life","483.02","194.09","1055.45","4.122","5.265","Customer called reporting elevated spindle load alarms on M03 during Face Milling operation. Operator noticed surface finish degradation on last 8–12 parts before alarm triggered. Machine displaying SPN-SR-001 with spindle load P002 reading 4.83%. Customer states tool was at approximately 79% of programmed tool life. Production halted on affected spindle. Customer requesting priority callback from field support. Machine M/N VMC-3000, S/N EIQ-M03-2019-2728. Current shift supervisor: Sandra Okonkwo.","Williams, S.","Brennan, K. (FE-15)","Remote diagnostic session conducted with Williams, S.. Reviewed P002 spindle load trend via OPC-UA historian — clear monotonic increase over prior 50 cycles consistent with progressive flank wear. NDCG feature trend confirms tool_wear classification. Kurtosis P064 = 5.3 (normal range 2.5–5.0). Recommended immediate tool replacement. Advised customer to calibrate tool life counter to actual tool life rather than theoretical. No machine fault — tooling and process issue. Error code SPN-SR-001 confirmed appropriate.","Recommended process change: implement tool condition monitoring via spindle load P002 trending. Set adaptive alarm at +25% above baseline load for each operation. Customer's process engineer will configure alarm thresholds in next maintenance window. No machine parts replaced. Case closed.","NO","","","","","","0","5.5","NO","SPN-SR-001","M03_Aug_2019_OP01_000","bosch_real_fault"
"CMP-2021-1062","CLOSED","P4-LOW","27 Feb 2021 07:48","05 Mar 2021 19:48","61","CUST-003","Lone Star Machining Co.","Billy Ray Tanner","(214) 555-0391","brtanner@lonestarmach.com","Dallas, TX","SILVER","M03","EIQ-M03-2021-6196","VMC-3000","OP01","Face Milling","M03_Feb_2021_OP01_000","tool_wear","SPN-MN-001","6.638","Tool Wear","Progressive cutting edge wear beyond service life","489.36","211.67","1061.12","6.541","12.186","Customer Lone Star Machining Co. called — M03 threw hard alarm SPN-MN-001 mid-program during Face Milling. Spindle load P002 peaked at 4.89% before drive tripped. Tool T13 found broken in spindle bore — approx 40mm of flute snapped. Last good part passed inspection; current part scrapped. Customer asking about warranty on tooling and whether machine caused the breakage or vice versa.","Novak, P.","","Technical investigation by Novak, P.. Downloaded vibration data from Bosch CISS sensor for run_id M03_Feb_2021_OP01_000. X-axis RMS = 489 (units: ADC counts), crest factor 6.54. Pattern consistent with increased cutting forces from worn tool. Compared against M03 baseline from Aug 2019 — load elevated by 41%. No bearing defect frequency components detected in spectrum. Root cause confirmed: tool wear beyond service life. No warranty claim applicable.","Recommended process change: implement tool condition monitoring via spindle load P002 trending. Set adaptive alarm at +25% above baseline load for each operation. Customer's process engineer will configure alarm thresholds in next maintenance window. No machine parts replaced. Case closed.","NO","","","","","","0","6.2","YES","SPN-MN-001","M03_Feb_2021_OP01_000","bosch_real_fault"
"CMP-2021-1063","CLOSED","P4-LOW","13 Feb 2021 15:46","16 Feb 2021 06:46","78","CUST-004","Great Lakes Tool & Die","Marie Johansson","(313) 555-0448","mjohansson@gltd.com","Detroit, MI","GOLD","M03","EIQ-M03-2021-4545","VMC-3000","OP02","Contour Milling","M03_Feb_2021_OP02_000","tool_wear","SPN-WN-001","4.202","Tool Wear","Progressive cutting edge wear beyond service life","482.01","613.33","1066.54","6.99","2.533","Customer Great Lakes Tool & Die called — M03 threw hard alarm SPN-WN-001 mid-program during Contour Milling. Spindle load P002 peaked at 4.82% before drive tripped. Tool T10 found broken in spindle bore — approx 40mm of flute snapped. Last good part passed inspection; current part scrapped. Customer asking about warranty on tooling and whether machine caused the breakage or vice versa.","Okafor, D.","Mbeki, J. (FE-03)","Remote diagnostic session conducted with Okafor, D.. Reviewed P002 spindle load trend via OPC-UA historian — clear monotonic increase over prior 50 cycles consistent with progressive flank wear. NDCG feature trend confirms tool_wear classification. Kurtosis P064 = 2.5 (normal range 2.5–5.0). Recommended immediate tool replacement. Advised customer to calibrate tool life counter to actual tool life rather than theoretical. No machine fault — tooling and process issue. Error code SPN-WN-001 confirmed appropriate.","No machine repair required. Customer coaching on tool life management completed by Mbeki, J. (FE-03). Provided updated tooling recommendation for Contour Milling on aluminium: increase feed rate by 10%, reduce depth of cut by 15%, change tool grade to uncoated carbide. New parameters tested and validated. Surface finish improved to Ra 0.6 μm. Case closed — no charge under GOLD service contract.","NO","","","","","","0","6.5","NO","SPN-WN-001","M03_Feb_2021_OP02_000","bosch_real_fault"
"CMP-2019-1064","IN_PROGRESS","P1-CRITICAL","26 Aug 2019 19:17","","","CUST-005","Pacific Rim Precision","Kevin Tanaka","(206) 555-0512","ktanaka@pacrimprec.com","Seattle, WA","PLATINUM","M03","EIQ-M03-2019-3880","VMC-3000","OP04","Drilling Cycle","M03_Aug_2019_OP04_000","spindle_bearing_fault","SPN-CR-001","4.43","Spindle Bearing Fault","Bearing race or rolling element fatigue defect","474.08","444.86","1062.07","5.879","6.068","Call received from Kevin Tanaka. M03 has been showing progressive vibration increase on spindle bearing sensor P004 over the past 2 weeks — operator noticed noise change but kept running. Now at 5.88 mm/s RMS, alarm SPN-CR-001 active. Customer asks if bearing can be replaced on-site or if spindle needs to go to depot. Machine hours: approx 1399h on current bearing set. Last grease service: 9 months ago.","Okafor, D.","Mbeki, J. (FE-03)","Investigation by Okafor, D.. Pulled Bosch CISS historical data for M03 OP04. Crest factor trend showed gradual increase from 3.2 to 5.9 over 90 days before alarm. Kurtosis crossed early-warning threshold (8.0) approximately 7 days before customer called — alarm SPN-SR-003 was generated but apparently not actioned by customer maintenance team. Investigation highlights need for customer to review alarm log regularly. Machine performed as designed.","Spindle cooling fan motor replaced (PN: EIQ-SPN-FAN-200L). Air filter cleaned — found 60% blocked. Post-repair spindle temperature P003 running at 47°C vs. 77°C pre-repair. Machine re-qualified. Advised customer to add fan inspection to monthly PM checklist. No charge under PLATINUM service contract.","YES","RMA-22534","SENSOR_WARRANTY","Bosch CISS accelerometer suspected fault — reading zero on Z-axis","Sensor tested at calibration lab. Confirmed Z-axis MEMS element failure. Replaced under manufacturer warranty. New unit calibrated.","YES","845","2.4","NO","SPN-CR-001","M03_Aug_2019_OP04_000","bosch_real_fault"
"CMP-2021-1065","CLOSED","P3-MEDIUM","17 Feb 2021 08:16","22 Feb 2021 01:16","113","CUST-006","Appalachian Machine Works","Bobby Hicks","(423) 555-0667","bhicks@appmach.com","Knoxville, TN","STANDARD","M03","EIQ-M03-2021-5601","VMC-3000","OP04","Drilling Cycle","M03_Feb_2021_OP04_000","spindle_bearing_fault","SPN-SR-003","5.736","Spindle Bearing Fault","Bearing race or rolling element fatigue defect","461.24","335.81","1061.33","7.393","5.267","Appalachian Machine Works reporting M03 spindle temperature P003 running high at 7.39°C. Spindle cooling fan appears to be making intermittent noise — possibly bearing in fan motor. Alarm SPN-SR-003 active. Customer asking if they can continue running at reduced spindle speed while awaiting parts. Current part schedule is critical path.","Okafor, D.","Jackson, T. (FE-07)","Field engineer Jackson, T. (FE-07) attended 3 days after initial call. Removed spindle nose cap and measured bearing temperature with IR thermometer: front bearing at 7°C vs. ambient 22°C — significant. Bearing noise clearly audible on mechanic's stethoscope. Vibration spectrum showed bearing defect frequencies. Bearings removed: front pair (7014 CDBP4) showed outer race spalling on one bearing — approx 8mm arc of pitting. Rear bearing NU1014 in good condition. Root cause: bearing fatigue from operation beyond grease service interval.","Spindle bearing set replaced on-site by Jackson, T. (FE-07). Parts used: 2× 7014 CDBP4 angular contact bearings (PN: EIQ-SPN-BRG-7014, batch BRG-15351), 1× NU1014 rear bearing (PN: EIQ-SPN-BRG-NU1014). Bearings installed with correct preload per EIQ-PROC-SPN-001. Spindle warmed up per SPD-WARMUP-001 (15 min). Acceptance vibration test run: P004 = 1.62 mm/s (Zone A — pass). Machine returned to production. Labour: 5.8 h. Parts charged to customer (bearing set outside warranty — 19 months in service).","YES","RMA-33316","LUBE_BLOCK","SSV lube distributor block returned — stuck piston","Piston freed and cleaned. Contamination found in oil supply — customer advised to use filtered oil only. No manufacturing defect. No credit.","NO","514","5.8","YES","SPN-SR-003","M03_Feb_2021_OP04_000","bosch_real_fault"
"CMP-2019-1066","CLOSED","P4-LOW","17 Aug 2019 21:00","22 Aug 2019 08:00","28","CUST-007","Rio Grande Manufacturing","Carlos Mendez","(505) 555-0723","cmendez@riograndemfg.com","Albuquerque, NM","SILVER","M03","EIQ-M03-2019-9770","VMC-3000","OP07","Profile Milling","M03_Aug_2019_OP07_000","tool_wear","SPN-MN-001","4.858","Tool Wear","Progressive cutting edge wear beyond service life","562.13","293.73","1052.27","4.36","5.934","Inbound call from Carlos Mendez at Rio Grande Manufacturing. Reports intermittent spindle load spikes on M03 over the past 3 shifts. Error SPN-MN-001 appearing 4–6 times per shift, machine not stopping but operator applying feed override down to 70%. Surface finish on aluminium parts showing chatter marks. Customer believes tool is worn but wants confirmation before scrapping tooling. Last PM was 13 weeks ago.","Petrov, A.","","Remote diagnostic session conducted with Petrov, A.. Reviewed P002 spindle load trend via OPC-UA historian — clear monotonic increase over prior 50 cycles consistent with progressive flank wear. NDCG feature trend confirms tool_wear classification. Kurtosis P064 = 5.9 (normal range 2.5–5.0). Recommended immediate tool replacement. Advised customer to calibrate tool life counter to actual tool life rather than theoretical. No machine fault — tooling and process issue. Error code SPN-MN-001 confirmed appropriate.","Recommended process change: implement tool condition monitoring via spindle load P002 trending. Set adaptive alarm at +25% above baseline load for each operation. Customer's process engineer will configure alarm thresholds in next maintenance window. No machine parts replaced. Case closed.","NO","","","","","","0","6.3","YES","SPN-MN-001","M03_Aug_2019_OP07_000","bosch_real_fault"
"CMP-2021-1067","CLOSED","P3-MEDIUM","11 Aug 2021 12:51","17 Aug 2021 04:51","69","CUST-008","Atlantic Precision Group","Jennifer Walsh","(617) 555-0834","jwalsh@atlanticprecision.com","Boston, MA","GOLD","M03","EIQ-M03-2021-2754","VMC-3000","OP07","Profile Milling","M03_Aug_2021_OP07_000","tool_wear","SPN-SR-001","5.036","Tool Wear","Progressive cutting edge wear beyond service life","479.67","266.43","1051.82","4.98","7.696","Inbound call from Jennifer Walsh at Atlantic Precision Group. Reports intermittent spindle load spikes on M03 over the past 3 shifts. Error SPN-SR-001 appearing 4–6 times per shift, machine not stopping but operator applying feed override down to 70%. Surface finish on aluminium parts showing chatter marks. Customer believes tool is worn but wants confirmation before scrapping tooling. Last PM was 12 weeks ago.","Kumar, R.","","Field engineer Mbeki, J. (FE-03) attended site 4 business days after initial call. Inspection findings: tool T20 showed severe flank wear on 2 of 4 flutes, corner radius worn to near-zero. Chip formation analysis: short, powdery chips consistent with rubbing rather than cutting. Coolant concentration measured at 5.9% (low — should be 8–10%); low concentration accelerating wear. Ball screw and guides inspected — nominal. No machine defect identified.","Recommended process change: implement tool condition monitoring via spindle load P002 trending. Set adaptive alarm at +25% above baseline load for each operation. Customer's process engineer will configure alarm thresholds in next maintenance window. No machine parts replaced. Case closed.","NO","","","","","","0","6.4","NO","SPN-SR-001","M03_Aug_2021_OP07_000","bosch_real_fault"
"CMP-2021-1068","CLOSED","P4-LOW","05 Feb 2021 16:45","08 Feb 2021 05:45","115","CUST-009","Heartland CNC Services","Tom Hartley","(515) 555-0912","thartley@heartlandcnc.com","Des Moines, IA","STANDARD","M03","EIQ-M03-2021-9407","VMC-3000","OP07","Profile Milling","M03_Feb_2021_OP07_000","tool_wear","SPN-MN-001","4.297","Tool Wear","Progressive cutting edge wear beyond service life","541.77","348.64","1056.54","5.342","5.765","Customer Heartland CNC Services called — M03 threw hard alarm SPN-MN-001 mid-program during Profile Milling. Spindle load P002 peaked at 5.42% before drive tripped. Tool T29 found broken in spindle bore — approx 40mm of flute snapped. Last good part passed inspection; current part scrapped. Customer asking about warranty on tooling and whether machine caused the breakage or vice versa.","Williams, S.","Mbeki, J. (FE-03)","Technical investigation by Williams, S.. Downloaded vibration data from Bosch CISS sensor for run_id M03_Feb_2021_OP07_000. X-axis RMS = 542 (units: ADC counts), crest factor 5.34. Pattern consistent with increased cutting forces from worn tool. Compared against M03 baseline from Aug 2019 — load elevated by 25%. No bearing defect frequency components detected in spectrum. Root cause confirmed: tool wear beyond service life. No warranty claim applicable.","Recommended process change: implement tool condition monitoring via spindle load P002 trending. Set adaptive alarm at +25% above baseline load for each operation. Customer's process engineer will configure alarm thresholds in next maintenance window. No machine parts replaced. Case closed.","NO","","","","","","0","2.1","YES","SPN-MN-001","M03_Feb_2021_OP07_000","bosch_real_fault"
"CMP-2021-1069","CLOSED","P2-HIGH","18 Aug 2021 17:22","23 Aug 2021 23:22","27","CUST-010","Mountain West Machining LLC","Janet Fujimoto","(303) 555-1034","jfujimoto@mwmach.com","Denver, CO","SILVER","M03","EIQ-M03-2021-8775","VMC-3000","OP10","Reaming","M03_Aug_2021_OP10_000","spindle_bearing_fault","VIB-MJ-001","6.157","Spindle Bearing Fault","Bearing race or rolling element fatigue defect","452.79","235.8","1044.51","5.833","11.806","Mountain West Machining LLC reporting M03 spindle temperature P003 running high at 5.83°C. Spindle cooling fan appears to be making intermittent noise — possibly bearing in fan motor. Alarm VIB-MJ-001 active. Customer asking if they can continue running at reduced spindle speed while awaiting parts. Current part schedule is critical path.","Petrov, A.","Mbeki, J. (FE-03)","Investigation by Petrov, A.. Pulled Bosch CISS historical data for M03 OP10. Crest factor trend showed gradual increase from 3.2 to 5.8 over 90 days before alarm. Kurtosis crossed early-warning threshold (8.0) approximately 18 days before customer called — alarm SPN-SR-003 was generated but apparently not actioned by customer maintenance team. Investigation highlights need for customer to review alarm log regularly. Machine performed as designed.","Spindle sent to depot for full rebuild (grease repack + runout check). Loaner spindle installed — job EIQ-LOAN-198. Rebuilt spindle returned and installed 6 business days later. Post-installation vibration: P004 = 1.02 mm/s. All axes re-qualified. Customer down-time: 34 hours. RMA raised for spindle core: RMA-74973.","YES","RMA-74973","LUBE_BLOCK","SSV lube distributor block returned — stuck piston","Piston freed and cleaned. Contamination found in oil supply — customer advised to use filtered oil only. No manufacturing defect. No credit.","NO","498","3.9","YES","VIB-MJ-001","M03_Aug_2021_OP10_000","bosch_real_fault"
"CMP-SYN-2000","CLOSED","P2-HIGH","19 Aug 2019 09:00","22 Aug 2019 05:00","80","CUST-001","Precision Parts Midwest LLC","Dave Kowalski","(312) 555-0142","dkowalski@precisionmidwest.com","Chicago, IL","GOLD","M03","EIQ-M03-2019-9200","VMC-3000","OP03","Pocket Milling","","chatter_vibration","SPN-MJ-004","4.967","Chatter Vibration","Regenerative chatter — process outside stability lobe","522.96","283.09","829.92","5.495","3.345","Customer Precision Parts Midwest LLC calling about part quality issue on M03. Surface finish failing inspection — visible chatter marks at 5.5 micron Ra vs. 0.8 Ra specified. Alarm SPN-MJ-004 logged. Customer has already tried reducing feed rate by 20% but chatter persists. Process was stable for 3 months then started last week. No recent tooling changes. Machine M03 S/N EIQ-M03-2019-9200. Dave Kowalski is the shift supervisor.","Novak, P.","","Field engineer Torres, R. (FE-09) attended site. Found toolholder taper dirty — significant fretting corrosion on HSK taper mating surface reducing contact stiffness. Fixture clamping hydraulic pressure measured at 6 bar (nominal 70 bar) — leak in fixture circuit reducing clamping force. Two independent causes both contributing to chatter. Taper cleaned and re-ground; hydraulic circuit repaired. Machine re-tested: chatter eliminated at standard parameters. Machine in good condition.","Toolholder taper cleaned and re-lapped. Hydraulic fixture circuit repaired: replaced solenoid valve seal kit (PN: EIQ-HYD-SEAL-KIT). Pressure restored to 71 bar. Re-test: 20 consecutive parts — all within surface finish spec. Recommended annual toolholder taper inspection. Labour: 4.3 h under SILVER service contract (customer co-pay 30%).","NO","","","","","","0","4.3","NO","SPN-MJ-004","","synthetic_extension"
"CMP-SYN-2001","ESCALATED","P4-LOW","16 Feb 2020 12:00","","","CUST-002","AeroMach Industries","Sandra Okonkwo","(714) 555-0287","sokonkwo@aeromach.com","Anaheim, CA","PLATINUM","M02","EIQ-M02-2020-4390","VMC-3000","OP02","Contour Milling","","tool_wear","SPN-MN-001","5.129","Tool Wear","Progressive cutting edge wear beyond service life","398.08","252.65","897.11","3.953","2.689","Customer AeroMach Industries called — M02 threw hard alarm SPN-MN-001 mid-program during Contour Milling. Spindle load P002 peaked at 3.98% before drive tripped. Tool T8 found broken in spindle bore — approx 40mm of flute snapped. Last good part passed inspection; current part scrapped. Customer asking about warranty on tooling and whether machine caused the breakage or vice versa.","Rodriguez, M.","Lee, S. (FE-12)","Technical investigation by Rodriguez, M.. Downloaded vibration data from Bosch CISS sensor for run_id M02_Feb_2020_SYN_001. X-axis RMS = 398 (units: ADC counts), crest factor 3.95. Pattern consistent with increased cutting forces from worn tool. Compared against M02 baseline from Aug 2019 — load elevated by 22%. No bearing defect frequency components detected in spectrum. Root cause confirmed: tool wear beyond service life. No warranty claim applicable.","No machine repair required. Customer coaching on tool life management completed by Lee, S. (FE-12). Provided updated tooling recommendation for Contour Milling on aluminium: increase feed rate by 10%, reduce depth of cut by 15%, change tool grade to uncoated carbide. New parameters tested and validated. Surface finish improved to Ra 0.6 μm. Case closed — no charge under GOLD service contract.","NO","","","","","","0","2.2","NO","SPN-MN-001","","synthetic_extension"
"CMP-SYN-2002","CLOSED","P2-HIGH","24 Feb 2020 19:00","26 Feb 2020 04:00","86","CUST-003","Lone Star Machining Co.","Billy Ray Tanner","(214) 555-0391","brtanner@lonestarmach.com","Dallas, TX","SILVER","M02","EIQ-M02-2020-9640","VMC-3000","OP14","Spindle Run Test","","spindle_bearing_fault","SPN-MJ-002","3.561","Spindle Bearing Fault","Bearing race or rolling element fatigue defect","272.29","273.12","808.91","4.514","8.313","Call received from Billy Ray Tanner. M02 has been showing progressive vibration increase on spindle bearing sensor P004 over the past 2 weeks — operator noticed noise change but kept running. Now at 4.51 mm/s RMS, alarm SPN-MJ-002 active. Customer asks if bearing can be replaced on-site or if spindle needs to go to depot. Machine hours: approx 2881h on current bearing set. Last grease service: 6 months ago.","Petrov, A.","Mbeki, J. (FE-03)","Investigation by Petrov, A.. Pulled Bosch CISS historical data for M02 OP14. Crest factor trend showed gradual increase from 3.2 to 4.5 over 90 days before alarm. Kurtosis crossed early-warning threshold (8.0) approximately 11 days before customer called — alarm SPN-SR-003 was generated but apparently not actioned by customer maintenance team. Investigation highlights need for customer to review alarm log regularly. Machine performed as designed.","Spindle bearing set replaced on-site by Mbeki, J. (FE-03). Parts used: 2× 7014 CDBP4 angular contact bearings (PN: EIQ-SPN-BRG-7014, batch BRG-87374), 1× NU1014 rear bearing (PN: EIQ-SPN-BRG-NU1014). Bearings installed with correct preload per EIQ-PROC-SPN-001. Spindle warmed up per SPD-WARMUP-001 (15 min). Acceptance vibration test run: P004 = 1.01 mm/s (Zone A — pass). Machine returned to production. Labour: 2.6 h. Parts charged to customer (bearing set outside warranty — 20 months in service).","YES","RMA-47273","BEARING_RETURN","Defective spindle bearing set returned for failure analysis","Failure analysis at EquipmentIQ bearing lab. Confirmed outer race spall — fatigue failure consistent with service beyond recommended interval. No manufacturing defect.","NO","320","2.6","YES","SPN-MJ-002","","synthetic_extension"
"CMP-SYN-2003","IN_PROGRESS","P2-HIGH","13 Aug 2021 08:00","","","CUST-004","Great Lakes Tool & Die","Marie Johansson","(313) 555-0448","mjohansson@gltd.com","Detroit, MI","GOLD","M02","EIQ-M02-2021-2636","VMC-3000","OP11","Surface Finishing","","tool_wear","SPN-MJ-003","5.597","Tool Wear","Progressive cutting edge wear beyond service life","355.37","362.18","891.04","5.91","17.419","Customer Great Lakes Tool & Die called — M02 threw hard alarm SPN-MJ-003 mid-program during Surface Finishing. Spindle load P002 peaked at 3.55% before drive tripped. Tool T26 found broken in spindle bore — approx 40mm of flute snapped. Last good part passed inspection; current part scrapped. Customer asking about warranty on tooling and whether machine caused the breakage or vice versa.","Novak, P.","","Remote diagnostic session conducted with Novak, P.. Reviewed P002 spindle load trend via OPC-UA historian — clear monotonic increase over prior 50 cycles consistent with progressive flank wear. NDCG feature trend confirms tool_wear classification. Kurtosis P064 = 17.4 (normal range 2.5–5.0). Recommended immediate tool replacement. Advised customer to calibrate tool life counter to actual tool life rather than theoretical. No machine fault — tooling and process issue. Error code SPN-MJ-003 confirmed appropriate.","Recommended process change: implement tool condition monitoring via spindle load P002 trending. Set adaptive alarm at +25% above baseline load for each operation. Customer's process engineer will configure alarm thresholds in next maintenance window. No machine parts replaced. Case closed.","NO","","","","","","0","6.5","NO","SPN-MJ-003","","synthetic_extension"
"CMP-SYN-2004","CLOSED","P2-HIGH","27 Feb 2020 15:00","04 Mar 2020 19:00","89","CUST-005","Pacific Rim Precision","Kevin Tanaka","(206) 555-0512","ktanaka@pacrimprec.com","Seattle, WA","PLATINUM","M02","EIQ-M02-2020-3625","VMC-3000","OP05","Thread Tapping","","spindle_bearing_fault","VIB-MJ-001","6.719","Spindle Bearing Fault","Bearing race or rolling element fatigue defect","470.94","311.07","927.88","5.312","9.615","Call received from Kevin Tanaka. M02 has been showing progressive vibration increase on spindle bearing sensor P004 over the past 2 weeks — operator noticed noise change but kept running. Now at 5.31 mm/s RMS, alarm VIB-MJ-001 active. Customer asks if bearing can be replaced on-site or if spindle needs to go to depot. Machine hours: approx 3825h on current bearing set. Last grease service: 6 months ago.","Williams, S.","Mbeki, J. (FE-03)","Remote diagnostic: retrieved vibration data for run_id M02_Feb_2020_SYN_004. Spindle bearing vibration P004 = 5.31 mm/s (ISO Zone C). Kurtosis P064 = 9.6 — defect frequency component confirmed at BPFO = 103.1 Hz (consistent with outer race spall on 7014 bearing). Machine hours since last grease service: 3825h (OEM limit: 4,000h). Bearing replacement recommended. Error code VIB-MJ-001 confirmed CRITICAL/MAJOR — correct action taken by PLC.","Spindle cooling fan motor replaced (PN: EIQ-SPN-FAN-200L). Air filter cleaned — found 60% blocked. Post-repair spindle temperature P003 running at 46°C vs. 70°C pre-repair. Machine re-qualified. Advised customer to add fan inspection to monthly PM checklist. No charge under PLATINUM service contract.","YES","RMA-74268","LUBE_BLOCK","SSV lube distributor block returned — stuck piston","Piston freed and cleaned. Contamination found in oil supply — customer advised to use filtered oil only. No manufacturing defect. No credit.","NO","223","3.6","NO","VIB-MJ-001","","synthetic_extension"
"CMP-SYN-2005","IN_PROGRESS","P2-HIGH","15 Feb 2021 07:00","","","CUST-006","Appalachian Machine Works","Bobby Hicks","(423) 555-0667","bhicks@appmach.com","Knoxville, TN","STANDARD","M01","EIQ-M01-2021-5759","VMC-3000","OP05","Thread Tapping","","spindle_bearing_fault","SPN-MJ-001","2.855","Spindle Bearing Fault","Bearing race or rolling element fatigue defect","323.97","176.35","922.35","6.478","16.107","Appalachian Machine Works reporting M01 spindle temperature P003 running high at 6.48°C. Spindle cooling fan appears to be making intermittent noise — possibly bearing in fan motor. Alarm SPN-MJ-001 active. Customer asking if they can continue running at reduced spindle speed while awaiting parts. Current part schedule is critical path.","Okafor, D.","Lee, S. (FE-12)","Investigation by Okafor, D.. Pulled Bosch CISS historical data for M01 OP05. Crest factor trend showed gradual increase from 3.2 to 6.5 over 90 days before alarm. Kurtosis crossed early-warning threshold (8.0) approximately 10 days before customer called — alarm SPN-SR-003 was generated but apparently not actioned by customer maintenance team. Investigation highlights need for customer to review alarm log regularly. Machine performed as designed.","Spindle cooling fan motor replaced (PN: EIQ-SPN-FAN-200L). Air filter cleaned — found 60% blocked. Post-repair spindle temperature P003 running at 44°C vs. 71°C pre-repair. Machine re-qualified. Advised customer to add fan inspection to monthly PM checklist. No charge under PLATINUM service contract.","YES","RMA-37556","SPINDLE_REBUILD","Spindle cartridge sent to depot for bearing replacement and runout check","Rebuilt spindle returned. New bearing set installed, preload set to spec, runout verified <0.003mm. Returned to customer.","NO","456","2.1","YES","SPN-MJ-001","","synthetic_extension"
"CMP-SYN-2006","PENDING_PARTS","P2-HIGH","05 Feb 2019 08:00","","","CUST-007","Rio Grande Manufacturing","Carlos Mendez","(505) 555-0723","cmendez@riograndemfg.com","Albuquerque, NM","SILVER","M01","EIQ-M01-2019-2743","VMC-3000","OP07","Profile Milling","","process_anomaly","CNC-MJ-001","2.631","Process Anomaly","NC program or controller process exception","264.71","381.58","1147.16","5.398","13.622","Customer Rio Grande Manufacturing reporting M01 NC program execution error, alarm CNC-MJ-001. Machine stopped at block N7955 — program has run successfully 100+ times before. No changes to program, operator, or tooling. Customer suspects CNC memory or controller issue. Carlos Mendez requesting level-2 technical support.","Williams, S.","","Remote diagnostic by Williams, S.. CNC program file MD5 checksum mismatch vs. revision control system — corrupted file transfer via DNC. Program re-transferred and verified. Machine executed 10 consecutive cycles without alarm. Root cause: network timeout during DNC transfer corrupted block N7955. Customer advised to implement file transfer verification (checksum) before running production. No machine defect.","DNC file transfer protocol updated to include MD5 checksum verification on receive. IT team configured auto-reject for failed checksums. NC program re-loaded from revision control — machine ran 50 cycles without fault. No machine repair required. Case closed — process improvement only.","NO","","","","","","0","5.9","YES","CNC-MJ-001","","synthetic_extension"
"CMP-SYN-2007","CLOSED","P2-HIGH","15 Aug 2020 13:00","21 Aug 2020 02:00","25","CUST-008","Atlantic Precision Group","Jennifer Walsh","(617) 555-0834","jwalsh@atlanticprecision.com","Boston, MA","GOLD","M03","EIQ-M03-2020-2209","VMC-3000","OP14","Spindle Run Test","","actuator_fault","HYD-MJ-001","4.556","Actuator Fault","Mechanical or electrical actuator failure","595.2","150.74","942.69","7.145","4.57","URGENT — Atlantic Precision Group reporting M03 stuck in tool change. ATC arm stopped mid-swing, alarm HYD-MJ-001 active. Machine cannot be reset — arm is blocking spindle access. Production line stopped. Customer has 14 people waiting. Contact: Jennifer Walsh, phone: (617) 555-0834. Machine S/N EIQ-M03-2020-2209. Requesting immediate escalation to field support.","Novak, P.","Brennan, K. (FE-15)","Field engineer Brennan, K. (FE-15) attended. Axis following error P016 = 7.140 mm on Z-axis. Ball screw backlash measured: 0.019 mm (limit 0.005 mm — exceeded). Guide rail lubrication found dry on two carriages — lube distributor piston stuck in one SSV block. Root causes: (1) lube blockage causing guide friction increase; (2) ball screw nut preload loss. Both corrected: SSV block replaced, lube cycle verified, servo backlash compensation adjusted.","ATC arm proximity sensor SW-ATC-MID re-adjusted and bracket re-secured. 20 ATC cycle test conducted without fault. Customer maintenance team advised to include sensor mounting check in quarterly PM. No parts replaced. Labour: 0.5 h (covered under GOLD contract).","NO","","","","","","773","2.5","NO","HYD-MJ-001","","synthetic_extension"
"CMP-SYN-2008","CLOSED","P1-CRITICAL","28 Aug 2020 10:00","31 Aug 2020 23:00","82","CUST-009","Heartland CNC Services","Tom Hartley","(515) 555-0912","thartley@heartlandcnc.com","Des Moines, IA","STANDARD","M01","EIQ-M01-2020-2695","VMC-3000","OP14","Spindle Run Test","","actuator_fault","TCS-CR-001","5.056","Actuator Fault","Mechanical or electrical actuator failure","540.56","319.68","1116.24","3.759","17.484","URGENT — Heartland CNC Services reporting M01 stuck in tool change. ATC arm stopped mid-swing, alarm TCS-CR-001 active. Machine cannot be reset — arm is blocking spindle access. Production line stopped. Customer has 14 people waiting. Contact: Tom Hartley, phone: (515) 555-0912. Machine S/N EIQ-M01-2020-2695. Requesting immediate escalation to field support.","Kumar, R.","Torres, R. (FE-09)","Emergency remote diagnostic by Kumar, R.. ATC arm position log shows arm stopped at 23° of 90° swing — proximity sensor SW-ATC-MID not triggering. Customer technician guided to manually rotate ATC arm to home using maintenance jog mode. Sensor adjusted — fretting of mounting bracket caused sensor to drift out of range. ATC tested 20 cycles without recurrence. No parts required. Error TCS-CR-001 correctly triggered machine stop to prevent collision.","Hydraulic pressure relief valve RV1 replaced (PN: EIQ-HYD-RV1-70BAR). System pressure restored to 71 bar. All fixture clamp circuits tested — confirmed >60 bar. ATC clamp test: P021 = 69 bar — pass. Machine returned to production. Labour: 3.8 h. Parts under warranty (relief valve failed within 12 months of installation).","YES","RMA-68603","BEARING_RETURN","Defective spindle bearing set returned for failure analysis","Failure analysis at EquipmentIQ bearing lab. Confirmed outer race spall — fatigue failure consistent with service beyond recommended interval. No manufacturing defect.","NO","715","3.8","YES","TCS-CR-001","","synthetic_extension"
"CMP-SYN-2009","PENDING_PARTS","P4-LOW","02 Aug 2019 18:00","","","CUST-010","Mountain West Machining LLC","Janet Fujimoto","(303) 555-1034","jfujimoto@mwmach.com","Denver, CO","SILVER","M03","EIQ-M03-2019-1767","VMC-3000","OP06","Boring Operation","","chatter_vibration","VIB-MD-001","3.019","Chatter Vibration","Regenerative chatter — process outside stability lobe","210.61","308.36","1111.04","5.185","7.462","Inbound from Janet Fujimoto at Mountain West Machining LLC. M03 exhibiting strong vibration during Boring Operation — alarm VIB-MD-001. Vibration visible on parts and audible in shop. Machine did not auto-stop but part is clearly scrap. Customer suspects fixture loosening. Asked us to confirm if vibration profile matches bearing issue or chatter. X-axis RMS reading 5.18 mm/s at time of alarm.","Okafor, D.","","Remote session Okafor, D.. Vibration RMS X=211 Y=308 Z=1111 (ADC counts) for run_id M03_Aug_2019_SYN_009. Crest factor 5.18 consistent with regenerative chatter rather than bearing defect (kurtosis 7.5, normal range for chatter). Process engineer recommends: reduce axial depth of cut by 20%, apply variable pitch tooling. No mechanical fault on machine identified.","Spindle speed adjusted from 5000 to 5300 RPM. Feed rate increased by 8% to maintain chip load. First-off part inspected: Ra 0.6 μm (spec 0.8 μm — pass). Stability lobe diagram provided to customer process engineer for future reference. No machine parts replaced. Case closed.","NO","","","","","","0","5.1","YES","VIB-MD-001","","synthetic_extension"
"CMP-SYN-2010","PENDING_PARTS","P1-CRITICAL","10 Feb 2020 07:00","","","CUST-001","Precision Parts Midwest LLC","Dave Kowalski","(312) 555-0142","dkowalski@precisionmidwest.com","Chicago, IL","GOLD","M01","EIQ-M01-2020-6804","VMC-3000","OP00","Workpiece Loading","","actuator_fault","AXS-CR-001","7.911","Actuator Fault","Mechanical or electrical actuator failure","410.05","270.74","893.09","6.931","17.972","URGENT — Precision Parts Midwest LLC reporting M01 stuck in tool change. ATC arm stopped mid-swing, alarm AXS-CR-001 active. Machine cannot be reset — arm is blocking spindle access. Production line stopped. Customer has 14 people waiting. Contact: Dave Kowalski, phone: (312) 555-0142. Machine S/N EIQ-M01-2020-6804. Requesting immediate escalation to field support.","Rodriguez, M.","Mbeki, J. (FE-03)","Emergency remote diagnostic by Rodriguez, M.. ATC arm position log shows arm stopped at 23° of 90° swing — proximity sensor SW-ATC-MID not triggering. Customer technician guided to manually rotate ATC arm to home using maintenance jog mode. Sensor adjusted — fretting of mounting bracket caused sensor to drift out of range. ATC tested 20 cycles without recurrence. No parts required. Error AXS-CR-001 correctly triggered machine stop to prevent collision.","ATC arm proximity sensor SW-ATC-MID re-adjusted and bracket re-secured. 20 ATC cycle test conducted without fault. Customer maintenance team advised to include sensor mounting check in quarterly PM. No parts replaced. Labour: 0.5 h (covered under GOLD contract).","NO","","","","","","777","5.7","NO","AXS-CR-001","","synthetic_extension"
"CMP-SYN-2011","CLOSED","P1-CRITICAL","03 Feb 2019 16:00","11 Feb 2019 07:00","91","CUST-002","AeroMach Industries","Sandra Okonkwo","(714) 555-0287","sokonkwo@aeromach.com","Anaheim, CA","PLATINUM","M02","EIQ-M02-2019-1571","VMC-3000","OP00","Workpiece Loading","","actuator_fault","AXS-CR-001","2.763","Actuator Fault","Mechanical or electrical actuator failure","514.37","319.0","960.88","3.88","3.429","URGENT — AeroMach Industries reporting M02 stuck in tool change. ATC arm stopped mid-swing, alarm AXS-CR-001 active. Machine cannot be reset — arm is blocking spindle access. Production line stopped. Customer has 14 people waiting. Contact: Sandra Okonkwo, phone: (714) 555-0287. Machine S/N EIQ-M02-2019-1571. Requesting immediate escalation to field support.","Chen, L.","Torres, R. (FE-09)","Field engineer Torres, R. (FE-09) attended. Axis following error P016 = 3.880 mm on Y-axis. Ball screw backlash measured: 0.018 mm (limit 0.005 mm — exceeded). Guide rail lubrication found dry on two carriages — lube distributor piston stuck in one SSV block. Root causes: (1) lube blockage causing guide friction increase; (2) ball screw nut preload loss. Both corrected: SSV block replaced, lube cycle verified, servo backlash compensation adjusted.","ATC arm proximity sensor SW-ATC-MID re-adjusted and bracket re-secured. 20 ATC cycle test conducted without fault. Customer maintenance team advised to include sensor mounting check in quarterly PM. No parts replaced. Labour: 0.5 h (covered under GOLD contract).","YES","RMA-21327","SPINDLE_REBUILD","Spindle cartridge sent to depot for bearing replacement and runout check","Rebuilt spindle returned. New bearing set installed, preload set to spec, runout verified <0.003mm. Returned to customer.","NO","199","6.3","NO","AXS-CR-001","","synthetic_extension"
"CMP-SYN-2012","IN_PROGRESS","P2-HIGH","12 Feb 2019 14:00","","","CUST-003","Lone Star Machining Co.","Billy Ray Tanner","(214) 555-0391","brtanner@lonestarmach.com","Dallas, TX","SILVER","M03","EIQ-M03-2019-5108","VMC-3000","OP09","Chamfering","","chatter_vibration","SPN-MJ-004","6.831","Chatter Vibration","Regenerative chatter — process outside stability lobe","265.21","336.97","1019.28","4.331","17.844","Inbound from Billy Ray Tanner at Lone Star Machining Co.. M03 exhibiting strong vibration during Chamfering — alarm SPN-MJ-004. Vibration visible on parts and audible in shop. Machine did not auto-stop but part is clearly scrap. Customer suspects fixture loosening. Asked us to confirm if vibration profile matches bearing issue or chatter. X-axis RMS reading 4.33 mm/s at time of alarm.","Williams, S.","","Field engineer Lee, S. (FE-12) attended site. Found toolholder taper dirty — significant fretting corrosion on HSK taper mating surface reducing contact stiffness. Fixture clamping hydraulic pressure measured at 4 bar (nominal 70 bar) — leak in fixture circuit reducing clamping force. Two independent causes both contributing to chatter. Taper cleaned and re-ground; hydraulic circuit repaired. Machine re-tested: chatter eliminated at standard parameters. Machine in good condition.","Spindle speed adjusted from 4000 to 4200 RPM. Feed rate increased by 8% to maintain chip load. First-off part inspected: Ra 0.6 μm (spec 0.8 μm — pass). Stability lobe diagram provided to customer process engineer for future reference. No machine parts replaced. Case closed.","NO","","","","","","0","6.1","YES","SPN-MJ-004","","synthetic_extension"
"CMP-SYN-2013","CLOSED","P3-MEDIUM","04 Aug 2020 14:00","05 Aug 2020 21:00","10","CUST-004","Great Lakes Tool & Die","Marie Johansson","(313) 555-0448","mjohansson@gltd.com","Detroit, MI","GOLD","M03","EIQ-M03-2020-1470","VMC-3000","OP09","Chamfering","","chatter_vibration","AXS-SR-001","4.05","Chatter Vibration","Regenerative chatter — process outside stability lobe","586.38","214.24","960.78","4.51","14.916","Inbound from Marie Johansson at Great Lakes Tool & Die. M03 exhibiting strong vibration during Chamfering — alarm AXS-SR-001. Vibration visible on parts and audible in shop. Machine did not auto-stop but part is clearly scrap. Customer suspects fixture loosening. Asked us to confirm if vibration profile matches bearing issue or chatter. X-axis RMS reading 4.51 mm/s at time of alarm.","Rodriguez, M.","","Remote session Rodriguez, M.. Vibration RMS X=586 Y=214 Z=961 (ADC counts) for run_id M03_Aug_2020_SYN_013. Crest factor 4.51 consistent with regenerative chatter rather than bearing defect (kurtosis 14.9, normal range for chatter). Process engineer recommends: reduce axial depth of cut by 20%, apply variable pitch tooling. No mechanical fault on machine identified.","Toolholder taper cleaned and re-lapped. Hydraulic fixture circuit repaired: replaced solenoid valve seal kit (PN: EIQ-HYD-SEAL-KIT). Pressure restored to 71 bar. Re-test: 20 consecutive parts — all within surface finish spec. Recommended annual toolholder taper inspection. Labour: 1.7 h under SILVER service contract (customer co-pay 20%).","NO","","","","","","0","1.7","NO","AXS-SR-001","","synthetic_extension"
"CMP-SYN-2014","IN_PROGRESS","P3-MEDIUM","24 Feb 2020 18:00","","","CUST-005","Pacific Rim Precision","Kevin Tanaka","(206) 555-0512","ktanaka@pacrimprec.com","Seattle, WA","PLATINUM","M03","EIQ-M03-2020-6241","VMC-3000","OP03","Pocket Milling","","process_anomaly","CNC-SR-001","5.813","Process Anomaly","NC program or controller process exception","261.05","164.23","1037.17","5.85","8.09","Customer Pacific Rim Precision reporting M03 NC program execution error, alarm CNC-SR-001. Machine stopped at block N6907 — program has run successfully 100+ times before. No changes to program, operator, or tooling. Customer suspects CNC memory or controller issue. Kevin Tanaka requesting level-2 technical support.","Rodriguez, M.","","Remote diagnostic by Rodriguez, M.. CNC program file MD5 checksum mismatch vs. revision control system — corrupted file transfer via DNC. Program re-transferred and verified. Machine executed 10 consecutive cycles without alarm. Root cause: network timeout during DNC transfer corrupted block N6907. Customer advised to implement file transfer verification (checksum) before running production. No machine defect.","DNC file transfer protocol updated to include MD5 checksum verification on receive. IT team configured auto-reject for failed checksums. NC program re-loaded from revision control — machine ran 50 cycles without fault. No machine repair required. Case closed — process improvement only.","NO","","","","","","0","6.1","NO","CNC-SR-001","","synthetic_extension"
"CMP-SYN-2015","CLOSED","P2-HIGH","25 Feb 2020 19:00","02 Mar 2020 11:00","119","CUST-006","Appalachian Machine Works","Bobby Hicks","(423) 555-0667","bhicks@appmach.com","Knoxville, TN","STANDARD","M02","EIQ-M02-2020-4214","VMC-3000","OP14","Spindle Run Test","","spindle_bearing_fault","VIB-MJ-001","3.772","Spindle Bearing Fault","Bearing race or rolling element fatigue defect","293.61","228.12","1187.08","4.292","11.254","Emergency call from Bobby Hicks at Appalachian Machine Works. M02 stopped mid-production with CRITICAL alarm VIB-MJ-001. Unusual noise from spindle described as 'grinding then a bang'. Machine auto-stopped. Vibration sensor reading P004 = 4.29 mm/s at time of fault. Machine has been running 24/7 for past 6 weeks without scheduled PM. Customer needs machine back online within 48 hours — aerospace delivery deadline. Serial: EIQ-M02-2020-4214.","Novak, P.","Brennan, K. (FE-15)","Remote diagnostic: retrieved vibration data for run_id M02_Feb_2020_SYN_015. Spindle bearing vibration P004 = 4.29 mm/s (ISO Zone C). Kurtosis P064 = 11.3 — defect frequency component confirmed at BPFO = 163.8 Hz (consistent with outer race spall on 7014 bearing). Machine hours since last grease service: 1156h (OEM limit: 4,000h). Bearing replacement recommended. Error code VIB-MJ-001 confirmed CRITICAL/MAJOR — correct action taken by PLC.","Spindle bearing set replaced on-site by Brennan, K. (FE-15). Parts used: 2× 7014 CDBP4 angular contact bearings (PN: EIQ-SPN-BRG-7014, batch BRG-34259), 1× NU1014 rear bearing (PN: EIQ-SPN-BRG-NU1014). Bearings installed with correct preload per EIQ-PROC-SPN-001. Spindle warmed up per SPD-WARMUP-001 (15 min). Acceptance vibration test run: P004 = 1.84 mm/s (Zone A — pass). Machine returned to production. Labour: 4.3 h. Parts charged to customer (bearing set outside warranty — 31 months in service).","YES","RMA-79770","SPINDLE_REBUILD","Spindle cartridge sent to depot for bearing replacement and runout check","Rebuilt spindle returned. New bearing set installed, preload set to spec, runout verified <0.003mm. Returned to customer.","NO","785","4.3","YES","VIB-MJ-001","","synthetic_extension"
"CMP-SYN-2016","IN_PROGRESS","P3-MEDIUM","09 Feb 2021 22:00","","","CUST-007","Rio Grande Manufacturing","Carlos Mendez","(505) 555-0723","cmendez@riograndemfg.com","Albuquerque, NM","SILVER","M02","EIQ-M02-2021-7086","VMC-3000","OP09","Chamfering","","chatter_vibration","VIB-SR-001","4.118","Chatter Vibration","Regenerative chatter — process outside stability lobe","207.36","358.58","973.86","4.734","3.84","Service call — M02 at Rio Grande Manufacturing producing unacceptable surface finish on titanium parts. Alarm VIB-SR-001 logged intermittently during Chamfering. Customer reports problem started after recent toolholder swap. Vibration spike visible on CISS sensor readout. Crest factor P063 elevated at 4.73. Customer requesting field engineer visit to perform stability lobe analysis.","Williams, S.","","Field engineer Brennan, K. (FE-15) attended site. Found toolholder taper dirty — significant fretting corrosion on HSK taper mating surface reducing contact stiffness. Fixture clamping hydraulic pressure measured at 5 bar (nominal 70 bar) — leak in fixture circuit reducing clamping force. Two independent causes both contributing to chatter. Taper cleaned and re-ground; hydraulic circuit repaired. Machine re-tested: chatter eliminated at standard parameters. Machine in good condition.","Variable pitch tooling (4-flute, pitch 30/32/34/36°) recommended and sourced by customer. New toolholder balanced to G2.5 at 12,000 RPM. Re-test with new tooling: chatter eliminated, Ra improved to 0.5 μm. Machine in good condition. Closed — no charge.","NO","","","","","","0","3.3","YES","VIB-SR-001","","synthetic_extension"
"CMP-SYN-2017","PENDING_PARTS","P2-HIGH","24 Feb 2019 13:00","","","CUST-008","Atlantic Precision Group","Jennifer Walsh","(617) 555-0834","jwalsh@atlanticprecision.com","Boston, MA","GOLD","M03","EIQ-M03-2019-7714","VMC-3000","OP07","Profile Milling","","tool_wear","SPN-MJ-003","3.255","Tool Wear","Progressive cutting edge wear beyond service life","361.47","280.73","859.38","4.806","6.535","Customer called reporting elevated spindle load alarms on M03 during Profile Milling operation. Operator noticed surface finish degradation on last 8–12 parts before alarm triggered. Machine displaying SPN-MJ-003 with spindle load P002 reading 3.61%. Customer states tool was at approximately 100% of programmed tool life. Production halted on affected spindle. Customer requesting priority callback from field support. Machine M/N VMC-3000, S/N EIQ-M03-2019-7714. Current shift supervisor: Jennifer Walsh.","Novak, P.","Torres, R. (FE-09)","Field engineer Torres, R. (FE-09) attended site 1 business days after initial call. Inspection findings: tool T4 showed severe flank wear on 2 of 4 flutes, corner radius worn to near-zero. Chip formation analysis: short, powdery chips consistent with rubbing rather than cutting. Coolant concentration measured at 4.9% (low — should be 8–10%); low concentration accelerating wear. Ball screw and guides inspected — nominal. No machine defect identified.","Recommended process change: implement tool condition monitoring via spindle load P002 trending. Set adaptive alarm at +25% above baseline load for each operation. Customer's process engineer will configure alarm thresholds in next maintenance window. No machine parts replaced. Case closed.","NO","","","","","","0","2.0","NO","SPN-MJ-003","","synthetic_extension"
"CMP-SYN-2018","ESCALATED","P3-MEDIUM","19 Aug 2019 10:00","","","CUST-009","Heartland CNC Services","Tom Hartley","(515) 555-0912","thartley@heartlandcnc.com","Des Moines, IA","STANDARD","M03","EIQ-M03-2019-5951","VMC-3000","OP02","Contour Milling","","tool_wear","SPN-SR-001","7.386","Tool Wear","Progressive cutting edge wear beyond service life","460.38","272.7","1131.13","7.625","11.7","Inbound call from Tom Hartley at Heartland CNC Services. Reports intermittent spindle load spikes on M03 over the past 3 shifts. Error SPN-SR-001 appearing 4–6 times per shift, machine not stopping but operator applying feed override down to 70%. Surface finish on aluminium parts showing chatter marks. Customer believes tool is worn but wants confirmation before scrapping tooling. Last PM was 6 weeks ago.","Novak, P.","","Remote diagnostic session conducted with Novak, P.. Reviewed P002 spindle load trend via OPC-UA historian — clear monotonic increase over prior 50 cycles consistent with progressive flank wear. NDCG feature trend confirms tool_wear classification. Kurtosis P064 = 11.7 (normal range 2.5–5.0). Recommended immediate tool replacement. Advised customer to calibrate tool life counter to actual tool life rather than theoretical. No machine fault — tooling and process issue. Error code SPN-SR-001 confirmed appropriate.","Recommended process change: implement tool condition monitoring via spindle load P002 trending. Set adaptive alarm at +25% above baseline load for each operation. Customer's process engineer will configure alarm thresholds in next maintenance window. No machine parts replaced. Case closed.","NO","","","","","","0","5.9","YES","SPN-SR-001","","synthetic_extension"
"CMP-SYN-2019","IN_PROGRESS","P4-LOW","20 Aug 2021 16:00","","","CUST-010","Mountain West Machining LLC","Janet Fujimoto","(303) 555-1034","jfujimoto@mwmach.com","Denver, CO","SILVER","M03","EIQ-M03-2021-6020","VMC-3000","OP01","Face Milling","","tool_wear","VIB-MD-001","4.323","Tool Wear","Progressive cutting edge wear beyond service life","270.85","175.48","879.06","6.202","10.139","Customer Mountain West Machining LLC called — M03 threw hard alarm VIB-MD-001 mid-program during Face Milling. Spindle load P002 peaked at 2.71% before drive tripped. Tool T22 found broken in spindle bore — approx 40mm of flute snapped. Last good part passed inspection; current part scrapped. Customer asking about warranty on tooling and whether machine caused the breakage or vice versa.","Kumar, R.","Jackson, T. (FE-07)","Technical investigation by Kumar, R.. Downloaded vibration data from Bosch CISS sensor for run_id M03_Aug_2021_SYN_019. X-axis RMS = 271 (units: ADC counts), crest factor 6.20. Pattern consistent with increased cutting forces from worn tool. Compared against M03 baseline from Aug 2019 — load elevated by 18%. No bearing defect frequency components detected in spectrum. Root cause confirmed: tool wear beyond service life. No warranty claim applicable.","No machine repair required. Customer coaching on tool life management completed by Jackson, T. (FE-07). Provided updated tooling recommendation for Face Milling on aluminium: increase feed rate by 10%, reduce depth of cut by 15%, change tool grade to uncoated carbide. New parameters tested and validated. Surface finish improved to Ra 0.6 μm. Case closed — no charge under GOLD service contract.","NO","","","","","","0","4.2","YES","VIB-MD-001","","synthetic_extension"
"CMP-SYN-2020","ESCALATED","P4-LOW","22 Aug 2020 13:00","","","CUST-001","Precision Parts Midwest LLC","Dave Kowalski","(312) 555-0142","dkowalski@precisionmidwest.com","Chicago, IL","GOLD","M02","EIQ-M02-2020-7712","VMC-3000","OP01","Face Milling","","tool_wear","SPN-WN-001","3.244","Tool Wear","Progressive cutting edge wear beyond service life","256.56","281.34","815.08","5.256","11.445","Inbound call from Dave Kowalski at Precision Parts Midwest LLC. Reports intermittent spindle load spikes on M02 over the past 3 shifts. Error SPN-WN-001 appearing 4–6 times per shift, machine not stopping but operator applying feed override down to 70%. Surface finish on aluminium parts showing chatter marks. Customer believes tool is worn but wants confirmation before scrapping tooling. Last PM was 12 weeks ago.","Williams, S.","","Technical investigation by Williams, S.. Downloaded vibration data from Bosch CISS sensor for run_id M02_Aug_2020_SYN_020. X-axis RMS = 257 (units: ADC counts), crest factor 5.26. Pattern consistent with increased cutting forces from worn tool. Compared against M02 baseline from Aug 2019 — load elevated by 39%. No bearing defect frequency components detected in spectrum. Root cause confirmed: tool wear beyond service life. No warranty claim applicable.","Recommended process change: implement tool condition monitoring via spindle load P002 trending. Set adaptive alarm at +25% above baseline load for each operation. Customer's process engineer will configure alarm thresholds in next maintenance window. No machine parts replaced. Case closed.","NO","","","","","","0","2.0","NO","SPN-WN-001","","synthetic_extension"
"CMP-SYN-2021","IN_PROGRESS","P2-HIGH","12 Aug 2019 20:00","","","CUST-002","AeroMach Industries","Sandra Okonkwo","(714) 555-0287","sokonkwo@aeromach.com","Anaheim, CA","PLATINUM","M03","EIQ-M03-2019-2656","VMC-3000","OP14","Spindle Run Test","","spindle_bearing_fault","SPN-MJ-002","7.128","Spindle Bearing Fault","Bearing race or rolling element fatigue defect","297.18","248.56","1085.36","3.377","10.467","AeroMach Industries reporting M03 spindle temperature P003 running high at 3.38°C. Spindle cooling fan appears to be making intermittent noise — possibly bearing in fan motor. Alarm SPN-MJ-002 active. Customer asking if they can continue running at reduced spindle speed while awaiting parts. Current part schedule is critical path.","Chen, L.","Lee, S. (FE-12)","Field engineer Lee, S. (FE-12) attended 4 days after initial call. Removed spindle nose cap and measured bearing temperature with IR thermometer: front bearing at 3°C vs. ambient 22°C — significant. Bearing noise clearly audible on mechanic's stethoscope. Vibration spectrum showed bearing defect frequencies. Bearings removed: front pair (7014 CDBP4) showed outer race spalling on one bearing — approx 8mm arc of pitting. Rear bearing NU1014 in good condition. Root cause: bearing fatigue from operation beyond grease service interval.","Spindle cooling fan motor replaced (PN: EIQ-SPN-FAN-200L). Air filter cleaned — found 60% blocked. Post-repair spindle temperature P003 running at 50°C vs. 68°C pre-repair. Machine re-qualified. Advised customer to add fan inspection to monthly PM checklist. No charge under PLATINUM service contract.","YES","RMA-92330","LUBE_BLOCK","SSV lube distributor block returned — stuck piston","Piston freed and cleaned. Contamination found in oil supply — customer advised to use filtered oil only. No manufacturing defect. No credit.","NO","455","2.5","NO","SPN-MJ-002","","synthetic_extension"
"CMP-SYN-2022","CLOSED","P2-HIGH","28 Aug 2019 13:00","01 Sep 2019 00:00","40","CUST-003","Lone Star Machining Co.","Billy Ray Tanner","(214) 555-0391","brtanner@lonestarmach.com","Dallas, TX","SILVER","M01","EIQ-M01-2019-7882","VMC-3000","OP04","Drilling Cycle","","spindle_bearing_fault","VIB-MJ-001","3.478","Spindle Bearing Fault","Bearing race or rolling element fatigue defect","204.85","226.87","1112.41","3.916","14.849","Lone Star Machining Co. reporting M01 spindle temperature P003 running high at 3.92°C. Spindle cooling fan appears to be making intermittent noise — possibly bearing in fan motor. Alarm VIB-MJ-001 active. Customer asking if they can continue running at reduced spindle speed while awaiting parts. Current part schedule is critical path.","Novak, P.","Torres, R. (FE-09)","Investigation by Novak, P.. Pulled Bosch CISS historical data for M01 OP04. Crest factor trend showed gradual increase from 3.2 to 3.9 over 90 days before alarm. Kurtosis crossed early-warning threshold (8.0) approximately 11 days before customer called — alarm SPN-SR-003 was generated but apparently not actioned by customer maintenance team. Investigation highlights need for customer to review alarm log regularly. Machine performed as designed.","Spindle sent to depot for full rebuild (grease repack + runout check). Loaner spindle installed — job EIQ-LOAN-952. Rebuilt spindle returned and installed 10 business days later. Post-installation vibration: P004 = 0.88 mm/s. All axes re-qualified. Customer down-time: 32 hours. RMA raised for spindle core: RMA-93334.","YES","RMA-93334","DRIVE_WARRANTY","Servo drive returned under warranty claim — internal IGBT failure","Drive tested at factory — confirmed IGBT module failure. Within 24-month warranty period. Full replacement issued at no charge.","YES","778","4.0","YES","VIB-MJ-001","","synthetic_extension"
"CMP-SYN-2023","PENDING_PARTS","P2-HIGH","13 Feb 2020 10:00","","","CUST-004","Great Lakes Tool & Die","Marie Johansson","(313) 555-0448","mjohansson@gltd.com","Detroit, MI","GOLD","M01","EIQ-M01-2020-8507","VMC-3000","OP11","Surface Finishing","","tool_wear","SPN-MJ-003","6.779","Tool Wear","Progressive cutting edge wear beyond service life","274.29","240.76","932.51","6.785","3.969","Inbound call from Marie Johansson at Great Lakes Tool & Die. Reports intermittent spindle load spikes on M01 over the past 3 shifts. Error SPN-MJ-003 appearing 4–6 times per shift, machine not stopping but operator applying feed override down to 70%. Surface finish on aluminium parts showing chatter marks. Customer believes tool is worn but wants confirmation before scrapping tooling. Last PM was 13 weeks ago.","Rodriguez, M.","","Technical investigation by Rodriguez, M.. Downloaded vibration data from Bosch CISS sensor for run_id M01_Feb_2020_SYN_023. X-axis RMS = 274 (units: ADC counts), crest factor 6.79. Pattern consistent with increased cutting forces from worn tool. Compared against M01 baseline from Aug 2019 — load elevated by 37%. No bearing defect frequency components detected in spectrum. Root cause confirmed: tool wear beyond service life. No warranty claim applicable.","No machine repair required. Customer coaching on tool life management completed by Brennan, K. (FE-15). Provided updated tooling recommendation for Surface Finishing on aluminium: increase feed rate by 10%, reduce depth of cut by 15%, change tool grade to uncoated carbide. New parameters tested and validated. Surface finish improved to Ra 0.6 μm. Case closed — no charge under GOLD service contract.","NO","","","","","","0","5.8","NO","SPN-MJ-003","","synthetic_extension"
"CMP-SYN-2024","CLOSED","P2-HIGH","01 Feb 2021 08:00","04 Feb 2021 20:00","73","CUST-005","Pacific Rim Precision","Kevin Tanaka","(206) 555-0512","ktanaka@pacrimprec.com","Seattle, WA","PLATINUM","M02","EIQ-M02-2021-2637","VMC-3000","OP07","Profile Milling","","process_anomaly","CNC-MJ-001","5.881","Process Anomaly","NC program or controller process exception","387.42","170.39","897.81","6.144","13.393","Customer Pacific Rim Precision reporting M02 NC program execution error, alarm CNC-MJ-001. Machine stopped at block N1309 — program has run successfully 100+ times before. No changes to program, operator, or tooling. Customer suspects CNC memory or controller issue. Kevin Tanaka requesting level-2 technical support.","Novak, P.","","Remote diagnostic by Novak, P.. CNC program file MD5 checksum mismatch vs. revision control system — corrupted file transfer via DNC. Program re-transferred and verified. Machine executed 10 consecutive cycles without alarm. Root cause: network timeout during DNC transfer corrupted block N1309. Customer advised to implement file transfer verification (checksum) before running production. No machine defect.","DNC file transfer protocol updated to include MD5 checksum verification on receive. IT team configured auto-reject for failed checksums. NC program re-loaded from revision control — machine ran 50 cycles without fault. No machine repair required. Case closed — process improvement only.","NO","","","","","","0","1.8","NO","CNC-MJ-001","","synthetic_extension"
"CMP-SYN-2025","PENDING_PARTS","P4-LOW","08 Feb 2019 17:00","","","CUST-006","Appalachian Machine Works","Bobby Hicks","(423) 555-0667","bhicks@appmach.com","Knoxville, TN","STANDARD","M03","EIQ-M03-2019-6632","VMC-3000","OP07","Profile Milling","","tool_wear","SPN-WN-001","4.579","Tool Wear","Progressive cutting edge wear beyond service life","314.86","316.61","856.02","3.248","8.762","Customer called reporting elevated spindle load alarms on M03 during Profile Milling operation. Operator noticed surface finish degradation on last 8–12 parts before alarm triggered. Machine displaying SPN-WN-001 with spindle load P002 reading 3.15%. Customer states tool was at approximately 82% of programmed tool life. Production halted on affected spindle. Customer requesting priority callback from field support. Machine M/N VMC-3000, S/N EIQ-M03-2019-6632. Current shift supervisor: Bobby Hicks.","Kumar, R.","","Remote diagnostic session conducted with Kumar, R.. Reviewed P002 spindle load trend via OPC-UA historian — clear monotonic increase over prior 50 cycles consistent with progressive flank wear. NDCG feature trend confirms tool_wear classification. Kurtosis P064 = 8.8 (normal range 2.5–5.0). Recommended immediate tool replacement. Advised customer to calibrate tool life counter to actual tool life rather than theoretical. No machine fault — tooling and process issue. Error code SPN-WN-001 confirmed appropriate.","Recommended process change: implement tool condition monitoring via spindle load P002 trending. Set adaptive alarm at +25% above baseline load for each operation. Customer's process engineer will configure alarm thresholds in next maintenance window. No machine parts replaced. Case closed.","NO","","","","","","0","2.8","YES","SPN-WN-001","","synthetic_extension"
"CMP-SYN-2026","ESCALATED","P4-LOW","15 Aug 2019 13:00","","","CUST-007","Rio Grande Manufacturing","Carlos Mendez","(505) 555-0723","cmendez@riograndemfg.com","Albuquerque, NM","SILVER","M03","EIQ-M03-2019-8858","VMC-3000","OP01","Face Milling","","tool_wear","VIB-MD-001","3.829","Tool Wear","Progressive cutting edge wear beyond service life","561.05","163.33","944.68","6.297","13.216","Inbound call from Carlos Mendez at Rio Grande Manufacturing. Reports intermittent spindle load spikes on M03 over the past 3 shifts. Error VIB-MD-001 appearing 4–6 times per shift, machine not stopping but operator applying feed override down to 70%. Surface finish on aluminium parts showing chatter marks. Customer believes tool is worn but wants confirmation before scrapping tooling. Last PM was 3 weeks ago.","Okafor, D.","Torres, R. (FE-09)","Technical investigation by Okafor, D.. Downloaded vibration data from Bosch CISS sensor for run_id M03_Aug_2019_SYN_026. X-axis RMS = 561 (units: ADC counts), crest factor 6.30. Pattern consistent with increased cutting forces from worn tool. Compared against M03 baseline from Aug 2019 — load elevated by 40%. No bearing defect frequency components detected in spectrum. Root cause confirmed: tool wear beyond service life. No warranty claim applicable.","Tool T24 replaced with new insert grade IC900 (customer's standard). Tool life counter reset to 0. Coolant concentration checked and adjusted to 9% (from 6.7%). First-off part inspected: dimensions within tolerance, surface finish Ra 0.8 μm achieved. Production resumed. Customer advised to increase tool change frequency by 20% for this material/operation combination and to check coolant concentration weekly. No chargeable service.","NO","","","","","","0","1.6","YES","VIB-MD-001","","synthetic_extension"
"CMP-SYN-2027","CLOSED","P2-HIGH","18 Aug 2020 22:00","23 Aug 2020 07:00","23","CUST-008","Atlantic Precision Group","Jennifer Walsh","(617) 555-0834","jwalsh@atlanticprecision.com","Boston, MA","GOLD","M03","EIQ-M03-2020-9863","VMC-3000","OP14","Spindle Run Test","","spindle_bearing_fault","SPN-MJ-001","5.204","Spindle Bearing Fault","Bearing race or rolling element fatigue defect","311.42","354.3","1158.5","6.708","3.939","Emergency call from Jennifer Walsh at Atlantic Precision Group. M03 stopped mid-production with CRITICAL alarm SPN-MJ-001. Unusual noise from spindle described as 'grinding then a bang'. Machine auto-stopped. Vibration sensor reading P004 = 6.71 mm/s at time of fault. Machine has been running 24/7 for past 6 weeks without scheduled PM. Customer needs machine back online within 48 hours — aerospace delivery deadline. Serial: EIQ-M03-2020-9863.","Petrov, A.","Lee, S. (FE-12)","Field engineer Lee, S. (FE-12) attended 4 days after initial call. Removed spindle nose cap and measured bearing temperature with IR thermometer: front bearing at 7°C vs. ambient 22°C — significant. Bearing noise clearly audible on mechanic's stethoscope. Vibration spectrum showed bearing defect frequencies. Bearings removed: front pair (7014 CDBP4) showed outer race spalling on one bearing — approx 8mm arc of pitting. Rear bearing NU1014 in good condition. Root cause: bearing fatigue from operation beyond grease service interval.","Spindle bearing set replaced on-site by Lee, S. (FE-12). Parts used: 2× 7014 CDBP4 angular contact bearings (PN: EIQ-SPN-BRG-7014, batch BRG-21604), 1× NU1014 rear bearing (PN: EIQ-SPN-BRG-NU1014). Bearings installed with correct preload per EIQ-PROC-SPN-001. Spindle warmed up per SPD-WARMUP-001 (15 min). Acceptance vibration test run: P004 = 2.26 mm/s (Zone A — pass). Machine returned to production. Labour: 2.5 h. Parts charged to customer (bearing set outside warranty — 12 months in service).","YES","RMA-25479","SENSOR_WARRANTY","Bosch CISS accelerometer suspected fault — reading zero on Z-axis","Sensor tested at calibration lab. Confirmed Z-axis MEMS element failure. Replaced under manufacturer warranty. New unit calibrated.","YES","532","2.5","NO","SPN-MJ-001","","synthetic_extension"
"CMP-SYN-2028","CLOSED","P2-HIGH","06 Feb 2019 18:00","09 Feb 2019 00:00","117","CUST-009","Heartland CNC Services","Tom Hartley","(515) 555-0912","thartley@heartlandcnc.com","Des Moines, IA","STANDARD","M02","EIQ-M02-2019-8996","VMC-3000","OP12","Tool Change","","actuator_fault","AXS-MJ-001","2.531","Actuator Fault","Mechanical or electrical actuator failure","529.19","288.33","896.21","5.417","9.348","Call from Tom Hartley at Heartland CNC Services. M02 hydraulic system alarm AXS-MJ-001. Clamping fixture not releasing correctly — workpiece stuck in fixture. Hydraulic pressure P050 reading 5.42 bar. Customer manually bled hydraulic circuit but pressure not recovering. Machine S/N EIQ-M02-2019-8996.","Petrov, A.","Torres, R. (FE-09)","Investigation Petrov, A.. Hydraulic pressure trend for M02 shows gradual decay from 72 bar to 5 bar over 3 weeks — internal leak in pressure relief valve (RV1) allowing bypass. Relief valve inspected: seat worn, allowing 3.9 L/min internal bypass at nominal pressure. Relief valve replaced — pressure restored to 71 bar. Clamping function tested: all 4 fixture stations confirmed >55 bar clamp pressure. Error code AXS-MJ-001 triggered correctly.","SSV lube distributor block replaced (PN: EIQ-LUB-SSV-6). Ball screw backlash compensation parameter adjusted from 0.003 to 0.006 mm. Lubrication system primed and verified — all 18 lube points confirmed receiving oil. Following error P016 re-tested: max 0.008 mm on rapid traverse — within specification. Machine re-qualified. Parts cost: $389. Labour: 3.1 h.","YES","RMA-30387","VALVE_WARRANTY","Hydraulic relief valve returned — premature internal seat wear","Valve inspected — seat wear confirmed at 11 months in service. Within 12-month warranty. Replacement valve issued.","YES","389","3.1","YES","AXS-MJ-001","","synthetic_extension"
"CMP-SYN-2029","CLOSED","P4-LOW","27 Feb 2021 14:00","02 Mar 2021 19:00","85","CUST-010","Mountain West Machining LLC","Janet Fujimoto","(303) 555-1034","jfujimoto@mwmach.com","Denver, CO","SILVER","M01","EIQ-M01-2021-7609","VMC-3000","OP09","Chamfering","","chatter_vibration","VIB-MD-001","3.587","Chatter Vibration","Regenerative chatter — process outside stability lobe","542.48","150.54","1113.28","6.961","15.073","Inbound from Janet Fujimoto at Mountain West Machining LLC. M01 exhibiting strong vibration during Chamfering — alarm VIB-MD-001. Vibration visible on parts and audible in shop. Machine did not auto-stop but part is clearly scrap. Customer suspects fixture loosening. Asked us to confirm if vibration profile matches bearing issue or chatter. X-axis RMS reading 6.96 mm/s at time of alarm.","Williams, S.","Brennan, K. (FE-15)","Technical investigation by Williams, S.. Reviewed vibration data — dominant frequency at 245 Hz matches spindle speed 4000 RPM × 2 teeth (tooth-passing frequency). Stability lobe diagram analysis indicates current operating point is in unstable region. Recommended spindle speed adjustment to 3800 RPM (+200 RPM shift) to move to adjacent stable lobe. Customer tested recommendation — chatter eliminated. Root cause: process parameter selection, not machine defect. Error code VIB-MD-001 appropriate for the vibration level detected.","Spindle speed adjusted from 4000 to 3800 RPM. Feed rate increased by 8% to maintain chip load. First-off part inspected: Ra 0.5 μm (spec 0.8 μm — pass). Stability lobe diagram provided to customer process engineer for future reference. No machine parts replaced. Case closed.","NO","","","","","","0","2.4","YES","VIB-MD-001","","synthetic_extension"
"CMP-SYN-2030","PENDING_PARTS","P2-HIGH","19 Feb 2021 10:00","","","CUST-001","Precision Parts Midwest LLC","Dave Kowalski","(312) 555-0142","dkowalski@precisionmidwest.com","Chicago, IL","GOLD","M02","EIQ-M02-2021-2047","VMC-3000","OP04","Drilling Cycle","","spindle_bearing_fault","SPN-MJ-002","6.82","Spindle Bearing Fault","Bearing race or rolling element fatigue defect","365.77","322.46","946.57","5.393","8.49","Precision Parts Midwest LLC reporting M02 spindle temperature P003 running high at 5.39°C. Spindle cooling fan appears to be making intermittent noise — possibly bearing in fan motor. Alarm SPN-MJ-002 active. Customer asking if they can continue running at reduced spindle speed while awaiting parts. Current part schedule is critical path.","Williams, S.","Jackson, T. (FE-07)","Investigation by Williams, S.. Pulled Bosch CISS historical data for M02 OP04. Crest factor trend showed gradual increase from 3.2 to 5.4 over 90 days before alarm. Kurtosis crossed early-warning threshold (8.0) approximately 9 days before customer called — alarm SPN-SR-003 was generated but apparently not actioned by customer maintenance team. Investigation highlights need for customer to review alarm log regularly. Machine performed as designed.","Spindle sent to depot for full rebuild (grease repack + runout check). Loaner spindle installed — job EIQ-LOAN-666. Rebuilt spindle returned and installed 8 business days later. Post-installation vibration: P004 = 1.06 mm/s. All axes re-qualified. Customer down-time: 60 hours. RMA raised for spindle core: RMA-56980.","YES","RMA-56980","LUBE_BLOCK","SSV lube distributor block returned — stuck piston","Piston freed and cleaned. Contamination found in oil supply — customer advised to use filtered oil only. No manufacturing defect. No credit.","NO","456","4.9","NO","SPN-MJ-002","","synthetic_extension"
"CMP-SYN-2031","IN_PROGRESS","P4-LOW","27 Aug 2021 14:00","","","CUST-002","AeroMach Industries","Sandra Okonkwo","(714) 555-0287","sokonkwo@aeromach.com","Anaheim, CA","PLATINUM","M02","EIQ-M02-2021-6007","VMC-3000","OP07","Profile Milling","","tool_wear","VIB-MD-001","6.524","Tool Wear","Progressive cutting edge wear beyond service life","251.05","187.07","1177.71","3.989","6.759","Customer called reporting elevated spindle load alarms on M02 during Profile Milling operation. Operator noticed surface finish degradation on last 8–12 parts before alarm triggered. Machine displaying VIB-MD-001 with spindle load P002 reading 2.51%. Customer states tool was at approximately 103% of programmed tool life. Production halted on affected spindle. Customer requesting priority callback from field support. Machine M/N VMC-3000, S/N EIQ-M02-2021-6007. Current shift supervisor: Sandra Okonkwo.","Novak, P.","","Field engineer Torres, R. (FE-09) attended site 1 business days after initial call. Inspection findings: tool T3 showed severe flank wear on 2 of 4 flutes, corner radius worn to near-zero. Chip formation analysis: short, powdery chips consistent with rubbing rather than cutting. Coolant concentration measured at 5.3% (low — should be 8–10%); low concentration accelerating wear. Ball screw and guides inspected — nominal. No machine defect identified.","Tool T3 replaced with new insert grade IC900 (customer's standard). Tool life counter reset to 0. Coolant concentration checked and adjusted to 9% (from 5.3%). First-off part inspected: dimensions within tolerance, surface finish Ra 0.8 μm achieved. Production resumed. Customer advised to increase tool change frequency by 20% for this material/operation combination and to check coolant concentration weekly. No chargeable service.","NO","","","","","","0","4.4","NO","VIB-MD-001","","synthetic_extension"
"CMP-SYN-2032","CLOSED","P3-MEDIUM","04 Aug 2020 09:00","08 Aug 2020 20:00","4","CUST-003","Lone Star Machining Co.","Billy Ray Tanner","(214) 555-0391","brtanner@lonestarmach.com","Dallas, TX","SILVER","M02","EIQ-M02-2020-4087","VMC-3000","OP01","Face Milling","","process_anomaly","CNC-SR-001","5.943","Process Anomaly","NC program or controller process exception","500.69","161.93","924.63","5.687","14.798","Customer Lone Star Machining Co. reporting M02 NC program execution error, alarm CNC-SR-001. Machine stopped at block N2139 — program has run successfully 100+ times before. No changes to program, operator, or tooling. Customer suspects CNC memory or controller issue. Billy Ray Tanner requesting level-2 technical support.","Kumar, R.","","Remote diagnostic by Kumar, R.. CNC program file MD5 checksum mismatch vs. revision control system — corrupted file transfer via DNC. Program re-transferred and verified. Machine executed 10 consecutive cycles without alarm. Root cause: network timeout during DNC transfer corrupted block N2139. Customer advised to implement file transfer verification (checksum) before running production. No machine defect.","DNC file transfer protocol updated to include MD5 checksum verification on receive. IT team configured auto-reject for failed checksums. NC program re-loaded from revision control — machine ran 50 cycles without fault. No machine repair required. Case closed — process improvement only.","NO","","","","","","0","5.1","YES","CNC-SR-001","","synthetic_extension"
"CMP-SYN-2033","PENDING_PARTS","P4-LOW","26 Feb 2020 06:00","","","CUST-004","Great Lakes Tool & Die","Marie Johansson","(313) 555-0448","mjohansson@gltd.com","Detroit, MI","GOLD","M02","EIQ-M02-2020-4390","VMC-3000","OP08","Slot Milling","","tool_wear","SPN-MN-001","4.869","Tool Wear","Progressive cutting edge wear beyond service life","520.71","278.83","1032.82","4.14","13.051","Customer called reporting elevated spindle load alarms on M02 during Slot Milling operation. Operator noticed surface finish degradation on last 8–12 parts before alarm triggered. Machine displaying SPN-MN-001 with spindle load P002 reading 5.21%. Customer states tool was at approximately 91% of programmed tool life. Production halted on affected spindle. Customer requesting priority callback from field support. Machine M/N VMC-3000, S/N EIQ-M02-2020-4390. Current shift supervisor: Marie Johansson.","Kumar, R.","","Technical investigation by Kumar, R.. Downloaded vibration data from Bosch CISS sensor for run_id M02_Feb_2020_SYN_033. X-axis RMS = 521 (units: ADC counts), crest factor 4.14. Pattern consistent with increased cutting forces from worn tool. Compared against M02 baseline from Aug 2019 — load elevated by 18%. No bearing defect frequency components detected in spectrum. Root cause confirmed: tool wear beyond service life. No warranty claim applicable.","Tool T29 replaced with new insert grade IC900 (customer's standard). Tool life counter reset to 0. Coolant concentration checked and adjusted to 9% (from 6.5%). First-off part inspected: dimensions within tolerance, surface finish Ra 0.8 μm achieved. Production resumed. Customer advised to increase tool change frequency by 20% for this material/operation combination and to check coolant concentration weekly. No chargeable service.","NO","","","","","","0","3.7","NO","SPN-MN-001","","synthetic_extension"
"CMP-SYN-2034","PENDING_PARTS","P3-MEDIUM","21 Aug 2019 21:00","","","CUST-005","Pacific Rim Precision","Kevin Tanaka","(206) 555-0512","ktanaka@pacrimprec.com","Seattle, WA","PLATINUM","M01","EIQ-M01-2019-6911","VMC-3000","OP07","Profile Milling","","tool_wear","SPN-SR-001","5.794","Tool Wear","Progressive cutting edge wear beyond service life","249.59","309.23","889.8","3.126","15.854","Customer called reporting elevated spindle load alarms on M01 during Profile Milling operation. Operator noticed surface finish degradation on last 8–12 parts before alarm triggered. Machine displaying SPN-SR-001 with spindle load P002 reading 2.5%. Customer states tool was at approximately 86% of programmed tool life. Production halted on affected spindle. Customer requesting priority callback from field support. Machine M/N VMC-3000, S/N EIQ-M01-2019-6911. Current shift supervisor: Kevin Tanaka.","Williams, S.","","Technical investigation by Williams, S.. Downloaded vibration data from Bosch CISS sensor for run_id M01_Aug_2019_SYN_034. X-axis RMS = 250 (units: ADC counts), crest factor 3.13. Pattern consistent with increased cutting forces from worn tool. Compared against M01 baseline from Aug 2019 — load elevated by 37%. No bearing defect frequency components detected in spectrum. Root cause confirmed: tool wear beyond service life. No warranty claim applicable.","No machine repair required. Customer coaching on tool life management completed by Lee, S. (FE-12). Provided updated tooling recommendation for Profile Milling on aluminium: increase feed rate by 10%, reduce depth of cut by 15%, change tool grade to uncoated carbide. New parameters tested and validated. Surface finish improved to Ra 0.6 μm. Case closed — no charge under GOLD service contract.","NO","","","","","","0","3.2","NO","SPN-SR-001","","synthetic_extension"
"CMP-SYN-2035","ESCALATED","P1-CRITICAL","08 Aug 2021 09:00","","","CUST-006","Appalachian Machine Works","Bobby Hicks","(423) 555-0667","bhicks@appmach.com","Knoxville, TN","STANDARD","M01","EIQ-M01-2021-1516","VMC-3000","OP14","Spindle Run Test","","actuator_fault","LUB-CR-001","5.806","Actuator Fault","Mechanical or electrical actuator failure","496.15","397.47","985.19","3.626","7.162","Customer Appalachian Machine Works called — M01 throwing axis following error alarm LUB-CR-001. P016 following error at 3.63 mm. Machine stops on every rapid move. Customer has confirmed no mechanical obstruction. Problem started after machine power outage 2 days ago. Axis re-homed but problem persists. Requesting remote diagnostic session.","Kumar, R.","Jackson, T. (FE-07)","Field engineer Jackson, T. (FE-07) attended. Axis following error P016 = 3.630 mm on X-axis. Ball screw backlash measured: 0.024 mm (limit 0.005 mm — exceeded). Guide rail lubrication found dry on two carriages — lube distributor piston stuck in one SSV block. Root causes: (1) lube blockage causing guide friction increase; (2) ball screw nut preload loss. Both corrected: SSV block replaced, lube cycle verified, servo backlash compensation adjusted.","SSV lube distributor block replaced (PN: EIQ-LUB-SSV-6). Ball screw backlash compensation parameter adjusted from 0.003 to 0.006 mm. Lubrication system primed and verified — all 18 lube points confirmed receiving oil. Following error P016 re-tested: max 0.008 mm on rapid traverse — within specification. Machine re-qualified. Parts cost: $323. Labour: 5.3 h.","YES","RMA-10517","SPINDLE_REBUILD","Spindle cartridge sent to depot for bearing replacement and runout check","Rebuilt spindle returned. New bearing set installed, preload set to spec, runout verified <0.003mm. Returned to customer.","NO","323","5.3","YES","LUB-CR-001","","synthetic_extension"
"CMP-SYN-2036","CLOSED","P2-HIGH","06 Feb 2019 14:00","12 Feb 2019 00:00","75","CUST-007","Rio Grande Manufacturing","Carlos Mendez","(505) 555-0723","cmendez@riograndemfg.com","Albuquerque, NM","SILVER","M01","EIQ-M01-2019-4742","VMC-3000","OP14","Spindle Run Test","","actuator_fault","HYD-MJ-001","7.905","Actuator Fault","Mechanical or electrical actuator failure","378.34","104.31","951.53","4.3","16.424","Customer Rio Grande Manufacturing called — M01 throwing axis following error alarm HYD-MJ-001. P016 following error at 4.3 mm. Machine stops on every rapid move. Customer has confirmed no mechanical obstruction. Problem started after machine power outage 2 days ago. Axis re-homed but problem persists. Requesting remote diagnostic session.","Okafor, D.","Mbeki, J. (FE-03)","Investigation Okafor, D.. Hydraulic pressure trend for M01 shows gradual decay from 72 bar to 4 bar over 3 weeks — internal leak in pressure relief valve (RV1) allowing bypass. Relief valve inspected: seat worn, allowing 3.4 L/min internal bypass at nominal pressure. Relief valve replaced — pressure restored to 71 bar. Clamping function tested: all 4 fixture stations confirmed >55 bar clamp pressure. Error code HYD-MJ-001 triggered correctly.","SSV lube distributor block replaced (PN: EIQ-LUB-SSV-6). Ball screw backlash compensation parameter adjusted from 0.003 to 0.006 mm. Lubrication system primed and verified — all 18 lube points confirmed receiving oil. Following error P016 re-tested: max 0.008 mm on rapid traverse — within specification. Machine re-qualified. Parts cost: $801. Labour: 5.9 h.","YES","RMA-64074","DRIVE_WARRANTY","Servo drive returned under warranty claim — internal IGBT failure","Drive tested at factory — confirmed IGBT module failure. Within 24-month warranty period. Full replacement issued at no charge.","YES","801","5.9","YES","HYD-MJ-001","","synthetic_extension"
"CMP-SYN-2037","CLOSED","P3-MEDIUM","07 Aug 2019 15:00","13 Aug 2019 03:00","73","CUST-008","Atlantic Precision Group","Jennifer Walsh","(617) 555-0834","jwalsh@atlanticprecision.com","Boston, MA","GOLD","M02","EIQ-M02-2019-8734","VMC-3000","OP10","Reaming","","spindle_bearing_fault","SPN-SR-003","3.064","Spindle Bearing Fault","Bearing race or rolling element fatigue defect","413.2","319.84","909.03","7.918","7.262","Call received from Jennifer Walsh. M02 has been showing progressive vibration increase on spindle bearing sensor P004 over the past 2 weeks — operator noticed noise change but kept running. Now at 7.92 mm/s RMS, alarm SPN-SR-003 active. Customer asks if bearing can be replaced on-site or if spindle needs to go to depot. Machine hours: approx 3368h on current bearing set. Last grease service: 6 months ago.","Rodriguez, M.","Lee, S. (FE-12)","Investigation by Rodriguez, M.. Pulled Bosch CISS historical data for M02 OP10. Crest factor trend showed gradual increase from 3.2 to 7.9 over 90 days before alarm. Kurtosis crossed early-warning threshold (8.0) approximately 27 days before customer called — alarm SPN-SR-003 was generated but apparently not actioned by customer maintenance team. Investigation highlights need for customer to review alarm log regularly. Machine performed as designed.","Spindle bearing set replaced on-site by Lee, S. (FE-12). Parts used: 2× 7014 CDBP4 angular contact bearings (PN: EIQ-SPN-BRG-7014, batch BRG-71793), 1× NU1014 rear bearing (PN: EIQ-SPN-BRG-NU1014). Bearings installed with correct preload per EIQ-PROC-SPN-001. Spindle warmed up per SPD-WARMUP-001 (15 min). Acceptance vibration test run: P004 = 1.52 mm/s (Zone A — pass). Machine returned to production. Labour: 6.1 h. Parts charged to customer (bearing set outside warranty — 39 months in service).","YES","RMA-85293","SPINDLE_REBUILD","Spindle cartridge sent to depot for bearing replacement and runout check","Rebuilt spindle returned. New bearing set installed, preload set to spec, runout verified <0.003mm. Returned to customer.","NO","356","6.1","NO","SPN-SR-003","","synthetic_extension"
"CMP-SYN-2038","ESCALATED","P3-MEDIUM","11 Aug 2020 22:00","","","CUST-009","Heartland CNC Services","Tom Hartley","(515) 555-0912","thartley@heartlandcnc.com","Des Moines, IA","STANDARD","M02","EIQ-M02-2020-7876","VMC-3000","OP14","Spindle Run Test","","spindle_bearing_fault","SPN-SR-003","2.92","Spindle Bearing Fault","Bearing race or rolling element fatigue defect","334.93","110.32","1039.38","5.547","11.496","Heartland CNC Services reporting M02 spindle temperature P003 running high at 5.55°C. Spindle cooling fan appears to be making intermittent noise — possibly bearing in fan motor. Alarm SPN-SR-003 active. Customer asking if they can continue running at reduced spindle speed while awaiting parts. Current part schedule is critical path.","Williams, S.","Brennan, K. (FE-15)","Remote diagnostic: retrieved vibration data for run_id M02_Aug_2020_SYN_038. Spindle bearing vibration P004 = 5.55 mm/s (ISO Zone B). Kurtosis P064 = 11.5 — defect frequency component confirmed at BPFO = 111.5 Hz (consistent with outer race spall on 7014 bearing). Machine hours since last grease service: 2748h (OEM limit: 4,000h). Bearing replacement recommended. Error code SPN-SR-003 confirmed CRITICAL/MAJOR — correct action taken by PLC.","Spindle bearing set replaced on-site by Brennan, K. (FE-15). Parts used: 2× 7014 CDBP4 angular contact bearings (PN: EIQ-SPN-BRG-7014, batch BRG-95351), 1× NU1014 rear bearing (PN: EIQ-SPN-BRG-NU1014). Bearings installed with correct preload per EIQ-PROC-SPN-001. Spindle warmed up per SPD-WARMUP-001 (15 min). Acceptance vibration test run: P004 = 2.29 mm/s (Zone A — pass). Machine returned to production. Labour: 3.1 h. Parts charged to customer (bearing set outside warranty — 35 months in service).","YES","RMA-68560","LUBE_BLOCK","SSV lube distributor block returned — stuck piston","Piston freed and cleaned. Contamination found in oil supply — customer advised to use filtered oil only. No manufacturing defect. No credit.","NO","630","3.1","YES","SPN-SR-003","","synthetic_extension"
"CMP-SYN-2039","ESCALATED","P2-HIGH","05 Feb 2020 17:00","","","CUST-010","Mountain West Machining LLC","Janet Fujimoto","(303) 555-1034","jfujimoto@mwmach.com","Denver, CO","SILVER","M02","EIQ-M02-2020-3957","VMC-3000","OP10","Reaming","","spindle_bearing_fault","SPN-MJ-002","2.949","Spindle Bearing Fault","Bearing race or rolling element fatigue defect","596.52","242.36","1066.76","5.036","14.515","Call received from Janet Fujimoto. M02 has been showing progressive vibration increase on spindle bearing sensor P004 over the past 2 weeks — operator noticed noise change but kept running. Now at 5.04 mm/s RMS, alarm SPN-MJ-002 active. Customer asks if bearing can be replaced on-site or if spindle needs to go to depot. Machine hours: approx 1594h on current bearing set. Last grease service: 8 months ago.","Chen, L.","Mbeki, J. (FE-03)","Investigation by Chen, L.. Pulled Bosch CISS historical data for M02 OP10. Crest factor trend showed gradual increase from 3.2 to 5.0 over 90 days before alarm. Kurtosis crossed early-warning threshold (8.0) approximately 13 days before customer called — alarm SPN-SR-003 was generated but apparently not actioned by customer maintenance team. Investigation highlights need for customer to review alarm log regularly. Machine performed as designed.","Spindle bearing set replaced on-site by Mbeki, J. (FE-03). Parts used: 2× 7014 CDBP4 angular contact bearings (PN: EIQ-SPN-BRG-7014, batch BRG-56763), 1× NU1014 rear bearing (PN: EIQ-SPN-BRG-NU1014). Bearings installed with correct preload per EIQ-PROC-SPN-001. Spindle warmed up per SPD-WARMUP-001 (15 min). Acceptance vibration test run: P004 = 1.89 mm/s (Zone A — pass). Machine returned to production. Labour: 2.2 h. Parts charged to customer (bearing set outside warranty — 19 months in service).","YES","RMA-31258","BEARING_RETURN","Defective spindle bearing set returned for failure analysis","Failure analysis at EquipmentIQ bearing lab. Confirmed outer race spall — fatigue failure consistent with service beyond recommended interval. No manufacturing defect.","NO","442","2.2","YES","SPN-MJ-002","","synthetic_extension"
"CMP-SYN-2040","IN_PROGRESS","P1-CRITICAL","17 Feb 2019 11:00","","","CUST-001","Precision Parts Midwest LLC","Dave Kowalski","(312) 555-0142","dkowalski@precisionmidwest.com","Chicago, IL","GOLD","M01","EIQ-M01-2019-4299","VMC-3000","OP05","Thread Tapping","","spindle_bearing_fault","SPN-CR-001","6.235","Spindle Bearing Fault","Bearing race or rolling element fatigue defect","231.15","264.46","967.64","4.346","4.868","Call received from Dave Kowalski. M01 has been showing progressive vibration increase on spindle bearing sensor P004 over the past 2 weeks — operator noticed noise change but kept running. Now at 4.35 mm/s RMS, alarm SPN-CR-001 active. Customer asks if bearing can be replaced on-site or if spindle needs to go to depot. Machine hours: approx 1975h on current bearing set. Last grease service: 15 months ago.","Williams, S.","Mbeki, J. (FE-03)","Investigation by Williams, S.. Pulled Bosch CISS historical data for M01 OP05. Crest factor trend showed gradual increase from 3.2 to 4.3 over 90 days before alarm. Kurtosis crossed early-warning threshold (8.0) approximately 27 days before customer called — alarm SPN-SR-003 was generated but apparently not actioned by customer maintenance team. Investigation highlights need for customer to review alarm log regularly. Machine performed as designed.","Spindle cooling fan motor replaced (PN: EIQ-SPN-FAN-200L). Air filter cleaned — found 60% blocked. Post-repair spindle temperature P003 running at 53°C vs. 68°C pre-repair. Machine re-qualified. Advised customer to add fan inspection to monthly PM checklist. No charge under PLATINUM service contract.","YES","RMA-98008","VALVE_WARRANTY","Hydraulic relief valve returned — premature internal seat wear","Valve inspected — seat wear confirmed at 11 months in service. Within 12-month warranty. Replacement valve issued.","YES","650","3.9","NO","SPN-CR-001","","synthetic_extension"
"CMP-SYN-2041","PENDING_PARTS","P1-CRITICAL","08 Feb 2019 14:00","","","CUST-002","AeroMach Industries","Sandra Okonkwo","(714) 555-0287","sokonkwo@aeromach.com","Anaheim, CA","PLATINUM","M03","EIQ-M03-2019-8484","VMC-3000","OP04","Drilling Cycle","","spindle_bearing_fault","SPN-CR-001","4.199","Spindle Bearing Fault","Bearing race or rolling element fatigue defect","333.38","185.47","1051.65","6.311","5.399","Emergency call from Sandra Okonkwo at AeroMach Industries. M03 stopped mid-production with CRITICAL alarm SPN-CR-001. Unusual noise from spindle described as 'grinding then a bang'. Machine auto-stopped. Vibration sensor reading P004 = 6.31 mm/s at time of fault. Machine has been running 24/7 for past 6 weeks without scheduled PM. Customer needs machine back online within 48 hours — aerospace delivery deadline. Serial: EIQ-M03-2019-8484.","Kumar, R.","Brennan, K. (FE-15)","Field engineer Brennan, K. (FE-15) attended 3 days after initial call. Removed spindle nose cap and measured bearing temperature with IR thermometer: front bearing at 6°C vs. ambient 22°C — significant. Bearing noise clearly audible on mechanic's stethoscope. Vibration spectrum showed bearing defect frequencies. Bearings removed: front pair (7014 CDBP4) showed outer race spalling on one bearing — approx 8mm arc of pitting. Rear bearing NU1014 in good condition. Root cause: bearing fatigue from operation beyond grease service interval.","Spindle sent to depot for full rebuild (grease repack + runout check). Loaner spindle installed — job EIQ-LOAN-861. Rebuilt spindle returned and installed 12 business days later. Post-installation vibration: P004 = 1.98 mm/s. All axes re-qualified. Customer down-time: 63 hours. RMA raised for spindle core: RMA-75724.","YES","RMA-75724","VALVE_WARRANTY","Hydraulic relief valve returned — premature internal seat wear","Valve inspected — seat wear confirmed at 11 months in service. Within 12-month warranty. Replacement valve issued.","YES","496","3.4","NO","SPN-CR-001","","synthetic_extension"
"CMP-SYN-2042","PENDING_PARTS","P1-CRITICAL","22 Feb 2019 22:00","","","CUST-003","Lone Star Machining Co.","Billy Ray Tanner","(214) 555-0391","brtanner@lonestarmach.com","Dallas, TX","SILVER","M02","EIQ-M02-2019-7742","VMC-3000","OP10","Reaming","","spindle_bearing_fault","SPN-CR-001","4.57","Spindle Bearing Fault","Bearing race or rolling element fatigue defect","344.45","337.0","1101.26","4.566","8.654","Lone Star Machining Co. reporting M02 spindle temperature P003 running high at 4.57°C. Spindle cooling fan appears to be making intermittent noise — possibly bearing in fan motor. Alarm SPN-CR-001 active. Customer asking if they can continue running at reduced spindle speed while awaiting parts. Current part schedule is critical path.","Rodriguez, M.","Brennan, K. (FE-15)","Field engineer Brennan, K. (FE-15) attended 5 days after initial call. Removed spindle nose cap and measured bearing temperature with IR thermometer: front bearing at 5°C vs. ambient 22°C — significant. Bearing noise clearly audible on mechanic's stethoscope. Vibration spectrum showed bearing defect frequencies. Bearings removed: front pair (7014 CDBP4) showed outer race spalling on one bearing — approx 8mm arc of pitting. Rear bearing NU1014 in good condition. Root cause: bearing fatigue from operation beyond grease service interval.","Spindle cooling fan motor replaced (PN: EIQ-SPN-FAN-200L). Air filter cleaned — found 60% blocked. Post-repair spindle temperature P003 running at 52°C vs. 70°C pre-repair. Machine re-qualified. Advised customer to add fan inspection to monthly PM checklist. No charge under PLATINUM service contract.","YES","RMA-81256","LUBE_BLOCK","SSV lube distributor block returned — stuck piston","Piston freed and cleaned. Contamination found in oil supply — customer advised to use filtered oil only. No manufacturing defect. No credit.","NO","393","2.8","YES","SPN-CR-001","","synthetic_extension"
"CMP-SYN-2043","CLOSED","P2-HIGH","19 Feb 2019 16:00","24 Feb 2019 03:00","38","CUST-004","Great Lakes Tool & Die","Marie Johansson","(313) 555-0448","mjohansson@gltd.com","Detroit, MI","GOLD","M02","EIQ-M02-2019-6757","VMC-3000","OP03","Pocket Milling","","chatter_vibration","SPN-MJ-004","3.361","Chatter Vibration","Regenerative chatter — process outside stability lobe","259.06","231.18","883.07","4.24","14.823","Service call — M02 at Great Lakes Tool & Die producing unacceptable surface finish on titanium parts. Alarm SPN-MJ-004 logged intermittently during Pocket Milling. Customer reports problem started after recent toolholder swap. Vibration spike visible on CISS sensor readout. Crest factor P063 elevated at 4.24. Customer requesting field engineer visit to perform stability lobe analysis.","Novak, P.","Jackson, T. (FE-07)","Remote session Novak, P.. Vibration RMS X=259 Y=231 Z=883 (ADC counts) for run_id M02_Feb_2019_SYN_043. Crest factor 4.24 consistent with regenerative chatter rather than bearing defect (kurtosis 14.8, normal range for chatter). Process engineer recommends: reduce axial depth of cut by 20%, apply variable pitch tooling. No mechanical fault on machine identified.","Toolholder taper cleaned and re-lapped. Hydraulic fixture circuit repaired: replaced solenoid valve seal kit (PN: EIQ-HYD-SEAL-KIT). Pressure restored to 71 bar. Re-test: 20 consecutive parts — all within surface finish spec. Recommended annual toolholder taper inspection. Labour: 1.8 h under SILVER service contract (customer co-pay 20%).","NO","","","","","","0","1.8","NO","SPN-MJ-004","","synthetic_extension"
"CMP-SYN-2044","IN_PROGRESS","P3-MEDIUM","05 Aug 2020 12:00","","","CUST-005","Pacific Rim Precision","Kevin Tanaka","(206) 555-0512","ktanaka@pacrimprec.com","Seattle, WA","PLATINUM","M01","EIQ-M01-2020-1443","VMC-3000","OP09","Chamfering","","chatter_vibration","VIB-SR-001","6.074","Chatter Vibration","Regenerative chatter — process outside stability lobe","311.16","325.67","869.53","5.129","9.34","Service call — M01 at Pacific Rim Precision producing unacceptable surface finish on titanium parts. Alarm VIB-SR-001 logged intermittently during Chamfering. Customer reports problem started after recent toolholder swap. Vibration spike visible on CISS sensor readout. Crest factor P063 elevated at 5.13. Customer requesting field engineer visit to perform stability lobe analysis.","Petrov, A.","","Remote session Petrov, A.. Vibration RMS X=311 Y=326 Z=870 (ADC counts) for run_id M01_Aug_2020_SYN_044. Crest factor 5.13 consistent with regenerative chatter rather than bearing defect (kurtosis 9.3, normal range for chatter). Process engineer recommends: reduce axial depth of cut by 20%, apply variable pitch tooling. No mechanical fault on machine identified.","Variable pitch tooling (4-flute, pitch 30/32/34/36°) recommended and sourced by customer. New toolholder balanced to G2.5 at 12,000 RPM. Re-test with new tooling: chatter eliminated, Ra improved to 0.7 μm. Machine in good condition. Closed — no charge.","NO","","","","","","0","5.8","NO","VIB-SR-001","","synthetic_extension"
"CMP-SYN-2045","PENDING_PARTS","P4-LOW","22 Aug 2019 15:00","","","CUST-006","Appalachian Machine Works","Bobby Hicks","(423) 555-0667","bhicks@appmach.com","Knoxville, TN","STANDARD","M02","EIQ-M02-2019-4188","VMC-3000","OP08","Slot Milling","","tool_wear","SPN-WN-001","6.782","Tool Wear","Progressive cutting edge wear beyond service life","291.87","140.01","1120.81","7.507","10.657","Customer Appalachian Machine Works called — M02 threw hard alarm SPN-WN-001 mid-program during Slot Milling. Spindle load P002 peaked at 2.92% before drive tripped. Tool T25 found broken in spindle bore — approx 40mm of flute snapped. Last good part passed inspection; current part scrapped. Customer asking about warranty on tooling and whether machine caused the breakage or vice versa.","Okafor, D.","Brennan, K. (FE-15)","Remote diagnostic session conducted with Okafor, D.. Reviewed P002 spindle load trend via OPC-UA historian — clear monotonic increase over prior 50 cycles consistent with progressive flank wear. NDCG feature trend confirms tool_wear classification. Kurtosis P064 = 10.7 (normal range 2.5–5.0). Recommended immediate tool replacement. Advised customer to calibrate tool life counter to actual tool life rather than theoretical. No machine fault — tooling and process issue. Error code SPN-WN-001 confirmed appropriate.","Recommended process change: implement tool condition monitoring via spindle load P002 trending. Set adaptive alarm at +25% above baseline load for each operation. Customer's process engineer will configure alarm thresholds in next maintenance window. No machine parts replaced. Case closed.","NO","","","","","","0","5.5","YES","SPN-WN-001","","synthetic_extension"
"CMP-SYN-2046","CLOSED","P2-HIGH","20 Feb 2019 13:00","24 Feb 2019 21:00","97","CUST-007","Rio Grande Manufacturing","Carlos Mendez","(505) 555-0723","cmendez@riograndemfg.com","Albuquerque, NM","SILVER","M01","EIQ-M01-2019-8268","VMC-3000","OP05","Thread Tapping","","spindle_bearing_fault","VIB-MJ-001","7.758","Spindle Bearing Fault","Bearing race or rolling element fatigue defect","534.48","306.26","1052.12","7.835","2.157","Call received from Carlos Mendez. M01 has been showing progressive vibration increase on spindle bearing sensor P004 over the past 2 weeks — operator noticed noise change but kept running. Now at 7.83 mm/s RMS, alarm VIB-MJ-001 active. Customer asks if bearing can be replaced on-site or if spindle needs to go to depot. Machine hours: approx 3698h on current bearing set. Last grease service: 13 months ago.","Chen, L.","Lee, S. (FE-12)","Remote diagnostic: retrieved vibration data for run_id M01_Feb_2019_SYN_046. Spindle bearing vibration P004 = 7.83 mm/s (ISO Zone B). Kurtosis P064 = 2.2 — defect frequency component confirmed at BPFO = 180.2 Hz (consistent with outer race spall on 7014 bearing). Machine hours since last grease service: 3698h (OEM limit: 4,000h). Bearing replacement recommended. Error code VIB-MJ-001 confirmed CRITICAL/MAJOR — correct action taken by PLC.","Spindle sent to depot for full rebuild (grease repack + runout check). Loaner spindle installed — job EIQ-LOAN-195. Rebuilt spindle returned and installed 5 business days later. Post-installation vibration: P004 = 2.17 mm/s. All axes re-qualified. Customer down-time: 81 hours. RMA raised for spindle core: RMA-11410.","YES","RMA-11410","BEARING_RETURN","Defective spindle bearing set returned for failure analysis","Failure analysis at EquipmentIQ bearing lab. Confirmed outer race spall — fatigue failure consistent with service beyond recommended interval. No manufacturing defect.","NO","227","1.9","YES","VIB-MJ-001","","synthetic_extension"
"CMP-SYN-2047","CLOSED","P4-LOW","15 Feb 2019 11:00","20 Feb 2019 05:00","44","CUST-008","Atlantic Precision Group","Jennifer Walsh","(617) 555-0834","jwalsh@atlanticprecision.com","Boston, MA","GOLD","M01","EIQ-M01-2019-8473","VMC-3000","OP08","Slot Milling","","tool_wear","VIB-MD-001","4.415","Tool Wear","Progressive cutting edge wear beyond service life","265.74","228.38","928.85","6.245","14.112","Inbound call from Jennifer Walsh at Atlantic Precision Group. Reports intermittent spindle load spikes on M01 over the past 3 shifts. Error VIB-MD-001 appearing 4–6 times per shift, machine not stopping but operator applying feed override down to 70%. Surface finish on aluminium parts showing chatter marks. Customer believes tool is worn but wants confirmation before scrapping tooling. Last PM was 11 weeks ago.","Novak, P.","Torres, R. (FE-09)","Remote diagnostic session conducted with Novak, P.. Reviewed P002 spindle load trend via OPC-UA historian — clear monotonic increase over prior 50 cycles consistent with progressive flank wear. NDCG feature trend confirms tool_wear classification. Kurtosis P064 = 14.1 (normal range 2.5–5.0). Recommended immediate tool replacement. Advised customer to calibrate tool life counter to actual tool life rather than theoretical. No machine fault — tooling and process issue. Error code VIB-MD-001 confirmed appropriate.","Tool T26 replaced with new insert grade IC900 (customer's standard). Tool life counter reset to 0. Coolant concentration checked and adjusted to 9% (from 6.1%). First-off part inspected: dimensions within tolerance, surface finish Ra 0.8 μm achieved. Production resumed. Customer advised to increase tool change frequency by 20% for this material/operation combination and to check coolant concentration weekly. No chargeable service.","NO","","","","","","0","1.9","NO","VIB-MD-001","","synthetic_extension"
"CMP-SYN-2048","ESCALATED","P4-LOW","13 Feb 2019 19:00","","","CUST-009","Heartland CNC Services","Tom Hartley","(515) 555-0912","thartley@heartlandcnc.com","Des Moines, IA","STANDARD","M03","EIQ-M03-2019-1959","VMC-3000","OP07","Profile Milling","","tool_wear","SPN-WN-001","7.011","Tool Wear","Progressive cutting edge wear beyond service life","323.05","353.95","1006.35","3.92","3.721","Inbound call from Tom Hartley at Heartland CNC Services. Reports intermittent spindle load spikes on M03 over the past 3 shifts. Error SPN-WN-001 appearing 4–6 times per shift, machine not stopping but operator applying feed override down to 70%. Surface finish on aluminium parts showing chatter marks. Customer believes tool is worn but wants confirmation before scrapping tooling. Last PM was 14 weeks ago.","Williams, S.","Mbeki, J. (FE-03)","Remote diagnostic session conducted with Williams, S.. Reviewed P002 spindle load trend via OPC-UA historian — clear monotonic increase over prior 50 cycles consistent with progressive flank wear. NDCG feature trend confirms tool_wear classification. Kurtosis P064 = 3.7 (normal range 2.5–5.0). Recommended immediate tool replacement. Advised customer to calibrate tool life counter to actual tool life rather than theoretical. No machine fault — tooling and process issue. Error code SPN-WN-001 confirmed appropriate.","Tool T17 replaced with new insert grade IC900 (customer's standard). Tool life counter reset to 0. Coolant concentration checked and adjusted to 9% (from 5.3%). First-off part inspected: dimensions within tolerance, surface finish Ra 0.8 μm achieved. Production resumed. Customer advised to increase tool change frequency by 20% for this material/operation combination and to check coolant concentration weekly. No chargeable service.","NO","","","","","","0","3.6","YES","SPN-WN-001","","synthetic_extension"
"CMP-SYN-2049","IN_PROGRESS","P2-HIGH","21 Aug 2021 15:00","","","CUST-010","Mountain West Machining LLC","Janet Fujimoto","(303) 555-1034","jfujimoto@mwmach.com","Denver, CO","SILVER","M02","EIQ-M02-2021-6921","VMC-3000","OP07","Profile Milling","","tool_wear","SPN-MJ-003","6.239","Tool Wear","Progressive cutting edge wear beyond service life","275.39","183.26","1183.31","6.577","6.421","Customer Mountain West Machining LLC called — M02 threw hard alarm SPN-MJ-003 mid-program during Profile Milling. Spindle load P002 peaked at 2.75% before drive tripped. Tool T21 found broken in spindle bore — approx 40mm of flute snapped. Last good part passed inspection; current part scrapped. Customer asking about warranty on tooling and whether machine caused the breakage or vice versa.","Rodriguez, M.","","Field engineer Jackson, T. (FE-07) attended site 1 business days after initial call. Inspection findings: tool T21 showed severe flank wear on 2 of 4 flutes, corner radius worn to near-zero. Chip formation analysis: short, powdery chips consistent with rubbing rather than cutting. Coolant concentration measured at 5.6% (low — should be 8–10%); low concentration accelerating wear. Ball screw and guides inspected — nominal. No machine defect identified.","Recommended process change: implement tool condition monitoring via spindle load P002 trending. Set adaptive alarm at +25% above baseline load for each operation. Customer's process engineer will configure alarm thresholds in next maintenance window. No machine parts replaced. Case closed.","NO","","","","","","0","6.4","YES","SPN-MJ-003","","synthetic_extension"
"CMP-SYN-2050","IN_PROGRESS","P3-MEDIUM","17 Feb 2020 18:00","","","CUST-001","Precision Parts Midwest LLC","Dave Kowalski","(312) 555-0142","dkowalski@precisionmidwest.com","Chicago, IL","GOLD","M01","EIQ-M01-2020-4654","VMC-3000","OP09","Chamfering","","chatter_vibration","VIB-SR-001","3.01","Chatter Vibration","Regenerative chatter — process outside stability lobe","466.89","284.54","851.91","3.066","6.894","Inbound from Dave Kowalski at Precision Parts Midwest LLC. M01 exhibiting strong vibration during Chamfering — alarm VIB-SR-001. Vibration visible on parts and audible in shop. Machine did not auto-stop but part is clearly scrap. Customer suspects fixture loosening. Asked us to confirm if vibration profile matches bearing issue or chatter. X-axis RMS reading 3.07 mm/s at time of alarm.","Chen, L.","Jackson, T. (FE-07)","Technical investigation by Chen, L.. Reviewed vibration data — dominant frequency at 102 Hz matches spindle speed 2000 RPM × 5 teeth (tooth-passing frequency). Stability lobe diagram analysis indicates current operating point is in unstable region. Recommended spindle speed adjustment to 1800 RPM (+200 RPM shift) to move to adjacent stable lobe. Customer tested recommendation — chatter eliminated. Root cause: process parameter selection, not machine defect. Error code VIB-SR-001 appropriate for the vibration level detected.","Variable pitch tooling (4-flute, pitch 30/32/34/36°) recommended and sourced by customer. New toolholder balanced to G2.5 at 12,000 RPM. Re-test with new tooling: chatter eliminated, Ra improved to 0.5 μm. Machine in good condition. Closed — no charge.","NO","","","","","","0","2.4","NO","VIB-SR-001","","synthetic_extension"
"CMP-SYN-2051","CLOSED","P4-LOW","11 Feb 2019 11:00","13 Feb 2019 20:00","66","CUST-002","AeroMach Industries","Sandra Okonkwo","(714) 555-0287","sokonkwo@aeromach.com","Anaheim, CA","PLATINUM","M02","EIQ-M02-2019-8878","VMC-3000","OP11","Surface Finishing","","tool_wear","SPN-MN-001","5.418","Tool Wear","Progressive cutting edge wear beyond service life","205.54","339.75","1041.42","4.848","17.531","Customer AeroMach Industries called — M02 threw hard alarm SPN-MN-001 mid-program during Surface Finishing. Spindle load P002 peaked at 2.06% before drive tripped. Tool T24 found broken in spindle bore — approx 40mm of flute snapped. Last good part passed inspection; current part scrapped. Customer asking about warranty on tooling and whether machine caused the breakage or vice versa.","Petrov, A.","Jackson, T. (FE-07)","Field engineer Jackson, T. (FE-07) attended site 3 business days after initial call. Inspection findings: tool T24 showed severe flank wear on 2 of 4 flutes, corner radius worn to near-zero. Chip formation analysis: short, powdery chips consistent with rubbing rather than cutting. Coolant concentration measured at 5.1% (low — should be 8–10%); low concentration accelerating wear. Ball screw and guides inspected — nominal. No machine defect identified.","No machine repair required. Customer coaching on tool life management completed by Jackson, T. (FE-07). Provided updated tooling recommendation for Surface Finishing on aluminium: increase feed rate by 10%, reduce depth of cut by 15%, change tool grade to uncoated carbide. New parameters tested and validated. Surface finish improved to Ra 0.6 μm. Case closed — no charge under GOLD service contract.","NO","","","","","","0","4.7","NO","SPN-MN-001","","synthetic_extension"
"CMP-SYN-2052","PENDING_PARTS","P2-HIGH","10 Aug 2019 13:00","","","CUST-003","Lone Star Machining Co.","Billy Ray Tanner","(214) 555-0391","brtanner@lonestarmach.com","Dallas, TX","SILVER","M03","EIQ-M03-2019-1476","VMC-3000","OP06","Boring Operation","","chatter_vibration","SPN-MJ-004","6.52","Chatter Vibration","Regenerative chatter — process outside stability lobe","551.93","142.26","1153.28","3.035","8.894","Inbound from Billy Ray Tanner at Lone Star Machining Co.. M03 exhibiting strong vibration during Boring Operation — alarm SPN-MJ-004. Vibration visible on parts and audible in shop. Machine did not auto-stop but part is clearly scrap. Customer suspects fixture loosening. Asked us to confirm if vibration profile matches bearing issue or chatter. X-axis RMS reading 3.04 mm/s at time of alarm.","Rodriguez, M.","Mbeki, J. (FE-03)","Technical investigation by Rodriguez, M.. Reviewed vibration data — dominant frequency at 298 Hz matches spindle speed 5000 RPM × 4 teeth (tooth-passing frequency). Stability lobe diagram analysis indicates current operating point is in unstable region. Recommended spindle speed adjustment to 4700 RPM (+300 RPM shift) to move to adjacent stable lobe. Customer tested recommendation — chatter eliminated. Root cause: process parameter selection, not machine defect. Error code SPN-MJ-004 appropriate for the vibration level detected.","Variable pitch tooling (4-flute, pitch 30/32/34/36°) recommended and sourced by customer. New toolholder balanced to G2.5 at 12,000 RPM. Re-test with new tooling: chatter eliminated, Ra improved to 0.6 μm. Machine in good condition. Closed — no charge.","NO","","","","","","0","3.3","YES","SPN-MJ-004","","synthetic_extension"
"CMP-SYN-2053","CLOSED","P4-LOW","25 Aug 2021 06:00","31 Aug 2021 15:00","36","CUST-004","Great Lakes Tool & Die","Marie Johansson","(313) 555-0448","mjohansson@gltd.com","Detroit, MI","GOLD","M03","EIQ-M03-2021-9121","VMC-3000","OP02","Contour Milling","","tool_wear","SPN-MN-001","7.399","Tool Wear","Progressive cutting edge wear beyond service life","340.68","323.16","1189.64","5.226","13.61","Customer Great Lakes Tool & Die called — M03 threw hard alarm SPN-MN-001 mid-program during Contour Milling. Spindle load P002 peaked at 3.41% before drive tripped. Tool T6 found broken in spindle bore — approx 40mm of flute snapped. Last good part passed inspection; current part scrapped. Customer asking about warranty on tooling and whether machine caused the breakage or vice versa.","Okafor, D.","Torres, R. (FE-09)","Remote diagnostic session conducted with Okafor, D.. Reviewed P002 spindle load trend via OPC-UA historian — clear monotonic increase over prior 50 cycles consistent with progressive flank wear. NDCG feature trend confirms tool_wear classification. Kurtosis P064 = 13.6 (normal range 2.5–5.0). Recommended immediate tool replacement. Advised customer to calibrate tool life counter to actual tool life rather than theoretical. No machine fault — tooling and process issue. Error code SPN-MN-001 confirmed appropriate.","No machine repair required. Customer coaching on tool life management completed by Torres, R. (FE-09). Provided updated tooling recommendation for Contour Milling on aluminium: increase feed rate by 10%, reduce depth of cut by 15%, change tool grade to uncoated carbide. New parameters tested and validated. Surface finish improved to Ra 0.6 μm. Case closed — no charge under GOLD service contract.","NO","","","","","","0","4.0","NO","SPN-MN-001","","synthetic_extension"
"CMP-SYN-2054","CLOSED","P4-LOW","16 Feb 2021 13:00","20 Feb 2021 23:00","16","CUST-005","Pacific Rim Precision","Kevin Tanaka","(206) 555-0512","ktanaka@pacrimprec.com","Seattle, WA","PLATINUM","M01","EIQ-M01-2021-5847","VMC-3000","OP01","Face Milling","","tool_wear","VIB-MD-001","3.162","Tool Wear","Progressive cutting edge wear beyond service life","276.12","360.74","1005.68","4.916","16.234","Inbound call from Kevin Tanaka at Pacific Rim Precision. Reports intermittent spindle load spikes on M01 over the past 3 shifts. Error VIB-MD-001 appearing 4–6 times per shift, machine not stopping but operator applying feed override down to 70%. Surface finish on aluminium parts showing chatter marks. Customer believes tool is worn but wants confirmation before scrapping tooling. Last PM was 3 weeks ago.","Petrov, A.","Jackson, T. (FE-07)","Field engineer Jackson, T. (FE-07) attended site 5 business days after initial call. Inspection findings: tool T6 showed severe flank wear on 2 of 4 flutes, corner radius worn to near-zero. Chip formation analysis: short, powdery chips consistent with rubbing rather than cutting. Coolant concentration measured at 6.1% (low — should be 8–10%); low concentration accelerating wear. Ball screw and guides inspected — nominal. No machine defect identified.","Recommended process change: implement tool condition monitoring via spindle load P002 trending. Set adaptive alarm at +25% above baseline load for each operation. Customer's process engineer will configure alarm thresholds in next maintenance window. No machine parts replaced. Case closed.","NO","","","","","","0","2.2","NO","VIB-MD-001","","synthetic_extension"
"CMP-SYN-2055","CLOSED","P3-MEDIUM","02 Feb 2019 21:00","07 Feb 2019 05:00","9","CUST-006","Appalachian Machine Works","Bobby Hicks","(423) 555-0667","bhicks@appmach.com","Knoxville, TN","STANDARD","M03","EIQ-M03-2019-6036","VMC-3000","OP02","Contour Milling","","tool_wear","SPN-SR-001","2.603","Tool Wear","Progressive cutting edge wear beyond service life","342.97","340.61","1055.38","5.274","8.527","Inbound call from Bobby Hicks at Appalachian Machine Works. Reports intermittent spindle load spikes on M03 over the past 3 shifts. Error SPN-SR-001 appearing 4–6 times per shift, machine not stopping but operator applying feed override down to 70%. Surface finish on aluminium parts showing chatter marks. Customer believes tool is worn but wants confirmation before scrapping tooling. Last PM was 14 weeks ago.","Rodriguez, M.","","Technical investigation by Rodriguez, M.. Downloaded vibration data from Bosch CISS sensor for run_id M03_Feb_2019_SYN_055. X-axis RMS = 343 (units: ADC counts), crest factor 5.27. Pattern consistent with increased cutting forces from worn tool. Compared against M03 baseline from Aug 2019 — load elevated by 18%. No bearing defect frequency components detected in spectrum. Root cause confirmed: tool wear beyond service life. No warranty claim applicable.","No machine repair required. Customer coaching on tool life management completed by Jackson, T. (FE-07). Provided updated tooling recommendation for Contour Milling on aluminium: increase feed rate by 10%, reduce depth of cut by 15%, change tool grade to uncoated carbide. New parameters tested and validated. Surface finish improved to Ra 0.6 μm. Case closed — no charge under GOLD service contract.","NO","","","","","","0","6.3","YES","SPN-SR-001","","synthetic_extension"
"CMP-SYN-2056","PENDING_PARTS","P2-HIGH","25 Aug 2021 21:00","","","CUST-007","Rio Grande Manufacturing","Carlos Mendez","(505) 555-0723","cmendez@riograndemfg.com","Albuquerque, NM","SILVER","M01","EIQ-M01-2021-4037","VMC-3000","OP00","Workpiece Loading","","actuator_fault","TCS-MJ-001","7.92","Actuator Fault","Mechanical or electrical actuator failure","484.32","136.55","847.31","4.628","2.438","Call from Carlos Mendez at Rio Grande Manufacturing. M01 hydraulic system alarm TCS-MJ-001. Clamping fixture not releasing correctly — workpiece stuck in fixture. Hydraulic pressure P050 reading 4.63 bar. Customer manually bled hydraulic circuit but pressure not recovering. Machine S/N EIQ-M01-2021-4037.","Rodriguez, M.","Brennan, K. (FE-15)","Investigation Rodriguez, M.. Hydraulic pressure trend for M01 shows gradual decay from 72 bar to 5 bar over 3 weeks — internal leak in pressure relief valve (RV1) allowing bypass. Relief valve inspected: seat worn, allowing 3.3 L/min internal bypass at nominal pressure. Relief valve replaced — pressure restored to 71 bar. Clamping function tested: all 4 fixture stations confirmed >55 bar clamp pressure. Error code TCS-MJ-001 triggered correctly.","SSV lube distributor block replaced (PN: EIQ-LUB-SSV-6). Ball screw backlash compensation parameter adjusted from 0.003 to 0.006 mm. Lubrication system primed and verified — all 18 lube points confirmed receiving oil. Following error P016 re-tested: max 0.008 mm on rapid traverse — within specification. Machine re-qualified. Parts cost: $445. Labour: 2.3 h.","NO","","","","","","445","2.3","YES","TCS-MJ-001","","synthetic_extension"
"CMP-SYN-2057","CLOSED","P1-CRITICAL","03 Aug 2019 18:00","11 Aug 2019 07:00","27","CUST-008","Atlantic Precision Group","Jennifer Walsh","(617) 555-0834","jwalsh@atlanticprecision.com","Boston, MA","GOLD","M01","EIQ-M01-2019-9534","VMC-3000","OP12","Tool Change","","actuator_fault","LUB-CR-001","6.079","Actuator Fault","Mechanical or electrical actuator failure","282.38","286.36","940.07","7.368","15.866","Call from Jennifer Walsh at Atlantic Precision Group. M01 hydraulic system alarm LUB-CR-001. Clamping fixture not releasing correctly — workpiece stuck in fixture. Hydraulic pressure P050 reading 7.37 bar. Customer manually bled hydraulic circuit but pressure not recovering. Machine S/N EIQ-M01-2019-9534.","Novak, P.","Brennan, K. (FE-15)","Investigation Novak, P.. Hydraulic pressure trend for M01 shows gradual decay from 72 bar to 7 bar over 3 weeks — internal leak in pressure relief valve (RV1) allowing bypass. Relief valve inspected: seat worn, allowing 1.8 L/min internal bypass at nominal pressure. Relief valve replaced — pressure restored to 71 bar. Clamping function tested: all 4 fixture stations confirmed >55 bar clamp pressure. Error code LUB-CR-001 triggered correctly.","ATC arm proximity sensor SW-ATC-MID re-adjusted and bracket re-secured. 20 ATC cycle test conducted without fault. Customer maintenance team advised to include sensor mounting check in quarterly PM. No parts replaced. Labour: 0.5 h (covered under GOLD contract).","NO","","","","","","665","2.8","NO","LUB-CR-001","","synthetic_extension"
"CMP-SYN-2058","ESCALATED","P1-CRITICAL","09 Aug 2021 09:00","","","CUST-009","Heartland CNC Services","Tom Hartley","(515) 555-0912","thartley@heartlandcnc.com","Des Moines, IA","STANDARD","M03","EIQ-M03-2021-4690","VMC-3000","OP14","Spindle Run Test","","actuator_fault","AXS-CR-001","7.429","Actuator Fault","Mechanical or electrical actuator failure","302.51","284.84","1106.53","6.936","13.273","Call from Tom Hartley at Heartland CNC Services. M03 hydraulic system alarm AXS-CR-001. Clamping fixture not releasing correctly — workpiece stuck in fixture. Hydraulic pressure P050 reading 6.94 bar. Customer manually bled hydraulic circuit but pressure not recovering. Machine S/N EIQ-M03-2021-4690.","Kumar, R.","Lee, S. (FE-12)","Investigation Kumar, R.. Hydraulic pressure trend for M03 shows gradual decay from 72 bar to 7 bar over 3 weeks — internal leak in pressure relief valve (RV1) allowing bypass. Relief valve inspected: seat worn, allowing 3.9 L/min internal bypass at nominal pressure. Relief valve replaced — pressure restored to 71 bar. Clamping function tested: all 4 fixture stations confirmed >55 bar clamp pressure. Error code AXS-CR-001 triggered correctly.","ATC arm proximity sensor SW-ATC-MID re-adjusted and bracket re-secured. 20 ATC cycle test conducted without fault. Customer maintenance team advised to include sensor mounting check in quarterly PM. No parts replaced. Labour: 0.5 h (covered under GOLD contract).","YES","RMA-94622","VALVE_WARRANTY","Hydraulic relief valve returned — premature internal seat wear","Valve inspected — seat wear confirmed at 11 months in service. Within 12-month warranty. Replacement valve issued.","YES","406","4.2","YES","AXS-CR-001","","synthetic_extension"
"CMP-SYN-2059","ESCALATED","P4-LOW","09 Aug 2021 22:00","","","CUST-010","Mountain West Machining LLC","Janet Fujimoto","(303) 555-1034","jfujimoto@mwmach.com","Denver, CO","SILVER","M01","EIQ-M01-2021-3859","VMC-3000","OP02","Contour Milling","","tool_wear","SPN-WN-001","3.722","Tool Wear","Progressive cutting edge wear beyond service life","446.82","120.11","854.43","7.456","7.291","Customer called reporting elevated spindle load alarms on M01 during Contour Milling operation. Operator noticed surface finish degradation on last 8–12 parts before alarm triggered. Machine displaying SPN-WN-001 with spindle load P002 reading 4.47%. Customer states tool was at approximately 79% of programmed tool life. Production halted on affected spindle. Customer requesting priority callback from field support. Machine M/N VMC-3000, S/N EIQ-M01-2021-3859. Current shift supervisor: Janet Fujimoto.","Novak, P.","Mbeki, J. (FE-03)","Field engineer Mbeki, J. (FE-03) attended site 1 business days after initial call. Inspection findings: tool T8 showed severe flank wear on 2 of 4 flutes, corner radius worn to near-zero. Chip formation analysis: short, powdery chips consistent with rubbing rather than cutting. Coolant concentration measured at 6.2% (low — should be 8–10%); low concentration accelerating wear. Ball screw and guides inspected — nominal. No machine defect identified.","Tool T8 replaced with new insert grade IC900 (customer's standard). Tool life counter reset to 0. Coolant concentration checked and adjusted to 9% (from 6.2%). First-off part inspected: dimensions within tolerance, surface finish Ra 0.8 μm achieved. Production resumed. Customer advised to increase tool change frequency by 20% for this material/operation combination and to check coolant concentration weekly. No chargeable service.","NO","","","","","","0","3.9","YES","SPN-WN-001","","synthetic_extension"
"CMP-SYN-2060","CLOSED","P3-MEDIUM","10 Feb 2019 19:00","14 Feb 2019 03:00","20","CUST-001","Precision Parts Midwest LLC","Dave Kowalski","(312) 555-0142","dkowalski@precisionmidwest.com","Chicago, IL","GOLD","M02","EIQ-M02-2019-5256","VMC-3000","OP11","Surface Finishing","","tool_wear","SPN-SR-001","5.664","Tool Wear","Progressive cutting edge wear beyond service life","523.88","218.16","1125.45","4.735","12.571","Customer called reporting elevated spindle load alarms on M02 during Surface Finishing operation. Operator noticed surface finish degradation on last 8–12 parts before alarm triggered. Machine displaying SPN-SR-001 with spindle load P002 reading 5.24%. Customer states tool was at approximately 84% of programmed tool life. Production halted on affected spindle. Customer requesting priority callback from field support. Machine M/N VMC-3000, S/N EIQ-M02-2019-5256. Current shift supervisor: Dave Kowalski.","Kumar, R.","Torres, R. (FE-09)","Technical investigation by Kumar, R.. Downloaded vibration data from Bosch CISS sensor for run_id M02_Feb_2019_SYN_060. X-axis RMS = 524 (units: ADC counts), crest factor 4.74. Pattern consistent with increased cutting forces from worn tool. Compared against M02 baseline from Aug 2019 — load elevated by 44%. No bearing defect frequency components detected in spectrum. Root cause confirmed: tool wear beyond service life. No warranty claim applicable.","Tool T28 replaced with new insert grade IC900 (customer's standard). Tool life counter reset to 0. Coolant concentration checked and adjusted to 9% (from 6.2%). First-off part inspected: dimensions within tolerance, surface finish Ra 0.8 μm achieved. Production resumed. Customer advised to increase tool change frequency by 20% for this material/operation combination and to check coolant concentration weekly. No chargeable service.","NO","","","","","","0","3.4","NO","SPN-SR-001","","synthetic_extension"
"CMP-SYN-2061","IN_PROGRESS","P1-CRITICAL","11 Aug 2019 16:00","","","CUST-002","AeroMach Industries","Sandra Okonkwo","(714) 555-0287","sokonkwo@aeromach.com","Anaheim, CA","PLATINUM","M01","EIQ-M01-2019-9877","VMC-3000","OP05","Thread Tapping","","spindle_bearing_fault","SPN-CR-001","3.52","Spindle Bearing Fault","Bearing race or rolling element fatigue defect","520.12","171.05","958.19","6.989","6.417","Call received from Sandra Okonkwo. M01 has been showing progressive vibration increase on spindle bearing sensor P004 over the past 2 weeks — operator noticed noise change but kept running. Now at 6.99 mm/s RMS, alarm SPN-CR-001 active. Customer asks if bearing can be replaced on-site or if spindle needs to go to depot. Machine hours: approx 1930h on current bearing set. Last grease service: 4 months ago.","Petrov, A.","Mbeki, J. (FE-03)","Investigation by Petrov, A.. Pulled Bosch CISS historical data for M01 OP05. Crest factor trend showed gradual increase from 3.2 to 7.0 over 90 days before alarm. Kurtosis crossed early-warning threshold (8.0) approximately 5 days before customer called — alarm SPN-SR-003 was generated but apparently not actioned by customer maintenance team. Investigation highlights need for customer to review alarm log regularly. Machine performed as designed.","Spindle cooling fan motor replaced (PN: EIQ-SPN-FAN-200L). Air filter cleaned — found 60% blocked. Post-repair spindle temperature P003 running at 55°C vs. 72°C pre-repair. Machine re-qualified. Advised customer to add fan inspection to monthly PM checklist. No charge under PLATINUM service contract.","YES","RMA-75547","VALVE_WARRANTY","Hydraulic relief valve returned — premature internal seat wear","Valve inspected — seat wear confirmed at 11 months in service. Within 12-month warranty. Replacement valve issued.","YES","650","2.0","NO","SPN-CR-001","","synthetic_extension"
"CMP-SYN-2062","PENDING_PARTS","P1-CRITICAL","22 Feb 2021 18:00","","","CUST-003","Lone Star Machining Co.","Billy Ray Tanner","(214) 555-0391","brtanner@lonestarmach.com","Dallas, TX","SILVER","M01","EIQ-M01-2021-8232","VMC-3000","OP14","Spindle Run Test","","actuator_fault","LUB-CR-001","6.671","Actuator Fault","Mechanical or electrical actuator failure","352.31","250.33","861.43","4.008","17.357","Call from Billy Ray Tanner at Lone Star Machining Co.. M01 hydraulic system alarm LUB-CR-001. Clamping fixture not releasing correctly — workpiece stuck in fixture. Hydraulic pressure P050 reading 4.01 bar. Customer manually bled hydraulic circuit but pressure not recovering. Machine S/N EIQ-M01-2021-8232.","Williams, S.","Brennan, K. (FE-15)","Emergency remote diagnostic by Williams, S.. ATC arm position log shows arm stopped at 23° of 90° swing — proximity sensor SW-ATC-MID not triggering. Customer technician guided to manually rotate ATC arm to home using maintenance jog mode. Sensor adjusted — fretting of mounting bracket caused sensor to drift out of range. ATC tested 20 cycles without recurrence. No parts required. Error LUB-CR-001 correctly triggered machine stop to prevent collision.","SSV lube distributor block replaced (PN: EIQ-LUB-SSV-6). Ball screw backlash compensation parameter adjusted from 0.003 to 0.006 mm. Lubrication system primed and verified — all 18 lube points confirmed receiving oil. Following error P016 re-tested: max 0.008 mm on rapid traverse — within specification. Machine re-qualified. Parts cost: $233. Labour: 3.9 h.","NO","","","","","","233","3.9","YES","LUB-CR-001","","synthetic_extension"
"CMP-SYN-2063","IN_PROGRESS","P2-HIGH","16 Aug 2020 12:00","","","CUST-004","Great Lakes Tool & Die","Marie Johansson","(313) 555-0448","mjohansson@gltd.com","Detroit, MI","GOLD","M02","EIQ-M02-2020-4419","VMC-3000","OP11","Surface Finishing","","tool_wear","SPN-MJ-003","4.068","Tool Wear","Progressive cutting edge wear beyond service life","464.7","319.01","1126.36","3.221","14.844","Customer Great Lakes Tool & Die called — M02 threw hard alarm SPN-MJ-003 mid-program during Surface Finishing. Spindle load P002 peaked at 4.65% before drive tripped. Tool T10 found broken in spindle bore — approx 40mm of flute snapped. Last good part passed inspection; current part scrapped. Customer asking about warranty on tooling and whether machine caused the breakage or vice versa.","Novak, P.","","Remote diagnostic session conducted with Novak, P.. Reviewed P002 spindle load trend via OPC-UA historian — clear monotonic increase over prior 50 cycles consistent with progressive flank wear. NDCG feature trend confirms tool_wear classification. Kurtosis P064 = 14.8 (normal range 2.5–5.0). Recommended immediate tool replacement. Advised customer to calibrate tool life counter to actual tool life rather than theoretical. No machine fault — tooling and process issue. Error code SPN-MJ-003 confirmed appropriate.","No machine repair required. Customer coaching on tool life management completed by Lee, S. (FE-12). Provided updated tooling recommendation for Surface Finishing on aluminium: increase feed rate by 10%, reduce depth of cut by 15%, change tool grade to uncoated carbide. New parameters tested and validated. Surface finish improved to Ra 0.6 μm. Case closed — no charge under GOLD service contract.","NO","","","","","","0","4.0","NO","SPN-MJ-003","","synthetic_extension"
"CMP-SYN-2064","CLOSED","P1-CRITICAL","09 Aug 2019 13:00","16 Aug 2019 22:00","33","CUST-005","Pacific Rim Precision","Kevin Tanaka","(206) 555-0512","ktanaka@pacrimprec.com","Seattle, WA","PLATINUM","M03","EIQ-M03-2019-9998","VMC-3000","OP14","Spindle Run Test","","actuator_fault","AXS-CR-001","7.804","Actuator Fault","Mechanical or electrical actuator failure","494.54","220.59","800.47","5.543","11.579","URGENT — Pacific Rim Precision reporting M03 stuck in tool change. ATC arm stopped mid-swing, alarm AXS-CR-001 active. Machine cannot be reset — arm is blocking spindle access. Production line stopped. Customer has 14 people waiting. Contact: Kevin Tanaka, phone: (206) 555-0512. Machine S/N EIQ-M03-2019-9998. Requesting immediate escalation to field support.","Williams, S.","Brennan, K. (FE-15)","Investigation Williams, S.. Hydraulic pressure trend for M03 shows gradual decay from 72 bar to 6 bar over 3 weeks — internal leak in pressure relief valve (RV1) allowing bypass. Relief valve inspected: seat worn, allowing 3.4 L/min internal bypass at nominal pressure. Relief valve replaced — pressure restored to 71 bar. Clamping function tested: all 4 fixture stations confirmed >55 bar clamp pressure. Error code AXS-CR-001 triggered correctly.","ATC arm proximity sensor SW-ATC-MID re-adjusted and bracket re-secured. 20 ATC cycle test conducted without fault. Customer maintenance team advised to include sensor mounting check in quarterly PM. No parts replaced. Labour: 0.5 h (covered under GOLD contract).","YES","RMA-51225","DRIVE_WARRANTY","Servo drive returned under warranty claim — internal IGBT failure","Drive tested at factory — confirmed IGBT module failure. Within 24-month warranty period. Full replacement issued at no charge.","YES","691","5.7","NO","AXS-CR-001","","synthetic_extension"
"CMP-SYN-2065","ESCALATED","P4-LOW","14 Aug 2019 07:00","","","CUST-006","Appalachian Machine Works","Bobby Hicks","(423) 555-0667","bhicks@appmach.com","Knoxville, TN","STANDARD","M03","EIQ-M03-2019-1282","VMC-3000","OP02","Contour Milling","","tool_wear","SPN-WN-001","6.755","Tool Wear","Progressive cutting edge wear beyond service life","303.88","187.54","821.15","3.55","17.401","Customer Appalachian Machine Works called — M03 threw hard alarm SPN-WN-001 mid-program during Contour Milling. Spindle load P002 peaked at 3.04% before drive tripped. Tool T21 found broken in spindle bore — approx 40mm of flute snapped. Last good part passed inspection; current part scrapped. Customer asking about warranty on tooling and whether machine caused the breakage or vice versa.","Kumar, R.","","Technical investigation by Kumar, R.. Downloaded vibration data from Bosch CISS sensor for run_id M03_Aug_2019_SYN_065. X-axis RMS = 304 (units: ADC counts), crest factor 3.55. Pattern consistent with increased cutting forces from worn tool. Compared against M03 baseline from Aug 2019 — load elevated by 33%. No bearing defect frequency components detected in spectrum. Root cause confirmed: tool wear beyond service life. No warranty claim applicable.","Tool T21 replaced with new insert grade IC900 (customer's standard). Tool life counter reset to 0. Coolant concentration checked and adjusted to 9% (from 6.2%). First-off part inspected: dimensions within tolerance, surface finish Ra 0.8 μm achieved. Production resumed. Customer advised to increase tool change frequency by 20% for this material/operation combination and to check coolant concentration weekly. No chargeable service.","NO","","","","","","0","1.9","YES","SPN-WN-001","","synthetic_extension"
"CMP-SYN-2066","PENDING_PARTS","P1-CRITICAL","12 Aug 2019 19:00","","","CUST-007","Rio Grande Manufacturing","Carlos Mendez","(505) 555-0723","cmendez@riograndemfg.com","Albuquerque, NM","SILVER","M03","EIQ-M03-2019-2451","VMC-3000","OP10","Reaming","","spindle_bearing_fault","SPN-CR-001","3.956","Spindle Bearing Fault","Bearing race or rolling element fatigue defect","506.32","388.47","854.37","6.167","4.658","Rio Grande Manufacturing reporting M03 spindle temperature P003 running high at 6.17°C. Spindle cooling fan appears to be making intermittent noise — possibly bearing in fan motor. Alarm SPN-CR-001 active. Customer asking if they can continue running at reduced spindle speed while awaiting parts. Current part schedule is critical path.","Rodriguez, M.","Brennan, K. (FE-15)","Remote diagnostic: retrieved vibration data for run_id M03_Aug_2019_SYN_066. Spindle bearing vibration P004 = 6.17 mm/s (ISO Zone C). Kurtosis P064 = 4.7 — defect frequency component confirmed at BPFO = 137.5 Hz (consistent with outer race spall on 7014 bearing). Machine hours since last grease service: 1231h (OEM limit: 4,000h). Bearing replacement recommended. Error code SPN-CR-001 confirmed CRITICAL/MAJOR — correct action taken by PLC.","Spindle sent to depot for full rebuild (grease repack + runout check). Loaner spindle installed — job EIQ-LOAN-999. Rebuilt spindle returned and installed 8 business days later. Post-installation vibration: P004 = 2.02 mm/s. All axes re-qualified. Customer down-time: 50 hours. RMA raised for spindle core: RMA-64520.","YES","RMA-64520","VALVE_WARRANTY","Hydraulic relief valve returned — premature internal seat wear","Valve inspected — seat wear confirmed at 11 months in service. Within 12-month warranty. Replacement valve issued.","YES","338","5.8","YES","SPN-CR-001","","synthetic_extension"
"CMP-SYN-2067","ESCALATED","P2-HIGH","09 Feb 2021 22:00","","","CUST-008","Atlantic Precision Group","Jennifer Walsh","(617) 555-0834","jwalsh@atlanticprecision.com","Boston, MA","GOLD","M03","EIQ-M03-2021-4082","VMC-3000","OP07","Profile Milling","","tool_wear","SPN-MJ-003","3.621","Tool Wear","Progressive cutting edge wear beyond service life","297.8","228.19","1012.24","4.677","3.325","Customer called reporting elevated spindle load alarms on M03 during Profile Milling operation. Operator noticed surface finish degradation on last 8–12 parts before alarm triggered. Machine displaying SPN-MJ-003 with spindle load P002 reading 2.98%. Customer states tool was at approximately 78% of programmed tool life. Production halted on affected spindle. Customer requesting priority callback from field support. Machine M/N VMC-3000, S/N EIQ-M03-2021-4082. Current shift supervisor: Jennifer Walsh.","Petrov, A.","Lee, S. (FE-12)","Remote diagnostic session conducted with Petrov, A.. Reviewed P002 spindle load trend via OPC-UA historian — clear monotonic increase over prior 50 cycles consistent with progressive flank wear. NDCG feature trend confirms tool_wear classification. Kurtosis P064 = 3.3 (normal range 2.5–5.0). Recommended immediate tool replacement. Advised customer to calibrate tool life counter to actual tool life rather than theoretical. No machine fault — tooling and process issue. Error code SPN-MJ-003 confirmed appropriate.","Tool T10 replaced with new insert grade IC900 (customer's standard). Tool life counter reset to 0. Coolant concentration checked and adjusted to 9% (from 6.0%). First-off part inspected: dimensions within tolerance, surface finish Ra 0.8 μm achieved. Production resumed. Customer advised to increase tool change frequency by 20% for this material/operation combination and to check coolant concentration weekly. No chargeable service.","NO","","","","","","0","4.1","NO","SPN-MJ-003","","synthetic_extension"
"CMP-SYN-2068","ESCALATED","P4-LOW","16 Feb 2020 09:00","","","CUST-009","Heartland CNC Services","Tom Hartley","(515) 555-0912","thartley@heartlandcnc.com","Des Moines, IA","STANDARD","M03","EIQ-M03-2020-8606","VMC-3000","OP02","Contour Milling","","tool_wear","SPN-MN-001","7.5","Tool Wear","Progressive cutting edge wear beyond service life","338.77","193.69","1144.79","3.829","11.559","Inbound call from Tom Hartley at Heartland CNC Services. Reports intermittent spindle load spikes on M03 over the past 3 shifts. Error SPN-MN-001 appearing 4–6 times per shift, machine not stopping but operator applying feed override down to 70%. Surface finish on aluminium parts showing chatter marks. Customer believes tool is worn but wants confirmation before scrapping tooling. Last PM was 9 weeks ago.","Chen, L.","","Field engineer Mbeki, J. (FE-03) attended site 5 business days after initial call. Inspection findings: tool T28 showed severe flank wear on 2 of 4 flutes, corner radius worn to near-zero. Chip formation analysis: short, powdery chips consistent with rubbing rather than cutting. Coolant concentration measured at 4.6% (low — should be 8–10%); low concentration accelerating wear. Ball screw and guides inspected — nominal. No machine defect identified.","No machine repair required. Customer coaching on tool life management completed by Mbeki, J. (FE-03). Provided updated tooling recommendation for Contour Milling on aluminium: increase feed rate by 10%, reduce depth of cut by 15%, change tool grade to uncoated carbide. New parameters tested and validated. Surface finish improved to Ra 0.6 μm. Case closed — no charge under GOLD service contract.","NO","","","","","","0","3.8","YES","SPN-MN-001","","synthetic_extension"
"CMP-SYN-2069","PENDING_PARTS","P1-CRITICAL","24 Aug 2019 12:00","","","CUST-010","Mountain West Machining LLC","Janet Fujimoto","(303) 555-1034","jfujimoto@mwmach.com","Denver, CO","SILVER","M03","EIQ-M03-2019-7565","VMC-3000","OP14","Spindle Run Test","","actuator_fault","AXS-CR-001","6.96","Actuator Fault","Mechanical or electrical actuator failure","258.57","148.7","1190.38","4.515","17.064","Call from Janet Fujimoto at Mountain West Machining LLC. M03 hydraulic system alarm AXS-CR-001. Clamping fixture not releasing correctly — workpiece stuck in fixture. Hydraulic pressure P050 reading 4.51 bar. Customer manually bled hydraulic circuit but pressure not recovering. Machine S/N EIQ-M03-2019-7565.","Petrov, A.","Brennan, K. (FE-15)","Emergency remote diagnostic by Petrov, A.. ATC arm position log shows arm stopped at 23° of 90° swing — proximity sensor SW-ATC-MID not triggering. Customer technician guided to manually rotate ATC arm to home using maintenance jog mode. Sensor adjusted — fretting of mounting bracket caused sensor to drift out of range. ATC tested 20 cycles without recurrence. No parts required. Error AXS-CR-001 correctly triggered machine stop to prevent collision.","SSV lube distributor block replaced (PN: EIQ-LUB-SSV-6). Ball screw backlash compensation parameter adjusted from 0.003 to 0.006 mm. Lubrication system primed and verified — all 18 lube points confirmed receiving oil. Following error P016 re-tested: max 0.008 mm on rapid traverse — within specification. Machine re-qualified. Parts cost: $745. Labour: 6.0 h.","NO","","","","","","745","6.0","YES","AXS-CR-001","","synthetic_extension"
"CMP-SYN-2070","CLOSED","P2-HIGH","24 Aug 2021 19:00","30 Aug 2021 08:00","86","CUST-001","Precision Parts Midwest LLC","Dave Kowalski","(312) 555-0142","dkowalski@precisionmidwest.com","Chicago, IL","GOLD","M01","EIQ-M01-2021-3046","VMC-3000","OP10","Reaming","","spindle_bearing_fault","VIB-MJ-001","3.125","Spindle Bearing Fault","Bearing race or rolling element fatigue defect","379.65","291.44","1062.55","6.797","4.291","Call received from Dave Kowalski. M01 has been showing progressive vibration increase on spindle bearing sensor P004 over the past 2 weeks — operator noticed noise change but kept running. Now at 6.8 mm/s RMS, alarm VIB-MJ-001 active. Customer asks if bearing can be replaced on-site or if spindle needs to go to depot. Machine hours: approx 2933h on current bearing set. Last grease service: 9 months ago.","Kumar, R.","Brennan, K. (FE-15)","Field engineer Brennan, K. (FE-15) attended 2 days after initial call. Removed spindle nose cap and measured bearing temperature with IR thermometer: front bearing at 7°C vs. ambient 22°C — significant. Bearing noise clearly audible on mechanic's stethoscope. Vibration spectrum showed bearing defect frequencies. Bearings removed: front pair (7014 CDBP4) showed outer race spalling on one bearing — approx 8mm arc of pitting. Rear bearing NU1014 in good condition. Root cause: bearing fatigue from operation beyond grease service interval.","Spindle bearing set replaced on-site by Brennan, K. (FE-15). Parts used: 2× 7014 CDBP4 angular contact bearings (PN: EIQ-SPN-BRG-7014, batch BRG-94738), 1× NU1014 rear bearing (PN: EIQ-SPN-BRG-NU1014). Bearings installed with correct preload per EIQ-PROC-SPN-001. Spindle warmed up per SPD-WARMUP-001 (15 min). Acceptance vibration test run: P004 = 1.10 mm/s (Zone A — pass). Machine returned to production. Labour: 3.7 h. Parts charged to customer (bearing set outside warranty — 9 months in service).","YES","RMA-91079","VALVE_WARRANTY","Hydraulic relief valve returned — premature internal seat wear","Valve inspected — seat wear confirmed at 11 months in service. Within 12-month warranty. Replacement valve issued.","YES","399","3.7","NO","VIB-MJ-001","","synthetic_extension"
"CMP-SYN-2071","ESCALATED","P3-MEDIUM","08 Feb 2019 09:00","","","CUST-002","AeroMach Industries","Sandra Okonkwo","(714) 555-0287","sokonkwo@aeromach.com","Anaheim, CA","PLATINUM","M01","EIQ-M01-2019-9100","VMC-3000","OP14","Spindle Run Test","","spindle_bearing_fault","SPN-SR-003","5.441","Spindle Bearing Fault","Bearing race or rolling element fatigue defect","210.77","116.97","1040.03","7.939","15.507","Call received from Sandra Okonkwo. M01 has been showing progressive vibration increase on spindle bearing sensor P004 over the past 2 weeks — operator noticed noise change but kept running. Now at 7.94 mm/s RMS, alarm SPN-SR-003 active. Customer asks if bearing can be replaced on-site or if spindle needs to go to depot. Machine hours: approx 3311h on current bearing set. Last grease service: 12 months ago.","Chen, L.","Mbeki, J. (FE-03)","Remote diagnostic: retrieved vibration data for run_id M01_Feb_2019_SYN_071. Spindle bearing vibration P004 = 7.94 mm/s (ISO Zone D). Kurtosis P064 = 15.5 — defect frequency component confirmed at BPFO = 93.8 Hz (consistent with outer race spall on 7014 bearing). Machine hours since last grease service: 3311h (OEM limit: 4,000h). Bearing replacement recommended. Error code SPN-SR-003 confirmed CRITICAL/MAJOR — correct action taken by PLC.","Spindle cooling fan motor replaced (PN: EIQ-SPN-FAN-200L). Air filter cleaned — found 60% blocked. Post-repair spindle temperature P003 running at 53°C vs. 83°C pre-repair. Machine re-qualified. Advised customer to add fan inspection to monthly PM checklist. No charge under PLATINUM service contract.","YES","RMA-97767","VALVE_WARRANTY","Hydraulic relief valve returned — premature internal seat wear","Valve inspected — seat wear confirmed at 11 months in service. Within 12-month warranty. Replacement valve issued.","YES","828","4.3","NO","SPN-SR-003","","synthetic_extension"
"CMP-SYN-2072","CLOSED","P3-MEDIUM","21 Aug 2021 06:00","26 Aug 2021 19:00","112","CUST-003","Lone Star Machining Co.","Billy Ray Tanner","(214) 555-0391","brtanner@lonestarmach.com","Dallas, TX","SILVER","M03","EIQ-M03-2021-5244","VMC-3000","OP10","Reaming","","spindle_bearing_fault","SPN-SR-003","5.604","Spindle Bearing Fault","Bearing race or rolling element fatigue defect","425.34","191.17","1094.94","7.665","11.599","Lone Star Machining Co. reporting M03 spindle temperature P003 running high at 7.67°C. Spindle cooling fan appears to be making intermittent noise — possibly bearing in fan motor. Alarm SPN-SR-003 active. Customer asking if they can continue running at reduced spindle speed while awaiting parts. Current part schedule is critical path.","Petrov, A.","Lee, S. (FE-12)","Remote diagnostic: retrieved vibration data for run_id M03_Aug_2021_SYN_072. Spindle bearing vibration P004 = 7.67 mm/s (ISO Zone C). Kurtosis P064 = 11.6 — defect frequency component confirmed at BPFO = 146.5 Hz (consistent with outer race spall on 7014 bearing). Machine hours since last grease service: 3767h (OEM limit: 4,000h). Bearing replacement recommended. Error code SPN-SR-003 confirmed CRITICAL/MAJOR — correct action taken by PLC.","Spindle sent to depot for full rebuild (grease repack + runout check). Loaner spindle installed — job EIQ-LOAN-860. Rebuilt spindle returned and installed 5 business days later. Post-installation vibration: P004 = 2.23 mm/s. All axes re-qualified. Customer down-time: 48 hours. RMA raised for spindle core: RMA-73158.","YES","RMA-73158","LUBE_BLOCK","SSV lube distributor block returned — stuck piston","Piston freed and cleaned. Contamination found in oil supply — customer advised to use filtered oil only. No manufacturing defect. No credit.","NO","359","2.6","YES","SPN-SR-003","","synthetic_extension"
"CMP-SYN-2073","PENDING_PARTS","P2-HIGH","26 Feb 2019 17:00","","","CUST-004","Great Lakes Tool & Die","Marie Johansson","(313) 555-0448","mjohansson@gltd.com","Detroit, MI","GOLD","M02","EIQ-M02-2019-8136","VMC-3000","OP05","Thread Tapping","","spindle_bearing_fault","VIB-MJ-001","4.779","Spindle Bearing Fault","Bearing race or rolling element fatigue defect","452.62","184.9","992.82","6.804","3.882","Great Lakes Tool & Die reporting M02 spindle temperature P003 running high at 6.8°C. Spindle cooling fan appears to be making intermittent noise — possibly bearing in fan motor. Alarm VIB-MJ-001 active. Customer asking if they can continue running at reduced spindle speed while awaiting parts. Current part schedule is critical path.","Chen, L.","Torres, R. (FE-09)","Field engineer Torres, R. (FE-09) attended 2 days after initial call. Removed spindle nose cap and measured bearing temperature with IR thermometer: front bearing at 7°C vs. ambient 22°C — significant. Bearing noise clearly audible on mechanic's stethoscope. Vibration spectrum showed bearing defect frequencies. Bearings removed: front pair (7014 CDBP4) showed outer race spalling on one bearing — approx 8mm arc of pitting. Rear bearing NU1014 in good condition. Root cause: bearing fatigue from operation beyond grease service interval.","Spindle cooling fan motor replaced (PN: EIQ-SPN-FAN-200L). Air filter cleaned — found 60% blocked. Post-repair spindle temperature P003 running at 53°C vs. 69°C pre-repair. Machine re-qualified. Advised customer to add fan inspection to monthly PM checklist. No charge under PLATINUM service contract.","YES","RMA-78904","SPINDLE_REBUILD","Spindle cartridge sent to depot for bearing replacement and runout check","Rebuilt spindle returned. New bearing set installed, preload set to spec, runout verified <0.003mm. Returned to customer.","NO","571","5.1","NO","VIB-MJ-001","","synthetic_extension"
"CMP-SYN-2074","CLOSED","P2-HIGH","10 Aug 2019 08:00","14 Aug 2019 20:00","57","CUST-005","Pacific Rim Precision","Kevin Tanaka","(206) 555-0512","ktanaka@pacrimprec.com","Seattle, WA","PLATINUM","M01","EIQ-M01-2019-9360","VMC-3000","OP06","Boring Operation","","chatter_vibration","SPN-MJ-004","5.514","Chatter Vibration","Regenerative chatter — process outside stability lobe","332.67","138.32","932.83","6.69","15.954","Inbound from Kevin Tanaka at Pacific Rim Precision. M01 exhibiting strong vibration during Boring Operation — alarm SPN-MJ-004. Vibration visible on parts and audible in shop. Machine did not auto-stop but part is clearly scrap. Customer suspects fixture loosening. Asked us to confirm if vibration profile matches bearing issue or chatter. X-axis RMS reading 6.69 mm/s at time of alarm.","Chen, L.","","Field engineer Torres, R. (FE-09) attended site. Found toolholder taper dirty — significant fretting corrosion on HSK taper mating surface reducing contact stiffness. Fixture clamping hydraulic pressure measured at 7 bar (nominal 70 bar) — leak in fixture circuit reducing clamping force. Two independent causes both contributing to chatter. Taper cleaned and re-ground; hydraulic circuit repaired. Machine re-tested: chatter eliminated at standard parameters. Machine in good condition.","Toolholder taper cleaned and re-lapped. Hydraulic fixture circuit repaired: replaced solenoid valve seal kit (PN: EIQ-HYD-SEAL-KIT). Pressure restored to 71 bar. Re-test: 20 consecutive parts — all within surface finish spec. Recommended annual toolholder taper inspection. Labour: 6.0 h under SILVER service contract (customer co-pay 20%).","NO","","","","","","0","6.0","NO","SPN-MJ-004","","synthetic_extension"
"CMP-SYN-2075","PENDING_PARTS","P2-HIGH","02 Aug 2019 16:00","","","CUST-006","Appalachian Machine Works","Bobby Hicks","(423) 555-0667","bhicks@appmach.com","Knoxville, TN","STANDARD","M01","EIQ-M01-2019-1922","VMC-3000","OP01","Face Milling","","tool_wear","SPN-MJ-003","7.8","Tool Wear","Progressive cutting edge wear beyond service life","326.02","124.08","953.0","3.541","5.318","Customer Appalachian Machine Works called — M01 threw hard alarm SPN-MJ-003 mid-program during Face Milling. Spindle load P002 peaked at 3.26% before drive tripped. Tool T17 found broken in spindle bore — approx 40mm of flute snapped. Last good part passed inspection; current part scrapped. Customer asking about warranty on tooling and whether machine caused the breakage or vice versa.","Petrov, A.","Lee, S. (FE-12)","Remote diagnostic session conducted with Petrov, A.. Reviewed P002 spindle load trend via OPC-UA historian — clear monotonic increase over prior 50 cycles consistent with progressive flank wear. NDCG feature trend confirms tool_wear classification. Kurtosis P064 = 5.3 (normal range 2.5–5.0). Recommended immediate tool replacement. Advised customer to calibrate tool life counter to actual tool life rather than theoretical. No machine fault — tooling and process issue. Error code SPN-MJ-003 confirmed appropriate.","Tool T17 replaced with new insert grade IC900 (customer's standard). Tool life counter reset to 0. Coolant concentration checked and adjusted to 9% (from 4.9%). First-off part inspected: dimensions within tolerance, surface finish Ra 0.8 μm achieved. Production resumed. Customer advised to increase tool change frequency by 20% for this material/operation combination and to check coolant concentration weekly. No chargeable service.","NO","","","","","","0","2.4","YES","SPN-MJ-003","","synthetic_extension"
"CMP-SYN-2076","IN_PROGRESS","P1-CRITICAL","28 Feb 2020 17:00","","","CUST-007","Rio Grande Manufacturing","Carlos Mendez","(505) 555-0723","cmendez@riograndemfg.com","Albuquerque, NM","SILVER","M01","EIQ-M01-2020-4273","VMC-3000","OP00","Workpiece Loading","","actuator_fault","LUB-CR-001","4.484","Actuator Fault","Mechanical or electrical actuator failure","372.09","157.7","876.51","7.693","11.622","URGENT — Rio Grande Manufacturing reporting M01 stuck in tool change. ATC arm stopped mid-swing, alarm LUB-CR-001 active. Machine cannot be reset — arm is blocking spindle access. Production line stopped. Customer has 14 people waiting. Contact: Carlos Mendez, phone: (505) 555-0723. Machine S/N EIQ-M01-2020-4273. Requesting immediate escalation to field support.","Chen, L.","Brennan, K. (FE-15)","Field engineer Brennan, K. (FE-15) attended. Axis following error P016 = 7.690 mm on X-axis. Ball screw backlash measured: 0.010 mm (limit 0.005 mm — exceeded). Guide rail lubrication found dry on two carriages — lube distributor piston stuck in one SSV block. Root causes: (1) lube blockage causing guide friction increase; (2) ball screw nut preload loss. Both corrected: SSV block replaced, lube cycle verified, servo backlash compensation adjusted.","SSV lube distributor block replaced (PN: EIQ-LUB-SSV-6). Ball screw backlash compensation parameter adjusted from 0.003 to 0.006 mm. Lubrication system primed and verified — all 18 lube points confirmed receiving oil. Following error P016 re-tested: max 0.008 mm on rapid traverse — within specification. Machine re-qualified. Parts cost: $201. Labour: 4.8 h.","YES","RMA-47720","DRIVE_WARRANTY","Servo drive returned under warranty claim — internal IGBT failure","Drive tested at factory — confirmed IGBT module failure. Within 24-month warranty period. Full replacement issued at no charge.","YES","201","4.8","YES","LUB-CR-001","","synthetic_extension"
"CMP-SYN-2077","ESCALATED","P3-MEDIUM","10 Aug 2021 20:00","","","CUST-008","Atlantic Precision Group","Jennifer Walsh","(617) 555-0834","jwalsh@atlanticprecision.com","Boston, MA","GOLD","M02","EIQ-M02-2021-1256","VMC-3000","OP03","Pocket Milling","","chatter_vibration","AXS-SR-001","7.482","Chatter Vibration","Regenerative chatter — process outside stability lobe","328.81","104.02","1074.04","6.691","7.09","Inbound from Jennifer Walsh at Atlantic Precision Group. M02 exhibiting strong vibration during Pocket Milling — alarm AXS-SR-001. Vibration visible on parts and audible in shop. Machine did not auto-stop but part is clearly scrap. Customer suspects fixture loosening. Asked us to confirm if vibration profile matches bearing issue or chatter. X-axis RMS reading 6.69 mm/s at time of alarm.","Novak, P.","","Remote session Novak, P.. Vibration RMS X=329 Y=104 Z=1074 (ADC counts) for run_id M02_Aug_2021_SYN_077. Crest factor 6.69 consistent with regenerative chatter rather than bearing defect (kurtosis 7.1, normal range for chatter). Process engineer recommends: reduce axial depth of cut by 20%, apply variable pitch tooling. No mechanical fault on machine identified.","Variable pitch tooling (4-flute, pitch 30/32/34/36°) recommended and sourced by customer. New toolholder balanced to G2.5 at 12,000 RPM. Re-test with new tooling: chatter eliminated, Ra improved to 0.5 μm. Machine in good condition. Closed — no charge.","NO","","","","","","0","5.3","NO","AXS-SR-001","","synthetic_extension"
"CMP-SYN-2078","PENDING_PARTS","P2-HIGH","10 Aug 2020 09:00","","","CUST-009","Heartland CNC Services","Tom Hartley","(515) 555-0912","thartley@heartlandcnc.com","Des Moines, IA","STANDARD","M01","EIQ-M01-2020-9271","VMC-3000","OP05","Thread Tapping","","spindle_bearing_fault","SPN-MJ-001","5.601","Spindle Bearing Fault","Bearing race or rolling element fatigue defect","358.58","388.29","801.97","4.604","10.618","Heartland CNC Services reporting M01 spindle temperature P003 running high at 4.6°C. Spindle cooling fan appears to be making intermittent noise — possibly bearing in fan motor. Alarm SPN-MJ-001 active. Customer asking if they can continue running at reduced spindle speed while awaiting parts. Current part schedule is critical path.","Petrov, A.","Brennan, K. (FE-15)","Investigation by Petrov, A.. Pulled Bosch CISS historical data for M01 OP05. Crest factor trend showed gradual increase from 3.2 to 4.6 over 90 days before alarm. Kurtosis crossed early-warning threshold (8.0) approximately 24 days before customer called — alarm SPN-SR-003 was generated but apparently not actioned by customer maintenance team. Investigation highlights need for customer to review alarm log regularly. Machine performed as designed.","Spindle cooling fan motor replaced (PN: EIQ-SPN-FAN-200L). Air filter cleaned — found 60% blocked. Post-repair spindle temperature P003 running at 48°C vs. 63°C pre-repair. Machine re-qualified. Advised customer to add fan inspection to monthly PM checklist. No charge under PLATINUM service contract.","YES","RMA-44985","BEARING_RETURN","Defective spindle bearing set returned for failure analysis","Failure analysis at EquipmentIQ bearing lab. Confirmed outer race spall — fatigue failure consistent with service beyond recommended interval. No manufacturing defect.","NO","336","6.0","YES","SPN-MJ-001","","synthetic_extension"
"CMP-SYN-2079","CLOSED","P4-LOW","01 Feb 2020 19:00","07 Feb 2020 01:00","88","CUST-010","Mountain West Machining LLC","Janet Fujimoto","(303) 555-1034","jfujimoto@mwmach.com","Denver, CO","SILVER","M01","EIQ-M01-2020-1904","VMC-3000","OP02","Contour Milling","","tool_wear","VIB-MD-001","2.918","Tool Wear","Progressive cutting edge wear beyond service life","206.44","348.26","896.83","5.265","5.728","Inbound call from Janet Fujimoto at Mountain West Machining LLC. Reports intermittent spindle load spikes on M01 over the past 3 shifts. Error VIB-MD-001 appearing 4–6 times per shift, machine not stopping but operator applying feed override down to 70%. Surface finish on aluminium parts showing chatter marks. Customer believes tool is worn but wants confirmation before scrapping tooling. Last PM was 11 weeks ago.","Williams, S.","","Technical investigation by Williams, S.. Downloaded vibration data from Bosch CISS sensor for run_id M01_Feb_2020_SYN_079. X-axis RMS = 206 (units: ADC counts), crest factor 5.26. Pattern consistent with increased cutting forces from worn tool. Compared against M01 baseline from Aug 2019 — load elevated by 33%. No bearing defect frequency components detected in spectrum. Root cause confirmed: tool wear beyond service life. No warranty claim applicable.","No machine repair required. Customer coaching on tool life management completed by Torres, R. (FE-09). Provided updated tooling recommendation for Contour Milling on aluminium: increase feed rate by 10%, reduce depth of cut by 15%, change tool grade to uncoated carbide. New parameters tested and validated. Surface finish improved to Ra 0.6 μm. Case closed — no charge under GOLD service contract.","NO","","","","","","0","6.1","YES","VIB-MD-001","","synthetic_extension"
