instance_id,error_code,severity_level,severity_name,subsystem_code,subsystem_name,mid,fault_category,machine,operation_code,run_id,title,primary_param,primary_param_name,primary_param_unit,primary_value,normal_min,normal_max,critical_min,critical_max,all_pvalues_json,recommended_action,related_codes,real_x_rms,real_y_rms,real_z_rms,real_crest,real_kurtosis,source,complaint_case_id
1,SPN-SR-001,3,SERIOUS,SPN,Spindle Drive System,128,tool_wear,M01,OP01,M01_Aug_2019_OP01_000,Spindle Load Gradually Increasing — Tool Wear Trend,P002,Spindle Load,%,76.9,0.0,85.0,0.0,105.0,"{""P002"": 76.9, ""P005"": 26.785, ""P001"": 5918.123, ""P003"": 57.218, ""P004"": 4.015}",Complete current cycle then stop. Schedule maintenance within 4 hours.,SPN-MJ-003|SPN-WN-004|TCS-MD-001,447.872,230.683,1062.789,5.421,7.256,bosch_real_fault,CMP-2019-1000
2,SPN-MJ-003,2,MAJOR,SPN,Spindle Drive System,128,tool_wear,M01,OP01,M01_Aug_2019_OP01_000,Spindle Load Anomaly — Possible Tool Breakage,P002,Spindle Load,%,93.5,0.0,85.0,0.0,105.0,"{""P002"": 93.5, ""P005"": 50.631, ""P001"": 335.398, ""P003"": 32.025, ""P004"": 2.274}",Stop current operation. Machine must be inspected before resuming production.,CLS-SR-001|SPN-WN-004|TCS-MD-001,447.872,230.683,1062.789,5.421,7.256,bosch_real_fault,CMP-2019-1000
3,SPN-MN-001,5,MINOR,SPN,Spindle Drive System,128,tool_wear,M01,OP01,M01_Aug_2019_OP01_000,Spindle Load — Upper Advisory Threshold,P002,Spindle Load,%,43.3,0.0,85.0,0.0,105.0,"{""P002"": 43.3, ""P001"": 1670.817, ""P003"": 55.744}",Log fault. Monitor parameters. Schedule inspection at next planned maintenance.,SPN-MD-001|SPN-SR-001,447.872,230.683,1062.789,5.421,7.256,bosch_real_fault,CMP-2019-1000
4,SPN-MD-001,4,MODERATE,SPN,Spindle Drive System,128,tool_wear,M01,OP01,M01_Feb_2019_OP01_000,Spindle Load — Elevated Baseline,P002,Spindle Load,%,74.5,0.0,85.0,0.0,105.0,"{""P002"": 74.5, ""P005"": 97.132, ""P001"": 151.34, ""P003"": 64.32}",Log fault. Schedule maintenance within 24 hours. Reduce feed rate by 20%.,SPN-SR-001|SPN-WN-004,457.534,179.098,1061.411,5.149,6.495,bosch_real_fault,CMP-2019-1001
5,SPN-SR-001,3,SERIOUS,SPN,Spindle Drive System,128,tool_wear,M01,OP01,M01_Feb_2019_OP01_000,Spindle Load Gradually Increasing — Tool Wear Trend,P002,Spindle Load,%,84.1,0.0,85.0,0.0,105.0,"{""P002"": 84.1, ""P005"": 40.83, ""P001"": 1328.288, ""P003"": 72.647, ""P004"": 1.515}",Complete current cycle then stop. Schedule maintenance within 4 hours.,SPN-MJ-003|SPN-WN-004|TCS-MD-001,457.534,179.098,1061.411,5.149,6.495,bosch_real_fault,CMP-2019-1001
6,SPN-WN-003,6,WARNING,SPN,Spindle Drive System,128,tool_wear,M01,OP01,M01_Feb_2019_OP01_000,Tool Life Counter — Approaching Limit,P002,Spindle Load,%,45.3,0.0,85.0,0.0,105.0,"{""P002"": 45.3, ""P005"": 11.606, ""P001"": 6795.205, ""P003"": 53.205}",Log event. No immediate action required. Review at end of shift.,SPN-WN-001|TCS-NC-001,457.534,179.098,1061.411,5.149,6.495,bosch_real_fault,CMP-2019-1001
7,VIB-MD-001,4,MODERATE,VIB,Vibration Monitoring,144,tool_wear,M01,OP02,M01_Feb_2019_OP02_000,Crest Factor — Elevated Above Baseline,P063,Vibration Crest Factor,-,4.013,1.0,4.5,0.0,12.0,"{""P063"": 4.013, ""P064"": 4.933, ""P001"": 3090.422, ""P002"": 46.923}",Log fault. Schedule maintenance within 24 hours. Reduce feed rate by 20%.,SPN-SR-003|VIB-SR-001,409.186,400.804,1061.156,5.508,8.445,bosch_real_fault,CMP-2019-1002
8,AXS-MN-002,5,MINOR,AXS,Axis Servo System,130,chatter_vibration,M01,OP03,M01_Aug_2019_OP03_000,Axis Vibration — Minor Threshold,P060,X-Axis Vibration RMS,mm/s,2.553,0.0,4.5,0.0,11.2,"{""P060"": 2.553, ""P061"": 0.313, ""P062"": 2.976, ""P001"": 6207.24, ""P002"": 83.744}",Log fault. Monitor parameters. Schedule inspection at next planned maintenance.,SPN-MJ-004|AXS-SR-001,349.619,233.65,1058.637,6.95,11.425,bosch_real_fault,CMP-2019-1003
9,VIB-SR-001,3,SERIOUS,VIB,Vibration Monitoring,144,chatter_vibration,M01,OP03,M01_Aug_2019_OP03_000,Vibration — ISO Zone B Upper — Elevated,P060,X-Axis Vibration RMS,mm/s,4.595,0.0,4.5,0.0,11.2,"{""P060"": 4.595, ""P061"": 3.899, ""P062"": 1.711, ""P001"": 3681.941, ""P002"": 70.899}",Complete current cycle then stop. Schedule maintenance within 4 hours.,VIB-MJ-001|SPN-SR-003|AXS-SR-001,349.619,233.65,1058.637,6.95,11.425,bosch_real_fault,CMP-2019-1003
10,VIB-MJ-001,2,MAJOR,VIB,Vibration Monitoring,144,spindle_bearing_fault,M01,OP03,M01_Aug_2019_OP03_000,Vibration — ISO Zone C — Major Alert,P060,X-Axis Vibration RMS,mm/s,7.507,0.0,4.5,0.0,11.2,"{""P060"": 7.507, ""P061"": 1.599, ""P062"": 3.016, ""P063"": 3.456, ""P001"": 5500.027, ""P002"": 6.069}",Stop current operation. Machine must be inspected before resuming production.,VIB-CR-001|SPN-MJ-002|VIB-SR-001,349.619,233.65,1058.637,6.95,11.425,bosch_real_fault,CMP-2019-1003
11,SPN-MJ-002,2,MAJOR,SPN,Spindle Drive System,128,spindle_bearing_fault,M01,OP04,M01_Aug_2019_OP04_000,Spindle Bearing Vibration — Major Threshold Exceeded,P004,Spindle Bearing Vibration,mm/s,7.672,0.0,4.5,0.0,11.2,"{""P004"": 7.672, ""P063"": 2.618, ""P064"": 3.175, ""P001"": 7410.59, ""P002"": 58.494}",Stop current operation. Machine must be inspected before resuming production.,SPN-CR-001|VIB-MN-061|SPN-SR-003,428.463,300.112,1065.897,5.576,7.398,bosch_real_fault,CMP-2019-1004
12,SPN-SR-003,3,SERIOUS,SPN,Spindle Drive System,128,spindle_bearing_fault,M01,OP04,M01_Aug_2019_OP04_000,Bearing Kurtosis Threshold — Defect Initiation Detected,P004,Spindle Bearing Vibration,mm/s,4.023,0.0,4.5,0.0,11.2,"{""P004"": 4.023, ""P064"": 3.311, ""P001"": 6169.677, ""P002"": 4.755}",Complete current cycle then stop. Schedule maintenance within 4 hours.,SPN-MJ-002|SPN-CR-001|VIB-WN-060,428.463,300.112,1065.897,5.576,7.398,bosch_real_fault,CMP-2019-1004
13,VIB-MJ-001,2,MAJOR,VIB,Vibration Monitoring,144,spindle_bearing_fault,M01,OP04,M01_Aug_2019_OP04_000,Vibration — ISO Zone C — Major Alert,P060,X-Axis Vibration RMS,mm/s,8.832,0.0,4.5,0.0,11.2,"{""P060"": 8.832, ""P061"": 3.623, ""P062"": 1.805, ""P063"": 1.232, ""P001"": 7313.775, ""P002"": 48.21}",Stop current operation. Machine must be inspected before resuming production.,VIB-CR-001|SPN-MJ-002|VIB-SR-001,428.463,300.112,1065.897,5.576,7.398,bosch_real_fault,CMP-2019-1004
14,VIB-MJ-001,2,MAJOR,VIB,Vibration Monitoring,144,spindle_bearing_fault,M01,OP04,M01_Feb_2019_OP04_000,Vibration — ISO Zone C — Major Alert,P060,X-Axis Vibration RMS,mm/s,8.183,0.0,4.5,0.0,11.2,"{""P060"": 8.183, ""P061"": 3.981, ""P062"": 2.893, ""P063"": 1.5, ""P001"": 1203.08, ""P002"": 63.324}",Stop current operation. Machine must be inspected before resuming production.,VIB-CR-001|SPN-MJ-002|VIB-SR-001,441.155,220.752,1065.678,5.114,7.169,bosch_real_fault,CMP-2019-1005
15,SPN-MJ-001,2,MAJOR,SPN,Spindle Drive System,128,spindle_bearing_fault,M01,OP04,M01_Feb_2019_OP04_000,Spindle Motor Overtemperature,P003,Spindle Motor Temperature,°C,86.234,20.0,75.0,0.0,95.0,"{""P003"": 86.234, ""P001"": 6001.409, ""P002"": 36.417, ""P004"": 2.626, ""P005"": 43.44}",Stop current operation. Machine must be inspected before resuming production.,SPN-CR-002|THM-WN-070|SPN-MN-006,441.155,220.752,1065.678,5.114,7.169,bosch_real_fault,CMP-2019-1005
16,VIB-MN-001,5,MINOR,VIB,Vibration Monitoring,144,tool_wear,M01,OP04,M01_Feb_2019_OP04_000,Kurtosis Index — Rising Trend,P064,Kurtosis Index,-,4.623,2.5,5.0,0.0,25.0,"{""P064"": 4.623, ""P001"": 1192.821, ""P002"": 41.949}",Log fault. Monitor parameters. Schedule inspection at next planned maintenance.,VIB-MD-001|SPN-SR-003,441.155,220.752,1065.678,5.114,7.169,bosch_real_fault,CMP-2019-1005
17,SPN-MJ-001,2,MAJOR,SPN,Spindle Drive System,128,spindle_bearing_fault,M01,OP05,M01_Aug_2019_OP05_000,Spindle Motor Overtemperature,P003,Spindle Motor Temperature,°C,83.917,20.0,75.0,0.0,95.0,"{""P003"": 83.917, ""P001"": 1363.858, ""P002"": 57.841, ""P004"": 2.684, ""P005"": 46.172}",Stop current operation. Machine must be inspected before resuming production.,SPN-CR-002|THM-WN-070|SPN-MN-006,303.004,143.241,1047.25,7.65,15.542,bosch_real_fault,CMP-2019-1006
18,VIB-MN-001,5,MINOR,VIB,Vibration Monitoring,144,tool_wear,M01,OP05,M01_Feb_2019_OP05_000,Kurtosis Index — Rising Trend,P064,Kurtosis Index,-,4.6,2.5,5.0,0.0,25.0,"{""P064"": 4.6, ""P001"": 6900.16, ""P002"": 0.976}",Log fault. Monitor parameters. Schedule inspection at next planned maintenance.,VIB-MD-001|SPN-SR-003,339.278,131.414,1049.003,6.679,11.701,bosch_real_fault,CMP-2019-1007
19,SPN-SR-003,3,SERIOUS,SPN,Spindle Drive System,128,spindle_bearing_fault,M01,OP05,M01_Feb_2019_OP05_000,Bearing Kurtosis Threshold — Defect Initiation Detected,P004,Spindle Bearing Vibration,mm/s,4.474,0.0,4.5,0.0,11.2,"{""P004"": 4.474, ""P064"": 4.204, ""P001"": 4342.066, ""P002"": 22.68}",Complete current cycle then stop. Schedule maintenance within 4 hours.,SPN-MJ-002|SPN-CR-001|VIB-WN-060,339.278,131.414,1049.003,6.679,11.701,bosch_real_fault,CMP-2019-1007
20,SPN-MJ-002,2,MAJOR,SPN,Spindle Drive System,128,spindle_bearing_fault,M01,OP05,M01_Feb_2019_OP05_000,Spindle Bearing Vibration — Major Threshold Exceeded,P004,Spindle Bearing Vibration,mm/s,8.468,0.0,4.5,0.0,11.2,"{""P004"": 8.468, ""P063"": 1.39, ""P064"": 3.587, ""P001"": 3684.417, ""P002"": 81.074}",Stop current operation. Machine must be inspected before resuming production.,SPN-CR-001|VIB-MN-061|SPN-SR-003,339.278,131.414,1049.003,6.679,11.701,bosch_real_fault,CMP-2019-1007
21,SPN-SR-003,3,SERIOUS,SPN,Spindle Drive System,128,spindle_bearing_fault,M01,OP05,M01_Feb_2019_OP05_001,Bearing Kurtosis Threshold — Defect Initiation Detected,P004,Spindle Bearing Vibration,mm/s,4.282,0.0,4.5,0.0,11.2,"{""P004"": 4.282, ""P064"": 2.766, ""P001"": 5039.872, ""P002"": 71.542}",Complete current cycle then stop. Schedule maintenance within 4 hours.,SPN-MJ-002|SPN-CR-001|VIB-WN-060,339.259,124.142,1049.787,6.449,11.65,bosch_real_fault,CMP-2019-1008
22,VIB-MN-001,5,MINOR,VIB,Vibration Monitoring,144,tool_wear,M01,OP05,M01_Feb_2019_OP05_001,Kurtosis Index — Rising Trend,P064,Kurtosis Index,-,4.194,2.5,5.0,0.0,25.0,"{""P064"": 4.194, ""P001"": 1671.398, ""P002"": 31.783}",Log fault. Monitor parameters. Schedule inspection at next planned maintenance.,VIB-MD-001|SPN-SR-003,339.259,124.142,1049.787,6.449,11.65,bosch_real_fault,CMP-2019-1008
23,SPN-MJ-001,2,MAJOR,SPN,Spindle Drive System,128,spindle_bearing_fault,M01,OP05,M01_Feb_2019_OP05_001,Spindle Motor Overtemperature,P003,Spindle Motor Temperature,°C,83.969,20.0,75.0,0.0,95.0,"{""P003"": 83.969, ""P001"": 7632.648, ""P002"": 78.407, ""P004"": 4.133, ""P005"": 71.873}",Stop current operation. Machine must be inspected before resuming production.,SPN-CR-002|THM-WN-070|SPN-MN-006,339.259,124.142,1049.787,6.449,11.65,bosch_real_fault,CMP-2019-1008
24,SPN-CR-001,1,CRITICAL,SPN,Spindle Drive System,128,spindle_bearing_fault,M01,OP05,M01_Feb_2021_OP05_000,Spindle Bearing Catastrophic Failure,P001,Spindle Speed,RPM,8484.0,100.0,8000.0,0.0,8500.0,"{""P001"": 8484, ""P003"": 68.33, ""P004"": 3.742, ""P005"": 36.902, ""P002"": 4.924, ""P006"": 0.038}",Immediate machine stop. Do not restart without authorised technician inspection.,SPN-MJ-002|VIB-WN-060|VIB-MN-061,331.983,177.7,1026.623,6.425,11.73,bosch_real_fault,CMP-2021-1009
25,VIB-MN-001,5,MINOR,VIB,Vibration Monitoring,144,tool_wear,M01,OP05,M01_Feb_2021_OP05_000,Kurtosis Index — Rising Trend,P064,Kurtosis Index,-,4.579,2.5,5.0,0.0,25.0,"{""P064"": 4.579, ""P001"": 776.662, ""P002"": 41.309}",Log fault. Monitor parameters. Schedule inspection at next planned maintenance.,VIB-MD-001|SPN-SR-003,331.983,177.7,1026.623,6.425,11.73,bosch_real_fault,CMP-2021-1009
26,AXS-MN-002,5,MINOR,AXS,Axis Servo System,130,chatter_vibration,M01,OP06,M01_Aug_2019_OP06_000,Axis Vibration — Minor Threshold,P060,X-Axis Vibration RMS,mm/s,3.456,0.0,4.5,0.0,11.2,"{""P060"": 3.456, ""P061"": 0.578, ""P062"": 2.139, ""P001"": 4443.448, ""P002"": 22.53}",Log fault. Monitor parameters. Schedule inspection at next planned maintenance.,SPN-MJ-004|AXS-SR-001,338.406,238.261,1057.132,6.702,10.574,bosch_real_fault,CMP-2019-1010
27,VIB-MJ-001,2,MAJOR,VIB,Vibration Monitoring,144,spindle_bearing_fault,M01,OP06,M01_Aug_2021_OP06_000,Vibration — ISO Zone C — Major Alert,P060,X-Axis Vibration RMS,mm/s,8.698,0.0,4.5,0.0,11.2,"{""P060"": 8.698, ""P061"": 3.104, ""P062"": 3.208, ""P063"": 2.396, ""P001"": 5406.327, ""P002"": 31.741}",Stop current operation. Machine must be inspected before resuming production.,VIB-CR-001|SPN-MJ-002|VIB-SR-001,377.291,540.293,1096.982,5.675,7.877,bosch_real_fault,CMP-2021-1011
28,AXS-SR-001,3,SERIOUS,AXS,Axis Servo System,130,chatter_vibration,M01,OP06,M01_Aug_2021_OP06_000,Axis Vibration — Resonance Detected,P060,X-Axis Vibration RMS,mm/s,4.635,0.0,4.5,0.0,11.2,"{""P060"": 4.635, ""P061"": 2.032, ""P062"": 1.116, ""P016"": 0.003, ""P001"": 266.171, ""P002"": 47.083}",Complete current cycle then stop. Schedule maintenance within 4 hours.,SPN-MJ-004|AXS-MJ-001|VIB-WN-060,377.291,540.293,1096.982,5.675,7.877,bosch_real_fault,CMP-2021-1011
29,VIB-SR-001,3,SERIOUS,VIB,Vibration Monitoring,144,chatter_vibration,M01,OP06,M01_Aug_2021_OP06_000,Vibration — ISO Zone B Upper — Elevated,P060,X-Axis Vibration RMS,mm/s,4.355,0.0,4.5,0.0,11.2,"{""P060"": 4.355, ""P061"": 0.032, ""P062"": 3.185, ""P001"": 565.103, ""P002"": 5.729}",Complete current cycle then stop. Schedule maintenance within 4 hours.,VIB-MJ-001|SPN-SR-003|AXS-SR-001,377.291,540.293,1096.982,5.675,7.877,bosch_real_fault,CMP-2021-1011
30,VIB-SR-001,3,SERIOUS,VIB,Vibration Monitoring,144,chatter_vibration,M01,OP06,M01_Aug_2021_OP06_001,Vibration — ISO Zone B Upper — Elevated,P060,X-Axis Vibration RMS,mm/s,3.889,0.0,4.5,0.0,11.2,"{""P060"": 3.889, ""P061"": 1.071, ""P062"": 3.01, ""P001"": 1792.471, ""P002"": 11.247}",Complete current cycle then stop. Schedule maintenance within 4 hours.,VIB-MJ-001|SPN-SR-003|AXS-SR-001,342.826,268.598,1046.794,5.994,9.649,bosch_real_fault,CMP-2021-1012
31,AXS-MN-002,5,MINOR,AXS,Axis Servo System,130,chatter_vibration,M01,OP06,M01_Aug_2021_OP06_002,Axis Vibration — Minor Threshold,P060,X-Axis Vibration RMS,mm/s,3.486,0.0,4.5,0.0,11.2,"{""P060"": 3.486, ""P061"": 3.634, ""P062"": 0.857, ""P001"": 865.753, ""P002"": 36.639}",Log fault. Monitor parameters. Schedule inspection at next planned maintenance.,SPN-MJ-004|AXS-SR-001,372.674,531.438,1096.044,5.565,8.04,bosch_real_fault,CMP-2021-1013
32,VIB-MJ-001,2,MAJOR,VIB,Vibration Monitoring,144,spindle_bearing_fault,M01,OP06,M01_Aug_2021_OP06_002,Vibration — ISO Zone C — Major Alert,P060,X-Axis Vibration RMS,mm/s,8.031,0.0,4.5,0.0,11.2,"{""P060"": 8.031, ""P061"": 2.102, ""P062"": 3.281, ""P063"": 3.357, ""P001"": 7874.905, ""P002"": 8.366}",Stop current operation. Machine must be inspected before resuming production.,VIB-CR-001|SPN-MJ-002|VIB-SR-001,372.674,531.438,1096.044,5.565,8.04,bosch_real_fault,CMP-2021-1013
33,SPN-MJ-004,2,MAJOR,SPN,Spindle Drive System,128,chatter_vibration,M01,OP06,M01_Aug_2021_OP06_002,Regenerative Chatter — Stability Limit Exceeded,P060,X-Axis Vibration RMS,mm/s,7.989,0.0,4.5,0.0,11.2,"{""P060"": 7.989, ""P061"": 1.527, ""P062"": 3.878, ""P063"": 1.87, ""P001"": 1602.65, ""P002"": 38.132}",Stop current operation. Machine must be inspected before resuming production.,VIB-WN-060|SPN-MJ-002|AXS-MN-002,372.674,531.438,1096.044,5.565,8.04,bosch_real_fault,CMP-2021-1013
34,SPN-WN-001,6,WARNING,SPN,Spindle Drive System,128,tool_wear,M01,OP07,M01_Aug_2019_OP07_000,Spindle Load — Tool Life 80% Consumed,P002,Spindle Load,%,56.3,0.0,85.0,0.0,105.0,"{""P002"": 56.3, ""P001"": 7008.439, ""P003"": 24.146}",Log event. No immediate action required. Review at end of shift.,SPN-MN-001|TCS-MD-001,445.281,215.439,1048.78,5.747,7.693,bosch_real_fault,CMP-2019-1014
35,VIB-MD-001,4,MODERATE,VIB,Vibration Monitoring,144,tool_wear,M01,OP07,M01_Aug_2019_OP07_000,Crest Factor — Elevated Above Baseline,P063,Vibration Crest Factor,-,4.298,1.0,4.5,0.0,12.0,"{""P063"": 4.298, ""P064"": 4.64, ""P001"": 873.479, ""P002"": 55.432}",Log fault. Schedule maintenance within 24 hours. Reduce feed rate by 20%.,SPN-SR-003|VIB-SR-001,445.281,215.439,1048.78,5.747,7.693,bosch_real_fault,CMP-2019-1014
36,SPN-MJ-003,2,MAJOR,SPN,Spindle Drive System,128,tool_wear,M01,OP07,M01_Aug_2021_OP07_000,Spindle Load Anomaly — Possible Tool Breakage,P002,Spindle Load,%,94.0,0.0,85.0,0.0,105.0,"{""P002"": 94.0, ""P005"": 58.277, ""P001"": 1788.604, ""P003"": 42.057, ""P004"": 0.264}",Stop current operation. Machine must be inspected before resuming production.,CLS-SR-001|SPN-WN-004|TCS-MD-001,579.264,345.02,1078.789,4.701,4.61,bosch_real_fault,CMP-2021-1015
37,VIB-MD-001,4,MODERATE,VIB,Vibration Monitoring,144,tool_wear,M01,OP07,M01_Aug_2021_OP07_000,Crest Factor — Elevated Above Baseline,P063,Vibration Crest Factor,-,3.848,1.0,4.5,0.0,12.0,"{""P063"": 3.848, ""P064"": 4.963, ""P001"": 2195.104, ""P002"": 66.646}",Log fault. Schedule maintenance within 24 hours. Reduce feed rate by 20%.,SPN-SR-003|VIB-SR-001,579.264,345.02,1078.789,4.701,4.61,bosch_real_fault,CMP-2021-1015
38,SPN-SR-001,3,SERIOUS,SPN,Spindle Drive System,128,tool_wear,M01,OP07,M01_Aug_2021_OP07_000,Spindle Load Gradually Increasing — Tool Wear Trend,P002,Spindle Load,%,80.0,0.0,85.0,0.0,105.0,"{""P002"": 80.0, ""P005"": 50.761, ""P001"": 7662.809, ""P003"": 74.748, ""P004"": 2.501}",Complete current cycle then stop. Schedule maintenance within 4 hours.,SPN-MJ-003|SPN-WN-004|TCS-MD-001,579.264,345.02,1078.789,4.701,4.61,bosch_real_fault,CMP-2021-1015
39,VIB-MD-001,4,MODERATE,VIB,Vibration Monitoring,144,tool_wear,M01,OP07,M01_Aug_2021_OP07_001,Crest Factor — Elevated Above Baseline,P063,Vibration Crest Factor,-,3.762,1.0,4.5,0.0,12.0,"{""P063"": 3.762, ""P064"": 4.922, ""P001"": 4675.524, ""P002"": 46.087}",Log fault. Schedule maintenance within 24 hours. Reduce feed rate by 20%.,SPN-SR-003|VIB-SR-001,581.128,394.569,1113.263,5.248,4.705,bosch_real_fault,CMP-2021-1016
40,SPN-SR-001,3,SERIOUS,SPN,Spindle Drive System,128,tool_wear,M01,OP07,M01_Aug_2021_OP07_001,Spindle Load Gradually Increasing — Tool Wear Trend,P002,Spindle Load,%,85.0,0.0,85.0,0.0,105.0,"{""P002"": 85.0, ""P005"": 6.86, ""P001"": 4715.003, ""P003"": 47.657, ""P004"": 3.837}",Complete current cycle then stop. Schedule maintenance within 4 hours.,SPN-MJ-003|SPN-WN-004|TCS-MD-001,581.128,394.569,1113.263,5.248,4.705,bosch_real_fault,CMP-2021-1016
41,SPN-MD-001,4,MODERATE,SPN,Spindle Drive System,128,tool_wear,M01,OP07,M01_Aug_2021_OP07_001,Spindle Load — Elevated Baseline,P002,Spindle Load,%,63.5,0.0,85.0,0.0,105.0,"{""P002"": 63.5, ""P005"": 115.293, ""P001"": 732.881, ""P003"": 30.22}",Log fault. Schedule maintenance within 24 hours. Reduce feed rate by 20%.,SPN-SR-001|SPN-WN-004,581.128,394.569,1113.263,5.248,4.705,bosch_real_fault,CMP-2021-1016
42,SPN-SR-001,3,SERIOUS,SPN,Spindle Drive System,128,tool_wear,M01,OP07,M01_Feb_2019_OP07_000,Spindle Load Gradually Increasing — Tool Wear Trend,P002,Spindle Load,%,79.1,0.0,85.0,0.0,105.0,"{""P002"": 79.1, ""P005"": 112.992, ""P001"": 4600.436, ""P003"": 51.841, ""P004"": 0.179}",Complete current cycle then stop. Schedule maintenance within 4 hours.,SPN-MJ-003|SPN-WN-004|TCS-MD-001,471.192,246.606,1060.618,4.739,6.456,bosch_real_fault,CMP-2019-1017
43,SPN-MN-001,5,MINOR,SPN,Spindle Drive System,128,tool_wear,M01,OP07,M01_Feb_2019_OP07_000,Spindle Load — Upper Advisory Threshold,P002,Spindle Load,%,44.9,0.0,85.0,0.0,105.0,"{""P002"": 44.9, ""P001"": 5293.248, ""P003"": 51.087}",Log fault. Monitor parameters. Schedule inspection at next planned maintenance.,SPN-MD-001|SPN-SR-001,471.192,246.606,1060.618,4.739,6.456,bosch_real_fault,CMP-2019-1017
44,VIB-MD-001,4,MODERATE,VIB,Vibration Monitoring,144,tool_wear,M01,OP07,M01_Feb_2019_OP07_000,Crest Factor — Elevated Above Baseline,P063,Vibration Crest Factor,-,3.782,1.0,4.5,0.0,12.0,"{""P063"": 3.782, ""P064"": 3.152, ""P001"": 5390.835, ""P002"": 26.706}",Log fault. Schedule maintenance within 24 hours. Reduce feed rate by 20%.,SPN-SR-003|VIB-SR-001,471.192,246.606,1060.618,4.739,6.456,bosch_real_fault,CMP-2019-1017
45,SPN-MD-001,4,MODERATE,SPN,Spindle Drive System,128,tool_wear,M01,OP08,M01_Feb_2019_OP08_000,Spindle Load — Elevated Baseline,P002,Spindle Load,%,76.6,0.0,85.0,0.0,105.0,"{""P002"": 76.6, ""P005"": 36.0, ""P001"": 2597.8, ""P003"": 61.353}",Log fault. Schedule maintenance within 24 hours. Reduce feed rate by 20%.,SPN-SR-001|SPN-WN-004,327.582,173.583,1050.29,5.928,11.862,bosch_real_fault,CMP-2019-1018
46,SPN-SR-001,3,SERIOUS,SPN,Spindle Drive System,128,tool_wear,M01,OP08,M01_Feb_2019_OP08_000,Spindle Load Gradually Increasing — Tool Wear Trend,P002,Spindle Load,%,73.5,0.0,85.0,0.0,105.0,"{""P002"": 73.5, ""P005"": 54.994, ""P001"": 7987.79, ""P003"": 74.785, ""P004"": 0.33}",Complete current cycle then stop. Schedule maintenance within 4 hours.,SPN-MJ-003|SPN-WN-004|TCS-MD-001,327.582,173.583,1050.29,5.928,11.862,bosch_real_fault,CMP-2019-1018
47,SPN-WN-004,6,WARNING,SPN,Spindle Drive System,128,tool_wear,M01,OP08,M01_Feb_2019_OP08_001,Spindle Load Variance — Increased Part-to-Part Variation,P002,Spindle Load,%,46.4,0.0,85.0,0.0,105.0,"{""P002"": 46.4, ""P001"": 2857.17, ""P003"": 23.784}",Log event. No immediate action required. Review at end of shift.,SPN-MN-001|CLS-WN-001,327.998,167.526,1050.14,5.985,11.837,bosch_real_fault,CMP-2019-1019
48,SPN-MN-001,5,MINOR,SPN,Spindle Drive System,128,tool_wear,M01,OP08,M01_Feb_2019_OP08_002,Spindle Load — Upper Advisory Threshold,P002,Spindle Load,%,51.0,0.0,85.0,0.0,105.0,"{""P002"": 51.0, ""P001"": 3561.658, ""P003"": 49.877}",Log fault. Monitor parameters. Schedule inspection at next planned maintenance.,SPN-MD-001|SPN-SR-001,326.437,169.445,1049.896,6.396,11.892,bosch_real_fault,CMP-2019-1020
49,AXS-MN-002,5,MINOR,AXS,Axis Servo System,130,chatter_vibration,M01,OP09,M01_Aug_2019_OP09_000,Axis Vibration — Minor Threshold,P060,X-Axis Vibration RMS,mm/s,3.302,0.0,4.5,0.0,11.2,"{""P060"": 3.302, ""P061"": 2.496, ""P062"": 4.193, ""P001"": 918.333, ""P002"": 74.641}",Log fault. Monitor parameters. Schedule inspection at next planned maintenance.,SPN-MJ-004|AXS-SR-001,401.801,136.598,1048.149,5.747,9.98,bosch_real_fault,CMP-2019-1021
50,SPN-MJ-004,2,MAJOR,SPN,Spindle Drive System,128,chatter_vibration,M01,OP09,M01_Aug_2019_OP09_000,Regenerative Chatter — Stability Limit Exceeded,P060,X-Axis Vibration RMS,mm/s,7.712,0.0,4.5,0.0,11.2,"{""P060"": 7.712, ""P061"": 4.004, ""P062"": 3.341, ""P063"": 1.544, ""P001"": 2325.875, ""P002"": 17.904}",Stop current operation. Machine must be inspected before resuming production.,VIB-WN-060|SPN-MJ-002|AXS-MN-002,401.801,136.598,1048.149,5.747,9.98,bosch_real_fault,CMP-2019-1021
51,SPN-MJ-005,2,MAJOR,SPN,Spindle Drive System,128,spindle_bearing_fault,M01,OP10,M01_Aug_2021_OP10_000,Spindle Drive Thermal Overcurrent,P002,Spindle Load,%,96.8,0.0,85.0,0.0,105.0,"{""P002"": 96.8, ""P003"": 34.519, ""P005"": 58.624, ""P001"": 7252.158, ""P004"": 3.807}",Stop current operation. Machine must be inspected before resuming production.,SPN-CR-002|THM-MD-001|SPN-MJ-001,442.489,297.652,1070.039,5.144,8.164,bosch_real_fault,CMP-2021-1022
52,VIB-MJ-001,2,MAJOR,VIB,Vibration Monitoring,144,spindle_bearing_fault,M01,OP10,M01_Aug_2021_OP10_000,Vibration — ISO Zone C — Major Alert,P060,X-Axis Vibration RMS,mm/s,7.366,0.0,4.5,0.0,11.2,"{""P060"": 7.366, ""P061"": 1.906, ""P062"": 1.245, ""P063"": 1.012, ""P001"": 6191.842, ""P002"": 54.155}",Stop current operation. Machine must be inspected before resuming production.,VIB-CR-001|SPN-MJ-002|VIB-SR-001,442.489,297.652,1070.039,5.144,8.164,bosch_real_fault,CMP-2021-1022
53,SPN-MJ-002,2,MAJOR,SPN,Spindle Drive System,128,spindle_bearing_fault,M01,OP10,M01_Feb_2019_OP10_000,Spindle Bearing Vibration — Major Threshold Exceeded,P004,Spindle Bearing Vibration,mm/s,8.068,0.0,4.5,0.0,11.2,"{""P004"": 8.068, ""P063"": 3.47, ""P064"": 3.902, ""P001"": 983.804, ""P002"": 80.329}",Stop current operation. Machine must be inspected before resuming production.,SPN-CR-001|VIB-MN-061|SPN-SR-003,441.66,283.681,1113.766,4.746,8.046,bosch_real_fault,CMP-2019-1023
54,VIB-MJ-001,2,MAJOR,VIB,Vibration Monitoring,144,spindle_bearing_fault,M01,OP10,M01_Feb_2019_OP10_000,Vibration — ISO Zone C — Major Alert,P060,X-Axis Vibration RMS,mm/s,8.569,0.0,4.5,0.0,11.2,"{""P060"": 8.569, ""P061"": 0.671, ""P062"": 0.162, ""P063"": 2.292, ""P001"": 4464.948, ""P002"": 36.532}",Stop current operation. Machine must be inspected before resuming production.,VIB-CR-001|SPN-MJ-002|VIB-SR-001,441.66,283.681,1113.766,4.746,8.046,bosch_real_fault,CMP-2019-1023
55,SPN-SR-003,3,SERIOUS,SPN,Spindle Drive System,128,spindle_bearing_fault,M01,OP10,M01_Feb_2019_OP10_001,Bearing Kurtosis Threshold — Defect Initiation Detected,P004,Spindle Bearing Vibration,mm/s,4.153,0.0,4.5,0.0,11.2,"{""P004"": 4.153, ""P064"": 4.833, ""P001"": 7780.35, ""P002"": 3.391}",Complete current cycle then stop. Schedule maintenance within 4 hours.,SPN-MJ-002|SPN-CR-001|VIB-WN-060,440.478,280.373,1106.515,5.256,8.138,bosch_real_fault,CMP-2019-1024
56,SPN-MJ-005,2,MAJOR,SPN,Spindle Drive System,128,spindle_bearing_fault,M01,OP10,M01_Feb_2019_OP10_002,Spindle Drive Thermal Overcurrent,P002,Spindle Load,%,94.5,0.0,85.0,0.0,105.0,"{""P002"": 94.5, ""P003"": 25.654, ""P005"": 93.614, ""P001"": 7084.664, ""P004"": 1.829}",Stop current operation. Machine must be inspected before resuming production.,SPN-CR-002|THM-MD-001|SPN-MJ-001,439.522,274.092,1107.606,4.81,8.132,bosch_real_fault,CMP-2019-1025
57,VIB-MJ-001,2,MAJOR,VIB,Vibration Monitoring,144,spindle_bearing_fault,M01,OP10,M01_Feb_2019_OP10_002,Vibration — ISO Zone C — Major Alert,P060,X-Axis Vibration RMS,mm/s,8.428,0.0,4.5,0.0,11.2,"{""P060"": 8.428, ""P061"": 0.695, ""P062"": 4.184, ""P063"": 4.026, ""P001"": 7812.028, ""P002"": 68.916}",Stop current operation. Machine must be inspected before resuming production.,VIB-CR-001|SPN-MJ-002|VIB-SR-001,439.522,274.092,1107.606,4.81,8.132,bosch_real_fault,CMP-2019-1025
58,SPN-MJ-003,2,MAJOR,SPN,Spindle Drive System,128,tool_wear,M01,OP11,M01_Feb_2019_OP11_000,Spindle Load Anomaly — Possible Tool Breakage,P002,Spindle Load,%,97.4,0.0,85.0,0.0,105.0,"{""P002"": 97.4, ""P005"": 39.862, ""P001"": 7453.445, ""P003"": 64.123, ""P004"": 3.888}",Stop current operation. Machine must be inspected before resuming production.,CLS-SR-001|SPN-WN-004|TCS-MD-001,353.235,265.967,1067.367,6.33,10.208,bosch_real_fault,CMP-2019-1026
59,SPN-SR-001,3,SERIOUS,SPN,Spindle Drive System,128,tool_wear,M01,OP11,M01_Feb_2019_OP11_000,Spindle Load Gradually Increasing — Tool Wear Trend,P002,Spindle Load,%,86.0,0.0,85.0,0.0,105.0,"{""P002"": 86.0, ""P005"": 32.017, ""P001"": 6320.259, ""P003"": 25.945, ""P004"": 3.925}",Complete current cycle then stop. Schedule maintenance within 4 hours.,SPN-MJ-003|SPN-WN-004|TCS-MD-001,353.235,265.967,1067.367,6.33,10.208,bosch_real_fault,CMP-2019-1026
60,SPN-WN-003,6,WARNING,SPN,Spindle Drive System,128,tool_wear,M01,OP11,M01_Feb_2019_OP11_001,Tool Life Counter — Approaching Limit,P002,Spindle Load,%,66.8,0.0,85.0,0.0,105.0,"{""P002"": 66.8, ""P005"": 55.236, ""P001"": 2511.008, ""P003"": 63.744}",Log event. No immediate action required. Review at end of shift.,SPN-WN-001|TCS-NC-001,351.917,272.288,1067.571,6.476,10.188,bosch_real_fault,CMP-2019-1027
61,SPN-SR-001,3,SERIOUS,SPN,Spindle Drive System,128,tool_wear,M01,OP11,M01_Feb_2019_OP11_001,Spindle Load Gradually Increasing — Tool Wear Trend,P002,Spindle Load,%,76.1,0.0,85.0,0.0,105.0,"{""P002"": 76.1, ""P005"": 2.84, ""P001"": 1625.725, ""P003"": 38.054, ""P004"": 3.89}",Complete current cycle then stop. Schedule maintenance within 4 hours.,SPN-MJ-003|SPN-WN-004|TCS-MD-001,351.917,272.288,1067.571,6.476,10.188,bosch_real_fault,CMP-2019-1027
62,SPN-MN-001,5,MINOR,SPN,Spindle Drive System,128,tool_wear,M01,OP11,M01_Feb_2019_OP11_002,Spindle Load — Upper Advisory Threshold,P002,Spindle Load,%,57.7,0.0,85.0,0.0,105.0,"{""P002"": 57.7, ""P001"": 5468.193, ""P003"": 66.401}",Log fault. Monitor parameters. Schedule inspection at next planned maintenance.,SPN-MD-001|SPN-SR-001,350.625,248.183,1063.739,6.54,10.368,bosch_real_fault,CMP-2019-1028
63,VIB-MD-001,4,MODERATE,VIB,Vibration Monitoring,144,tool_wear,M01,OP11,M01_Feb_2019_OP11_002,Crest Factor — Elevated Above Baseline,P063,Vibration Crest Factor,-,3.798,1.0,4.5,0.0,12.0,"{""P063"": 3.798, ""P064"": 2.569, ""P001"": 7028.603, ""P002"": 22.203}",Log fault. Schedule maintenance within 24 hours. Reduce feed rate by 20%.,SPN-SR-003|VIB-SR-001,350.625,248.183,1063.739,6.54,10.368,bosch_real_fault,CMP-2019-1028
64,SPN-WN-004,6,WARNING,SPN,Spindle Drive System,128,tool_wear,M01,OP11,M01_Feb_2021_OP11_000,Spindle Load Variance — Increased Part-to-Part Variation,P002,Spindle Load,%,60.2,0.0,85.0,0.0,105.0,"{""P002"": 60.2, ""P001"": 2830.928, ""P003"": 63.254}",Log event. No immediate action required. Review at end of shift.,SPN-MN-001|CLS-WN-001,352.137,356.02,1059.055,6.245,8.703,bosch_real_fault,CMP-2021-1029
65,SPN-MJ-003,2,MAJOR,SPN,Spindle Drive System,128,tool_wear,M01,OP11,M01_Feb_2021_OP11_000,Spindle Load Anomaly — Possible Tool Breakage,P002,Spindle Load,%,95.6,0.0,85.0,0.0,105.0,"{""P002"": 95.6, ""P005"": 118.108, ""P001"": 1013.602, ""P003"": 69.473, ""P004"": 0.855}",Stop current operation. Machine must be inspected before resuming production.,CLS-SR-001|SPN-WN-004|TCS-MD-001,352.137,356.02,1059.055,6.245,8.703,bosch_real_fault,CMP-2021-1029
66,SPN-MD-001,4,MODERATE,SPN,Spindle Drive System,128,tool_wear,M01,OP11,M01_Feb_2021_OP11_000,Spindle Load — Elevated Baseline,P002,Spindle Load,%,60.6,0.0,85.0,0.0,105.0,"{""P002"": 60.6, ""P005"": 52.327, ""P001"": 4207.371, ""P003"": 64.358}",Log fault. Schedule maintenance within 24 hours. Reduce feed rate by 20%.,SPN-SR-001|SPN-WN-004,352.137,356.02,1059.055,6.245,8.703,bosch_real_fault,CMP-2021-1029
67,LUB-CR-001,1,CRITICAL,LUB,Lubrication System,136,actuator_fault,M01,OP12,M01_Feb_2019_OP12_000,Lubrication System Failure — Machine Stopped,P040,Lubrication Oil Pressure,bar,5.708,2.0,4.5,0.5,6.0,"{""P040"": 5.708, ""P041"": 30.248, ""P001"": 5347.478, ""P002"": 28.067}",Immediate machine stop. Do not restart without authorised technician inspection.,LUB-MJ-001|AXS-SR-002|LUB-SR-001,400.379,274.533,1084.858,5.282,9.463,bosch_real_fault,CMP-2019-1030
68,LUB-MJ-001,2,MAJOR,LUB,Lubrication System,136,actuator_fault,M01,OP12,M01_Feb_2019_OP12_000,Lubrication Pump — No Flow Confirmation,P040,Lubrication Oil Pressure,bar,5.241,2.0,4.5,0.5,6.0,"{""P040"": 5.241, ""P042"": 2.196, ""P001"": 5786.059, ""P002"": 25.527}",Stop current operation. Machine must be inspected before resuming production.,LUB-CR-001|LUB-SR-001,400.379,274.533,1084.858,5.282,9.463,bosch_real_fault,CMP-2019-1030
69,AXS-MJ-001,2,MAJOR,AXS,Axis Servo System,130,actuator_fault,M01,OP12,M01_Feb_2019_OP12_000,Axis Following Error — Major Limit,P016,Axis Following Error,mm,1.011,0.0,0.05,0.0,2.0,"{""P016"": 1.011, ""P010"": -0.002, ""P011"": -0.002, ""P012"": -0.004, ""P001"": 1105.574, ""P002"": 35.738}",Stop current operation. Machine must be inspected before resuming production.,AXS-CR-001|AXS-SR-001|LUB-MD-001,400.379,274.533,1084.858,5.282,9.463,bosch_real_fault,CMP-2019-1030
70,LUB-CR-001,1,CRITICAL,LUB,Lubrication System,136,actuator_fault,M01,OP12,M01_Feb_2019_OP12_001,Lubrication System Failure — Machine Stopped,P040,Lubrication Oil Pressure,bar,5.943,2.0,4.5,0.5,6.0,"{""P040"": 5.943, ""P041"": 71.164, ""P001"": 2477.504, ""P002"": 46.575}",Immediate machine stop. Do not restart without authorised technician inspection.,LUB-MJ-001|AXS-SR-002|LUB-SR-001,400.934,270.525,1081.498,4.978,9.38,bosch_real_fault,CMP-2019-1031
71,LUB-MJ-001,2,MAJOR,LUB,Lubrication System,136,actuator_fault,M01,OP12,M01_Feb_2019_OP12_001,Lubrication Pump — No Flow Confirmation,P040,Lubrication Oil Pressure,bar,5.1,2.0,4.5,0.5,6.0,"{""P040"": 5.1, ""P042"": 1.074, ""P001"": 3496.116, ""P002"": 49.299}",Stop current operation. Machine must be inspected before resuming production.,LUB-CR-001|LUB-SR-001,400.934,270.525,1081.498,4.978,9.38,bosch_real_fault,CMP-2019-1031
72,AXS-MJ-002,2,MAJOR,AXS,Axis Servo System,130,actuator_fault,M01,OP12,M01_Feb_2019_OP12_002,Servo Drive Thermal Warning — Overtemperature,P013,X-Axis Servo Current,A,21.729,0.0,18.0,0.0,25.0,"{""P013"": 21.729, ""P014"": 3.847, ""P015"": 10.41, ""P017"": 65.059, ""P001"": 6388.596, ""P002"": 14.424}",Stop current operation. Machine must be inspected before resuming production.,THM-MD-001|AXS-CR-002|ELC-MJ-001,401.566,256.225,1079.061,5.195,9.374,bosch_real_fault,CMP-2019-1032
73,TCS-CR-001,1,CRITICAL,TCS,Tool Change System,132,actuator_fault,M01,OP12,M01_Feb_2019_OP12_002,ATC Arm Collision — Emergency Stop,P020,Tool Magazine Position,slot,30.7,1.0,30.0,0.0,31.0,"{""P020"": 30.7, ""P021"": 65.309, ""P022"": 5.082, ""P001"": 2747.987, ""P002"": 69.566}",Immediate machine stop. Do not restart without authorised technician inspection.,SPN-CR-003|TCS-MJ-001|HYD-MJ-001,401.566,256.225,1079.061,5.195,9.374,bosch_real_fault,CMP-2019-1032
74,LUB-CR-001,1,CRITICAL,LUB,Lubrication System,136,actuator_fault,M01,OP12,M01_Feb_2019_OP12_002,Lubrication System Failure — Machine Stopped,P040,Lubrication Oil Pressure,bar,5.877,2.0,4.5,0.5,6.0,"{""P040"": 5.877, ""P041"": 75.46, ""P001"": 1874.661, ""P002"": 16.926}",Immediate machine stop. Do not restart without authorised technician inspection.,LUB-MJ-001|AXS-SR-002|LUB-SR-001,401.566,256.225,1079.061,5.195,9.374,bosch_real_fault,CMP-2019-1032
75,AXS-CR-001,1,CRITICAL,AXS,Axis Servo System,130,actuator_fault,M01,OP14,M01_Feb_2019_OP14_000,Axis Following Error — Emergency Stop,P016,Axis Following Error,mm,1.553,0.0,0.05,0.0,2.0,"{""P016"": 1.553, ""P010"": -0.0, ""P011"": 0.007, ""P012"": -0.009, ""P001"": 3374.084, ""P002"": 53.53}",Immediate machine stop. Do not restart without authorised technician inspection.,AXS-MJ-001|AXS-MJ-002|CNC-CR-001,471.237,371.287,1158.336,4.626,6.37,bosch_real_fault,CMP-2019-1033
76,CLS-MJ-001,2,MAJOR,CLS,Coolant System,134,process_anomaly,M02,OP00,M02_Feb_2021_OP00_000,Coolant Overtemperature,P031,Coolant Temperature,°C,40.483,15.0,35.0,5.0,45.0,"{""P031"": 40.483, ""P030"": 21.1, ""P001"": 5282.858, ""P002"": 0.471}",Stop current operation. Machine must be inspected before resuming production.,CLS-CR-001|THM-MD-001,497.784,313.216,1231.296,5.151,6.48,bosch_real_fault,CMP-2021-1034
77,SPN-MD-001,4,MODERATE,SPN,Spindle Drive System,128,tool_wear,M02,OP01,M02_Aug_2019_OP01_000,Spindle Load — Elevated Baseline,P002,Spindle Load,%,65.1,0.0,85.0,0.0,105.0,"{""P002"": 65.1, ""P005"": 96.493, ""P001"": 5597.703, ""P003"": 45.55}",Log fault. Schedule maintenance within 24 hours. Reduce feed rate by 20%.,SPN-SR-001|SPN-WN-004,435.308,187.655,1053.919,4.509,6.375,bosch_real_fault,CMP-2019-1035
78,SPN-WN-003,6,WARNING,SPN,Spindle Drive System,128,tool_wear,M02,OP01,M02_Feb_2019_OP01_000,Tool Life Counter — Approaching Limit,P002,Spindle Load,%,56.1,0.0,85.0,0.0,105.0,"{""P002"": 56.1, ""P005"": 96.17, ""P001"": 5373.864, ""P003"": 74.334}",Log event. No immediate action required. Review at end of shift.,SPN-WN-001|TCS-NC-001,440.934,197.463,1066.36,4.438,6.17,bosch_real_fault,CMP-2019-1036
79,SPN-MD-001,4,MODERATE,SPN,Spindle Drive System,128,tool_wear,M02,OP01,M02_Feb_2019_OP01_000,Spindle Load — Elevated Baseline,P002,Spindle Load,%,74.7,0.0,85.0,0.0,105.0,"{""P002"": 74.7, ""P005"": 114.005, ""P001"": 7142.265, ""P003"": 53.696}",Log fault. Schedule maintenance within 24 hours. Reduce feed rate by 20%.,SPN-SR-001|SPN-WN-004,440.934,197.463,1066.36,4.438,6.17,bosch_real_fault,CMP-2019-1036
80,SPN-MJ-003,2,MAJOR,SPN,Spindle Drive System,128,tool_wear,M02,OP01,M02_Feb_2019_OP01_000,Spindle Load Anomaly — Possible Tool Breakage,P002,Spindle Load,%,97.3,0.0,85.0,0.0,105.0,"{""P002"": 97.3, ""P005"": 60.573, ""P001"": 6661.496, ""P003"": 50.133, ""P004"": 4.037}",Stop current operation. Machine must be inspected before resuming production.,CLS-SR-001|SPN-WN-004|TCS-MD-001,440.934,197.463,1066.36,4.438,6.17,bosch_real_fault,CMP-2019-1036
81,VIB-MD-001,4,MODERATE,VIB,Vibration Monitoring,144,tool_wear,M02,OP01,M02_Feb_2019_OP01_001,Crest Factor — Elevated Above Baseline,P063,Vibration Crest Factor,-,4.239,1.0,4.5,0.0,12.0,"{""P063"": 4.239, ""P064"": 4.6, ""P001"": 2290.76, ""P002"": 66.102}",Log fault. Schedule maintenance within 24 hours. Reduce feed rate by 20%.,SPN-SR-003|VIB-SR-001,442.046,200.006,1066.279,4.357,6.134,bosch_real_fault,CMP-2019-1037
82,SPN-WN-003,6,WARNING,SPN,Spindle Drive System,128,tool_wear,M02,OP01,M02_Feb_2019_OP01_001,Tool Life Counter — Approaching Limit,P002,Spindle Load,%,56.9,0.0,85.0,0.0,105.0,"{""P002"": 56.9, ""P005"": 28.71, ""P001"": 3574.993, ""P003"": 59.245}",Log event. No immediate action required. Review at end of shift.,SPN-WN-001|TCS-NC-001,442.046,200.006,1066.279,4.357,6.134,bosch_real_fault,CMP-2019-1037
83,SPN-WN-001,6,WARNING,SPN,Spindle Drive System,128,tool_wear,M02,OP01,M02_Feb_2019_OP01_001,Spindle Load — Tool Life 80% Consumed,P002,Spindle Load,%,49.5,0.0,85.0,0.0,105.0,"{""P002"": 49.5, ""P001"": 2753.196, ""P003"": 69.116}",Log event. No immediate action required. Review at end of shift.,SPN-MN-001|TCS-MD-001,442.046,200.006,1066.279,4.357,6.134,bosch_real_fault,CMP-2019-1037
84,SPN-WN-001,6,WARNING,SPN,Spindle Drive System,128,tool_wear,M02,OP02,M02_Feb_2019_OP02_000,Spindle Load — Tool Life 80% Consumed,P002,Spindle Load,%,47.0,0.0,85.0,0.0,105.0,"{""P002"": 47.0, ""P001"": 3125.979, ""P003"": 28.404}",Log event. No immediate action required. Review at end of shift.,SPN-MN-001|TCS-MD-001,414.132,378.569,1083.478,5.211,8.034,bosch_real_fault,CMP-2019-1038
85,SPN-SR-001,3,SERIOUS,SPN,Spindle Drive System,128,tool_wear,M02,OP02,M02_Feb_2019_OP02_001,Spindle Load Gradually Increasing — Tool Wear Trend,P002,Spindle Load,%,79.3,0.0,85.0,0.0,105.0,"{""P002"": 79.3, ""P005"": 39.706, ""P001"": 3780.802, ""P003"": 23.425, ""P004"": 3.748}",Complete current cycle then stop. Schedule maintenance within 4 hours.,SPN-MJ-003|SPN-WN-004|TCS-MD-001,412.999,377.46,1081.531,5.179,8.055,bosch_real_fault,CMP-2019-1039
86,AXS-MN-002,5,MINOR,AXS,Axis Servo System,130,chatter_vibration,M02,OP03,M02_Feb_2021_OP03_000,Axis Vibration — Minor Threshold,P060,X-Axis Vibration RMS,mm/s,3.599,0.0,4.5,0.0,11.2,"{""P060"": 3.599, ""P061"": 3.445, ""P062"": 1.712, ""P001"": 146.579, ""P002"": 29.899}",Log fault. Monitor parameters. Schedule inspection at next planned maintenance.,SPN-MJ-004|AXS-SR-001,370.576,385.985,1068.509,5.629,8.731,bosch_real_fault,CMP-2021-1040
87,SPN-MJ-004,2,MAJOR,SPN,Spindle Drive System,128,chatter_vibration,M02,OP03,M02_Feb_2021_OP03_000,Regenerative Chatter — Stability Limit Exceeded,P060,X-Axis Vibration RMS,mm/s,8.694,0.0,4.5,0.0,11.2,"{""P060"": 8.694, ""P061"": 3.841, ""P062"": 4.29, ""P063"": 2.467, ""P001"": 6005.374, ""P002"": 46.421}",Stop current operation. Machine must be inspected before resuming production.,VIB-WN-060|SPN-MJ-002|AXS-MN-002,370.576,385.985,1068.509,5.629,8.731,bosch_real_fault,CMP-2021-1040
88,SPN-MJ-005,2,MAJOR,SPN,Spindle Drive System,128,spindle_bearing_fault,M02,OP04,M02_Aug_2019_OP04_000,Spindle Drive Thermal Overcurrent,P002,Spindle Load,%,94.6,0.0,85.0,0.0,105.0,"{""P002"": 94.6, ""P003"": 46.71, ""P005"": 46.663, ""P001"": 5384.102, ""P004"": 3.592}",Stop current operation. Machine must be inspected before resuming production.,SPN-CR-002|THM-MD-001|SPN-MJ-001,442.778,251.335,1061.144,4.905,6.825,bosch_real_fault,CMP-2019-1041
89,VIB-MN-001,5,MINOR,VIB,Vibration Monitoring,144,tool_wear,M02,OP04,M02_Aug_2019_OP04_000,Kurtosis Index — Rising Trend,P064,Kurtosis Index,-,4.384,2.5,5.0,0.0,25.0,"{""P064"": 4.384, ""P001"": 6739.995, ""P002"": 78.161}",Log fault. Monitor parameters. Schedule inspection at next planned maintenance.,VIB-MD-001|SPN-SR-003,442.778,251.335,1061.144,4.905,6.825,bosch_real_fault,CMP-2019-1041
90,SPN-MJ-001,2,MAJOR,SPN,Spindle Drive System,128,spindle_bearing_fault,M02,OP04,M02_Aug_2019_OP04_000,Spindle Motor Overtemperature,P003,Spindle Motor Temperature,°C,88.884,20.0,75.0,0.0,95.0,"{""P003"": 88.884, ""P001"": 4319.577, ""P002"": 77.089, ""P004"": 2.664, ""P005"": 79.56}",Stop current operation. Machine must be inspected before resuming production.,SPN-CR-002|THM-WN-070|SPN-MN-006,442.778,251.335,1061.144,4.905,6.825,bosch_real_fault,CMP-2019-1041
91,VIB-SR-001,3,SERIOUS,VIB,Vibration Monitoring,144,chatter_vibration,M02,OP04,M02_Feb_2019_OP04_000,Vibration — ISO Zone B Upper — Elevated,P060,X-Axis Vibration RMS,mm/s,3.947,0.0,4.5,0.0,11.2,"{""P060"": 3.947, ""P061"": 2.078, ""P062"": 0.226, ""P001"": 3094.921, ""P002"": 17.991}",Complete current cycle then stop. Schedule maintenance within 4 hours.,VIB-MJ-001|SPN-SR-003|AXS-SR-001,453.937,359.892,1139.528,4.844,6.297,bosch_real_fault,CMP-2019-1042
92,VIB-MJ-001,2,MAJOR,VIB,Vibration Monitoring,144,spindle_bearing_fault,M02,OP04,M02_Feb_2019_OP04_002,Vibration — ISO Zone C — Major Alert,P060,X-Axis Vibration RMS,mm/s,8.948,0.0,4.5,0.0,11.2,"{""P060"": 8.948, ""P061"": 1.252, ""P062"": 4.28, ""P063"": 2.475, ""P001"": 6695.796, ""P002"": 39.976}",Stop current operation. Machine must be inspected before resuming production.,VIB-CR-001|SPN-MJ-002|VIB-SR-001,451.137,363.808,1140.257,4.91,6.361,bosch_real_fault,CMP-2019-1043
93,VIB-SR-001,3,SERIOUS,VIB,Vibration Monitoring,144,chatter_vibration,M02,OP04,M02_Feb_2019_OP04_002,Vibration — ISO Zone B Upper — Elevated,P060,X-Axis Vibration RMS,mm/s,4.499,0.0,4.5,0.0,11.2,"{""P060"": 4.499, ""P061"": 0.234, ""P062"": 4.284, ""P001"": 1871.355, ""P002"": 5.833}",Complete current cycle then stop. Schedule maintenance within 4 hours.,VIB-MJ-001|SPN-SR-003|AXS-SR-001,451.137,363.808,1140.257,4.91,6.361,bosch_real_fault,CMP-2019-1043
94,SPN-CR-001,1,CRITICAL,SPN,Spindle Drive System,128,spindle_bearing_fault,M02,OP05,M02_Feb_2019_OP05_000,Spindle Bearing Catastrophic Failure,P001,Spindle Speed,RPM,8487.0,100.0,8000.0,0.0,8500.0,"{""P001"": 8487, ""P003"": 30.965, ""P004"": 0.092, ""P005"": 18.286, ""P002"": 10.729, ""P006"": 0.017}",Immediate machine stop. Do not restart without authorised technician inspection.,SPN-MJ-002|VIB-WN-060|VIB-MN-061,327.16,108.899,1065.626,5.685,10.219,bosch_real_fault,CMP-2019-1044
95,VIB-SR-001,3,SERIOUS,VIB,Vibration Monitoring,144,chatter_vibration,M02,OP05,M02_Feb_2019_OP05_000,Vibration — ISO Zone B Upper — Elevated,P060,X-Axis Vibration RMS,mm/s,4.333,0.0,4.5,0.0,11.2,"{""P060"": 4.333, ""P061"": 0.981, ""P062"": 3.148, ""P001"": 6158.495, ""P002"": 14.262}",Complete current cycle then stop. Schedule maintenance within 4 hours.,VIB-MJ-001|SPN-SR-003|AXS-SR-001,327.16,108.899,1065.626,5.685,10.219,bosch_real_fault,CMP-2019-1044
96,VIB-MN-001,5,MINOR,VIB,Vibration Monitoring,144,tool_wear,M02,OP05,M02_Feb_2019_OP05_000,Kurtosis Index — Rising Trend,P064,Kurtosis Index,-,4.281,2.5,5.0,0.0,25.0,"{""P064"": 4.281, ""P001"": 6008.613, ""P002"": 9.735}",Log fault. Monitor parameters. Schedule inspection at next planned maintenance.,VIB-MD-001|SPN-SR-003,327.16,108.899,1065.626,5.685,10.219,bosch_real_fault,CMP-2019-1044
97,SPN-SR-003,3,SERIOUS,SPN,Spindle Drive System,128,spindle_bearing_fault,M02,OP05,M02_Feb_2019_OP05_001,Bearing Kurtosis Threshold — Defect Initiation Detected,P004,Spindle Bearing Vibration,mm/s,3.922,0.0,4.5,0.0,11.2,"{""P004"": 3.922, ""P064"": 2.564, ""P001"": 2564.462, ""P002"": 57.575}",Complete current cycle then stop. Schedule maintenance within 4 hours.,SPN-MJ-002|SPN-CR-001|VIB-WN-060,328.562,114.718,1065.81,5.825,10.17,bosch_real_fault,CMP-2019-1045
98,SPN-MD-001,4,MODERATE,SPN,Spindle Drive System,128,tool_wear,M02,OP07,M02_Aug_2019_OP07_000,Spindle Load — Elevated Baseline,P002,Spindle Load,%,64.6,0.0,85.0,0.0,105.0,"{""P002"": 64.6, ""P005"": 71.052, ""P001"": 6661.516, ""P003"": 33.357}",Log fault. Schedule maintenance within 24 hours. Reduce feed rate by 20%.,SPN-SR-001|SPN-WN-004,515.559,402.538,1089.907,3.788,4.863,bosch_real_fault,CMP-2019-1046
99,SPN-MN-001,5,MINOR,SPN,Spindle Drive System,128,tool_wear,M02,OP07,M02_Aug_2019_OP07_000,Spindle Load — Upper Advisory Threshold,P002,Spindle Load,%,63.2,0.0,85.0,0.0,105.0,"{""P002"": 63.2, ""P001"": 2482.503, ""P003"": 57.634}",Log fault. Monitor parameters. Schedule inspection at next planned maintenance.,SPN-MD-001|SPN-SR-001,515.559,402.538,1089.907,3.788,4.863,bosch_real_fault,CMP-2019-1046
100,SPN-MJ-003,2,MAJOR,SPN,Spindle Drive System,128,tool_wear,M02,OP07,M02_Feb_2019_OP07_000,Spindle Load Anomaly — Possible Tool Breakage,P002,Spindle Load,%,95.1,0.0,85.0,0.0,105.0,"{""P002"": 95.1, ""P005"": 51.405, ""P001"": 3027.51, ""P003"": 47.828, ""P004"": 1.536}",Stop current operation. Machine must be inspected before resuming production.,CLS-SR-001|SPN-WN-004|TCS-MD-001,495.933,307.33,1094.209,3.884,5.194,bosch_real_fault,CMP-2019-1047
101,VIB-MD-001,4,MODERATE,VIB,Vibration Monitoring,144,tool_wear,M02,OP07,M02_Feb_2019_OP07_001,Crest Factor — Elevated Above Baseline,P063,Vibration Crest Factor,-,3.905,1.0,4.5,0.0,12.0,"{""P063"": 3.905, ""P064"": 3.405, ""P001"": 7143.443, ""P002"": 39.078}",Log fault. Schedule maintenance within 24 hours. Reduce feed rate by 20%.,SPN-SR-003|VIB-SR-001,492.775,298.998,1092.535,4.312,5.278,bosch_real_fault,CMP-2019-1048
102,SPN-MJ-003,2,MAJOR,SPN,Spindle Drive System,128,tool_wear,M02,OP07,M02_Feb_2019_OP07_001,Spindle Load Anomaly — Possible Tool Breakage,P002,Spindle Load,%,93.9,0.0,85.0,0.0,105.0,"{""P002"": 93.9, ""P005"": 21.136, ""P001"": 4221.799, ""P003"": 55.775, ""P004"": 2.772}",Stop current operation. Machine must be inspected before resuming production.,CLS-SR-001|SPN-WN-004|TCS-MD-001,492.775,298.998,1092.535,4.312,5.278,bosch_real_fault,CMP-2019-1048
103,VIB-MD-001,4,MODERATE,VIB,Vibration Monitoring,144,tool_wear,M02,OP08,M02_Aug_2019_OP08_000,Crest Factor — Elevated Above Baseline,P063,Vibration Crest Factor,-,4.317,1.0,4.5,0.0,12.0,"{""P063"": 4.317, ""P064"": 3.981, ""P001"": 2646.206, ""P002"": 20.867}",Log fault. Schedule maintenance within 24 hours. Reduce feed rate by 20%.,SPN-SR-003|VIB-SR-001,354.099,281.797,1054.841,5.623,9.903,bosch_real_fault,CMP-2019-1049
104,SPN-WN-003,6,WARNING,SPN,Spindle Drive System,128,tool_wear,M02,OP08,M02_Aug_2019_OP08_000,Tool Life Counter — Approaching Limit,P002,Spindle Load,%,70.3,0.0,85.0,0.0,105.0,"{""P002"": 70.3, ""P005"": 33.471, ""P001"": 3661.336, ""P003"": 61.276}",Log event. No immediate action required. Review at end of shift.,SPN-WN-001|TCS-NC-001,354.099,281.797,1054.841,5.623,9.903,bosch_real_fault,CMP-2019-1049
105,SPN-MD-001,4,MODERATE,SPN,Spindle Drive System,128,tool_wear,M02,OP08,M02_Aug_2019_OP08_000,Spindle Load — Elevated Baseline,P002,Spindle Load,%,74.0,0.0,85.0,0.0,105.0,"{""P002"": 74.0, ""P005"": 80.183, ""P001"": 2757.533, ""P003"": 47.187}",Log fault. Schedule maintenance within 24 hours. Reduce feed rate by 20%.,SPN-SR-001|SPN-WN-004,354.099,281.797,1054.841,5.623,9.903,bosch_real_fault,CMP-2019-1049
106,SPN-WN-001,6,WARNING,SPN,Spindle Drive System,128,tool_wear,M02,OP08,M02_Aug_2021_OP08_000,Spindle Load — Tool Life 80% Consumed,P002,Spindle Load,%,48.8,0.0,85.0,0.0,105.0,"{""P002"": 48.8, ""P001"": 6402.876, ""P003"": 38.719}",Log event. No immediate action required. Review at end of shift.,SPN-MN-001|TCS-MD-001,313.759,167.315,1052.059,6.413,9.964,bosch_real_fault,CMP-2021-1050
107,SPN-WN-003,6,WARNING,SPN,Spindle Drive System,128,tool_wear,M02,OP08,M02_Aug_2021_OP08_000,Tool Life Counter — Approaching Limit,P002,Spindle Load,%,68.7,0.0,85.0,0.0,105.0,"{""P002"": 68.7, ""P005"": 84.142, ""P001"": 2282.522, ""P003"": 20.558}",Log event. No immediate action required. Review at end of shift.,SPN-WN-001|TCS-NC-001,313.759,167.315,1052.059,6.413,9.964,bosch_real_fault,CMP-2021-1050
108,SPN-SR-001,3,SERIOUS,SPN,Spindle Drive System,128,tool_wear,M02,OP08,M02_Feb_2019_OP08_000,Spindle Load Gradually Increasing — Tool Wear Trend,P002,Spindle Load,%,76.4,0.0,85.0,0.0,105.0,"{""P002"": 76.4, ""P005"": 48.771, ""P001"": 4485.892, ""P003"": 33.218, ""P004"": 2.142}",Complete current cycle then stop. Schedule maintenance within 4 hours.,SPN-MJ-003|SPN-WN-004|TCS-MD-001,335.223,223.394,1063.775,6.148,11.263,bosch_real_fault,CMP-2019-1051
109,VIB-MD-001,4,MODERATE,VIB,Vibration Monitoring,144,tool_wear,M02,OP08,M02_Feb_2019_OP08_001,Crest Factor — Elevated Above Baseline,P063,Vibration Crest Factor,-,3.548,1.0,4.5,0.0,12.0,"{""P063"": 3.548, ""P064"": 3.054, ""P001"": 5565.119, ""P002"": 26.028}",Log fault. Schedule maintenance within 24 hours. Reduce feed rate by 20%.,SPN-SR-003|VIB-SR-001,334.144,220.055,1063.429,5.869,11.374,bosch_real_fault,CMP-2019-1052
110,SPN-WN-003,6,WARNING,SPN,Spindle Drive System,128,tool_wear,M02,OP08,M02_Feb_2019_OP08_001,Tool Life Counter — Approaching Limit,P002,Spindle Load,%,59.8,0.0,85.0,0.0,105.0,"{""P002"": 59.8, ""P005"": 56.791, ""P001"": 4294.283, ""P003"": 43.403}",Log event. No immediate action required. Review at end of shift.,SPN-WN-001|TCS-NC-001,334.144,220.055,1063.429,5.869,11.374,bosch_real_fault,CMP-2019-1052
111,SPN-MJ-003,2,MAJOR,SPN,Spindle Drive System,128,tool_wear,M02,OP08,M02_Feb_2019_OP08_001,Spindle Load Anomaly — Possible Tool Breakage,P002,Spindle Load,%,97.5,0.0,85.0,0.0,105.0,"{""P002"": 97.5, ""P005"": 39.695, ""P001"": 5652.554, ""P003"": 34.9, ""P004"": 1.131}",Stop current operation. Machine must be inspected before resuming production.,CLS-SR-001|SPN-WN-004|TCS-MD-001,334.144,220.055,1063.429,5.869,11.374,bosch_real_fault,CMP-2019-1052
112,SPN-MJ-005,2,MAJOR,SPN,Spindle Drive System,128,spindle_bearing_fault,M02,OP10,M02_Feb_2019_OP10_000,Spindle Drive Thermal Overcurrent,P002,Spindle Load,%,94.9,0.0,85.0,0.0,105.0,"{""P002"": 94.9, ""P003"": 60.858, ""P005"": 114.105, ""P001"": 5552.292, ""P004"": 0.862}",Stop current operation. Machine must be inspected before resuming production.,SPN-CR-002|THM-MD-001|SPN-MJ-001,435.129,239.41,1133.177,5.005,7.947,bosch_real_fault,CMP-2019-1053
113,VIB-MN-001,5,MINOR,VIB,Vibration Monitoring,144,tool_wear,M02,OP10,M02_Feb_2019_OP10_001,Kurtosis Index — Rising Trend,P064,Kurtosis Index,-,4.266,2.5,5.0,0.0,25.0,"{""P064"": 4.266, ""P001"": 6105.642, ""P002"": 50.727}",Log fault. Monitor parameters. Schedule inspection at next planned maintenance.,VIB-MD-001|SPN-SR-003,435.258,237.462,1133.114,5.326,7.959,bosch_real_fault,CMP-2019-1054
114,SPN-MJ-002,2,MAJOR,SPN,Spindle Drive System,128,spindle_bearing_fault,M02,OP10,M02_Feb_2019_OP10_001,Spindle Bearing Vibration — Major Threshold Exceeded,P004,Spindle Bearing Vibration,mm/s,9.151,0.0,4.5,0.0,11.2,"{""P004"": 9.151, ""P063"": 3.914, ""P064"": 3.241, ""P001"": 2950.96, ""P002"": 25.693}",Stop current operation. Machine must be inspected before resuming production.,SPN-CR-001|VIB-MN-061|SPN-SR-003,435.258,237.462,1133.114,5.326,7.959,bosch_real_fault,CMP-2019-1054
115,VIB-MJ-001,2,MAJOR,VIB,Vibration Monitoring,144,spindle_bearing_fault,M02,OP10,M02_Feb_2019_OP10_001,Vibration — ISO Zone C — Major Alert,P060,X-Axis Vibration RMS,mm/s,8.603,0.0,4.5,0.0,11.2,"{""P060"": 8.603, ""P061"": 0.57, ""P062"": 0.205, ""P063"": 1.191, ""P001"": 2407.879, ""P002"": 80.248}",Stop current operation. Machine must be inspected before resuming production.,VIB-CR-001|SPN-MJ-002|VIB-SR-001,435.258,237.462,1133.114,5.326,7.959,bosch_real_fault,CMP-2019-1054
116,VIB-MD-001,4,MODERATE,VIB,Vibration Monitoring,144,tool_wear,M02,OP11,M02_Feb_2019_OP11_000,Crest Factor — Elevated Above Baseline,P063,Vibration Crest Factor,-,4.053,1.0,4.5,0.0,12.0,"{""P063"": 4.053, ""P064"": 3.673, ""P001"": 3579.704, ""P002"": 15.671}",Log fault. Schedule maintenance within 24 hours. Reduce feed rate by 20%.,SPN-SR-003|VIB-SR-001,318.285,239.166,1061.985,5.702,10.074,bosch_real_fault,CMP-2019-1055
117,SPN-MJ-003,2,MAJOR,SPN,Spindle Drive System,128,tool_wear,M02,OP11,M02_Feb_2019_OP11_000,Spindle Load Anomaly — Possible Tool Breakage,P002,Spindle Load,%,93.3,0.0,85.0,0.0,105.0,"{""P002"": 93.3, ""P005"": 112.928, ""P001"": 3874.061, ""P003"": 65.216, ""P004"": 1.803}",Stop current operation. Machine must be inspected before resuming production.,CLS-SR-001|SPN-WN-004|TCS-MD-001,318.285,239.166,1061.985,5.702,10.074,bosch_real_fault,CMP-2019-1055
118,SPN-MD-001,4,MODERATE,SPN,Spindle Drive System,128,tool_wear,M02,OP11,M02_Feb_2019_OP11_000,Spindle Load — Elevated Baseline,P002,Spindle Load,%,61.4,0.0,85.0,0.0,105.0,"{""P002"": 61.4, ""P005"": 75.533, ""P001"": 523.512, ""P003"": 28.206}",Log fault. Schedule maintenance within 24 hours. Reduce feed rate by 20%.,SPN-SR-001|SPN-WN-004,318.285,239.166,1061.985,5.702,10.074,bosch_real_fault,CMP-2019-1055
119,SPN-WN-004,6,WARNING,SPN,Spindle Drive System,128,tool_wear,M02,OP11,M02_Feb_2019_OP11_001,Spindle Load Variance — Increased Part-to-Part Variation,P002,Spindle Load,%,46.0,0.0,85.0,0.0,105.0,"{""P002"": 46.0, ""P001"": 6139.103, ""P003"": 53.347}",Log event. No immediate action required. Review at end of shift.,SPN-MN-001|CLS-WN-001,314.971,241.289,1061.144,5.705,10.259,bosch_real_fault,CMP-2019-1056
120,SPN-MJ-003,2,MAJOR,SPN,Spindle Drive System,128,tool_wear,M02,OP11,M02_Feb_2019_OP11_001,Spindle Load Anomaly — Possible Tool Breakage,P002,Spindle Load,%,97.7,0.0,85.0,0.0,105.0,"{""P002"": 97.7, ""P005"": 27.082, ""P001"": 4228.323, ""P003"": 44.778, ""P004"": 1.992}",Stop current operation. Machine must be inspected before resuming production.,CLS-SR-001|SPN-WN-004|TCS-MD-001,314.971,241.289,1061.144,5.705,10.259,bosch_real_fault,CMP-2019-1056
121,SPN-SR-001,3,SERIOUS,SPN,Spindle Drive System,128,tool_wear,M02,OP11,M02_Feb_2019_OP11_001,Spindle Load Gradually Increasing — Tool Wear Trend,P002,Spindle Load,%,86.9,0.0,85.0,0.0,105.0,"{""P002"": 86.9, ""P005"": 118.804, ""P001"": 2512.504, ""P003"": 54.157, ""P004"": 2.743}",Complete current cycle then stop. Schedule maintenance within 4 hours.,SPN-MJ-003|SPN-WN-004|TCS-MD-001,314.971,241.289,1061.144,5.705,10.259,bosch_real_fault,CMP-2019-1056
122,AXS-CR-001,1,CRITICAL,AXS,Axis Servo System,130,actuator_fault,M02,OP12,M02_Feb_2019_OP12_000,Axis Following Error — Emergency Stop,P016,Axis Following Error,mm,1.565,0.0,0.05,0.0,2.0,"{""P016"": 1.565, ""P010"": -0.008, ""P011"": -0.005, ""P012"": 0.001, ""P001"": 1336.608, ""P002"": 34.724}",Immediate machine stop. Do not restart without authorised technician inspection.,AXS-MJ-001|AXS-MJ-002|CNC-CR-001,403.212,252.99,1133.266,5.042,8.826,bosch_real_fault,CMP-2019-1057
123,AXS-MJ-001,2,MAJOR,AXS,Axis Servo System,130,actuator_fault,M02,OP12,M02_Feb_2019_OP12_000,Axis Following Error — Major Limit,P016,Axis Following Error,mm,1.233,0.0,0.05,0.0,2.0,"{""P016"": 1.233, ""P010"": -0.001, ""P011"": -0.009, ""P012"": -0.004, ""P001"": 2333.475, ""P002"": 73.067}",Stop current operation. Machine must be inspected before resuming production.,AXS-CR-001|AXS-SR-001|LUB-MD-001,403.212,252.99,1133.266,5.042,8.826,bosch_real_fault,CMP-2019-1057
124,LUB-CR-001,1,CRITICAL,LUB,Lubrication System,136,actuator_fault,M02,OP12,M02_Feb_2019_OP12_000,Lubrication System Failure — Machine Stopped,P040,Lubrication Oil Pressure,bar,5.581,2.0,4.5,0.5,6.0,"{""P040"": 5.581, ""P041"": 42.507, ""P001"": 2189.982, ""P002"": 67.256}",Immediate machine stop. Do not restart without authorised technician inspection.,LUB-MJ-001|AXS-SR-002|LUB-SR-001,403.212,252.99,1133.266,5.042,8.826,bosch_real_fault,CMP-2019-1057
125,LUB-CR-001,1,CRITICAL,LUB,Lubrication System,136,actuator_fault,M02,OP12,M02_Feb_2019_OP12_001,Lubrication System Failure — Machine Stopped,P040,Lubrication Oil Pressure,bar,5.6,2.0,4.5,0.5,6.0,"{""P040"": 5.6, ""P041"": 41.861, ""P001"": 1277.016, ""P002"": 22.579}",Immediate machine stop. Do not restart without authorised technician inspection.,LUB-MJ-001|AXS-SR-002|LUB-SR-001,403.043,251.82,1132.61,5.079,8.835,bosch_real_fault,CMP-2019-1058
126,AXS-MJ-001,2,MAJOR,AXS,Axis Servo System,130,actuator_fault,M02,OP12,M02_Feb_2019_OP12_001,Axis Following Error — Major Limit,P016,Axis Following Error,mm,0.913,0.0,0.05,0.0,2.0,"{""P016"": 0.913, ""P010"": -0.009, ""P011"": 0.006, ""P012"": 0.002, ""P001"": 6611.498, ""P002"": 78.301}",Stop current operation. Machine must be inspected before resuming production.,AXS-CR-001|AXS-SR-001|LUB-MD-001,403.043,251.82,1132.61,5.079,8.835,bosch_real_fault,CMP-2019-1058
127,TCS-CR-001,1,CRITICAL,TCS,Tool Change System,132,actuator_fault,M02,OP12,M02_Feb_2019_OP12_001,ATC Arm Collision — Emergency Stop,P020,Tool Magazine Position,slot,30.8,1.0,30.0,0.0,31.0,"{""P020"": 30.8, ""P021"": 64.374, ""P022"": 4.26, ""P001"": 3279.817, ""P002"": 23.141}",Immediate machine stop. Do not restart without authorised technician inspection.,SPN-CR-003|TCS-MJ-001|HYD-MJ-001,403.043,251.82,1132.61,5.079,8.835,bosch_real_fault,CMP-2019-1058
128,TCS-CR-001,1,CRITICAL,TCS,Tool Change System,132,actuator_fault,M02,OP14,M02_Feb_2019_OP14_000,ATC Arm Collision — Emergency Stop,P020,Tool Magazine Position,slot,30.9,1.0,30.0,0.0,31.0,"{""P020"": 30.9, ""P021"": 72.788, ""P022"": 5.336, ""P001"": 4869.338, ""P002"": 2.199}",Immediate machine stop. Do not restart without authorised technician inspection.,SPN-CR-003|TCS-MJ-001|HYD-MJ-001,492.607,391.791,1309.6,4.35,5.454,bosch_real_fault,CMP-2019-1059
129,LUB-MJ-001,2,MAJOR,LUB,Lubrication System,136,actuator_fault,M02,OP14,M02_Feb_2019_OP14_000,Lubrication Pump — No Flow Confirmation,P040,Lubrication Oil Pressure,bar,5.203,2.0,4.5,0.5,6.0,"{""P040"": 5.203, ""P042"": 1.849, ""P001"": 6898.083, ""P002"": 49.905}",Stop current operation. Machine must be inspected before resuming production.,LUB-CR-001|LUB-SR-001,492.607,391.791,1309.6,4.35,5.454,bosch_real_fault,CMP-2019-1059
130,AXS-CR-001,1,CRITICAL,AXS,Axis Servo System,130,actuator_fault,M02,OP14,M02_Feb_2019_OP14_000,Axis Following Error — Emergency Stop,P016,Axis Following Error,mm,1.427,0.0,0.05,0.0,2.0,"{""P016"": 1.427, ""P010"": 0.005, ""P011"": 0.006, ""P012"": 0.002, ""P001"": 6128.561, ""P002"": 14.891}",Immediate machine stop. Do not restart without authorised technician inspection.,AXS-MJ-001|AXS-MJ-002|CNC-CR-001,492.607,391.791,1309.6,4.35,5.454,bosch_real_fault,CMP-2019-1059
131,LUB-CR-001,1,CRITICAL,LUB,Lubrication System,136,actuator_fault,M02,OP14,M02_Feb_2019_OP14_001,Lubrication System Failure — Machine Stopped,P040,Lubrication Oil Pressure,bar,5.629,2.0,4.5,0.5,6.0,"{""P040"": 5.629, ""P041"": 68.9, ""P001"": 5114.799, ""P002"": 41.797}",Immediate machine stop. Do not restart without authorised technician inspection.,LUB-MJ-001|AXS-SR-002|LUB-SR-001,494.1,389.431,1294.433,4.831,5.472,bosch_real_fault,CMP-2019-1060
132,TCS-CR-001,1,CRITICAL,TCS,Tool Change System,132,actuator_fault,M02,OP14,M02_Feb_2019_OP14_001,ATC Arm Collision — Emergency Stop,P020,Tool Magazine Position,slot,30.7,1.0,30.0,0.0,31.0,"{""P020"": 30.7, ""P021"": 61.959, ""P022"": 4.333, ""P001"": 5394.055, ""P002"": 72.907}",Immediate machine stop. Do not restart without authorised technician inspection.,SPN-CR-003|TCS-MJ-001|HYD-MJ-001,494.1,389.431,1294.433,4.831,5.472,bosch_real_fault,CMP-2019-1060
133,AXS-MJ-002,2,MAJOR,AXS,Axis Servo System,130,actuator_fault,M02,OP14,M02_Feb_2019_OP14_001,Servo Drive Thermal Warning — Overtemperature,P013,X-Axis Servo Current,A,21.493,0.0,18.0,0.0,25.0,"{""P013"": 21.493, ""P014"": 12.486, ""P015"": 6.341, ""P017"": 67.26, ""P001"": 6527.172, ""P002"": 46.758}",Stop current operation. Machine must be inspected before resuming production.,THM-MD-001|AXS-CR-002|ELC-MJ-001,494.1,389.431,1294.433,4.831,5.472,bosch_real_fault,CMP-2019-1060
134,SPN-SR-001,3,SERIOUS,SPN,Spindle Drive System,128,tool_wear,M03,OP01,M03_Aug_2019_OP01_000,Spindle Load Gradually Increasing — Tool Wear Trend,P002,Spindle Load,%,76.5,0.0,85.0,0.0,105.0,"{""P002"": 76.5, ""P005"": 13.911, ""P001"": 6203.129, ""P003"": 67.57, ""P004"": 3.712}",Complete current cycle then stop. Schedule maintenance within 4 hours.,SPN-MJ-003|SPN-WN-004|TCS-MD-001,483.024,194.09,1055.448,4.122,5.581,bosch_real_fault,CMP-2019-1061
135,SPN-WN-001,6,WARNING,SPN,Spindle Drive System,128,tool_wear,M03,OP01,M03_Aug_2019_OP01_000,Spindle Load — Tool Life 80% Consumed,P002,Spindle Load,%,42.5,0.0,85.0,0.0,105.0,"{""P002"": 42.5, ""P001"": 6968.003, ""P003"": 45.409}",Log event. No immediate action required. Review at end of shift.,SPN-MN-001|TCS-MD-001,483.024,194.09,1055.448,4.122,5.581,bosch_real_fault,CMP-2019-1061
136,SPN-WN-003,6,WARNING,SPN,Spindle Drive System,128,tool_wear,M03,OP01,M03_Feb_2021_OP01_000,Tool Life Counter — Approaching Limit,P002,Spindle Load,%,57.9,0.0,85.0,0.0,105.0,"{""P002"": 57.9, ""P005"": 74.716, ""P001"": 4038.096, ""P003"": 44.312}",Log event. No immediate action required. Review at end of shift.,SPN-WN-001|TCS-NC-001,489.361,211.668,1061.12,6.541,6.558,bosch_real_fault,CMP-2021-1062
137,SPN-WN-003,6,WARNING,SPN,Spindle Drive System,128,tool_wear,M03,OP02,M03_Feb_2021_OP02_000,Tool Life Counter — Approaching Limit,P002,Spindle Load,%,50.4,0.0,85.0,0.0,105.0,"{""P002"": 50.4, ""P005"": 15.722, ""P001"": 2375.43, ""P003"": 68.447}",Log event. No immediate action required. Review at end of shift.,SPN-WN-001|TCS-NC-001,482.006,613.328,1066.54,6.99,7.543,bosch_real_fault,CMP-2021-1063
138,SPN-MJ-001,2,MAJOR,SPN,Spindle Drive System,128,spindle_bearing_fault,M03,OP04,M03_Aug_2019_OP04_000,Spindle Motor Overtemperature,P003,Spindle Motor Temperature,°C,88.839,20.0,75.0,0.0,95.0,"{""P003"": 88.839, ""P001"": 4910.086, ""P002"": 20.34, ""P004"": 0.713, ""P005"": 66.101}",Stop current operation. Machine must be inspected before resuming production.,SPN-CR-002|THM-WN-070|SPN-MN-006,474.079,444.864,1062.073,5.879,5.952,bosch_real_fault,CMP-2019-1064
139,SPN-CR-001,1,CRITICAL,SPN,Spindle Drive System,128,spindle_bearing_fault,M03,OP04,M03_Aug_2019_OP04_000,Spindle Bearing Catastrophic Failure,P001,Spindle Speed,RPM,8430.0,100.0,8000.0,0.0,8500.0,"{""P001"": 8430, ""P003"": 25.127, ""P004"": 4.465, ""P005"": 109.552, ""P002"": 39.223, ""P006"": -0.038}",Immediate machine stop. Do not restart without authorised technician inspection.,SPN-MJ-002|VIB-WN-060|VIB-MN-061,474.079,444.864,1062.073,5.879,5.952,bosch_real_fault,CMP-2019-1064
140,VIB-MN-001,5,MINOR,VIB,Vibration Monitoring,144,tool_wear,M03,OP04,M03_Feb_2021_OP04_000,Kurtosis Index — Rising Trend,P064,Kurtosis Index,-,4.566,2.5,5.0,0.0,25.0,"{""P064"": 4.566, ""P001"": 2405.706, ""P002"": 59.96}",Log fault. Monitor parameters. Schedule inspection at next planned maintenance.,VIB-MD-001|SPN-SR-003,461.236,335.814,1061.327,7.393,7.345,bosch_real_fault,CMP-2021-1065
141,VIB-MD-001,4,MODERATE,VIB,Vibration Monitoring,144,tool_wear,M03,OP07,M03_Aug_2019_OP07_000,Crest Factor — Elevated Above Baseline,P063,Vibration Crest Factor,-,3.706,1.0,4.5,0.0,12.0,"{""P063"": 3.706, ""P064"": 3.878, ""P001"": 3130.33, ""P002"": 78.359}",Log fault. Schedule maintenance within 24 hours. Reduce feed rate by 20%.,SPN-SR-003|VIB-SR-001,562.131,293.731,1052.274,4.36,4.62,bosch_real_fault,CMP-2019-1066
142,SPN-WN-003,6,WARNING,SPN,Spindle Drive System,128,tool_wear,M03,OP07,M03_Aug_2019_OP07_000,Tool Life Counter — Approaching Limit,P002,Spindle Load,%,57.6,0.0,85.0,0.0,105.0,"{""P002"": 57.6, ""P005"": 105.519, ""P001"": 6925.813, ""P003"": 35.194}",Log event. No immediate action required. Review at end of shift.,SPN-WN-001|TCS-NC-001,562.131,293.731,1052.274,4.36,4.62,bosch_real_fault,CMP-2019-1066
143,SPN-MN-001,5,MINOR,SPN,Spindle Drive System,128,tool_wear,M03,OP07,M03_Aug_2021_OP07_000,Spindle Load — Upper Advisory Threshold,P002,Spindle Load,%,57.6,0.0,85.0,0.0,105.0,"{""P002"": 57.6, ""P001"": 6582.341, ""P003"": 35.556}",Log fault. Monitor parameters. Schedule inspection at next planned maintenance.,SPN-MD-001|SPN-SR-001,479.674,266.427,1051.819,4.98,6.796,bosch_real_fault,CMP-2021-1067
144,SPN-MD-001,4,MODERATE,SPN,Spindle Drive System,128,tool_wear,M03,OP07,M03_Aug_2021_OP07_000,Spindle Load — Elevated Baseline,P002,Spindle Load,%,67.1,0.0,85.0,0.0,105.0,"{""P002"": 67.1, ""P005"": 70.433, ""P001"": 7991.328, ""P003"": 46.93}",Log fault. Schedule maintenance within 24 hours. Reduce feed rate by 20%.,SPN-SR-001|SPN-WN-004,479.674,266.427,1051.819,4.98,6.796,bosch_real_fault,CMP-2021-1067
145,VIB-MD-001,4,MODERATE,VIB,Vibration Monitoring,144,tool_wear,M03,OP07,M03_Feb_2021_OP07_000,Crest Factor — Elevated Above Baseline,P063,Vibration Crest Factor,-,4.016,1.0,4.5,0.0,12.0,"{""P063"": 4.016, ""P064"": 3.363, ""P001"": 4460.148, ""P002"": 46.192}",Log fault. Schedule maintenance within 24 hours. Reduce feed rate by 20%.,SPN-SR-003|VIB-SR-001,541.775,348.638,1056.54,5.342,5.864,bosch_real_fault,CMP-2021-1068
146,VIB-MJ-001,2,MAJOR,VIB,Vibration Monitoring,144,spindle_bearing_fault,M03,OP10,M03_Aug_2021_OP10_000,Vibration — ISO Zone C — Major Alert,P060,X-Axis Vibration RMS,mm/s,7.559,0.0,4.5,0.0,11.2,"{""P060"": 7.559, ""P061"": 3.139, ""P062"": 2.573, ""P063"": 1.817, ""P001"": 6226.801, ""P002"": 3.71}",Stop current operation. Machine must be inspected before resuming production.,VIB-CR-001|SPN-MJ-002|VIB-SR-001,452.787,235.801,1044.512,5.833,8.742,bosch_real_fault,CMP-2021-1069
147,VIB-SR-001,3,SERIOUS,VIB,Vibration Monitoring,144,chatter_vibration,M03,OP10,M03_Aug_2021_OP10_000,Vibration — ISO Zone B Upper — Elevated,P060,X-Axis Vibration RMS,mm/s,4.495,0.0,4.5,0.0,11.2,"{""P060"": 4.495, ""P061"": 3.174, ""P062"": 3.651, ""P001"": 3150.022, ""P002"": 56.414}",Complete current cycle then stop. Schedule maintenance within 4 hours.,VIB-MJ-001|SPN-SR-003|AXS-SR-001,452.787,235.801,1044.512,5.833,8.742,bosch_real_fault,CMP-2021-1069
148,AXS-NC-001,7,NOTICE,AXS,Axis Servo System,130,process_anomaly,M02,OP01,M02_OP01_inst0148,Axis Position — Reference Established,P010,X-Axis Position Error,mm,-0.007,-0.01,0.01,-0.5,0.5,"{""P010"": -0.007, ""P011"": 0.009, ""P012"": -0.003, ""P001"": 892.88, ""P002"": 71.828}",Informational. Parameter approaching limit. Review during next maintenance window.,,,,,,,synthetic_normal,
149,SPN-AD-001,8,ADVISORY,SPN,Spindle Drive System,128,process_anomaly,M03,OP07,M03_OP07_inst0149,Spindle Running at Reduced Speed — Override Active,P001,Spindle Speed,RPM,938.0,100.0,8000.0,0.0,8500.0,"{""P001"": 938, ""P083"": 17.299, ""P002"": 74.029, ""P003"": 73.348}",Performance advisory only. No maintenance action required.,SPN-MD-002,,,,,,synthetic_normal,
150,SPN-NC-001,7,NOTICE,SPN,Spindle Drive System,128,process_anomaly,M02,OP14,M02_OP14_inst0150,Spindle Speed Program Limit Active,P001,Spindle Speed,RPM,3952.0,100.0,8000.0,0.0,8500.0,"{""P001"": 3952, ""P002"": 28.778, ""P003"": 58.099, ""P004"": 2.924}",Informational. Parameter approaching limit. Review during next maintenance window.,,,,,,,synthetic_normal,
151,VIB-NC-001,7,NOTICE,VIB,Vibration Monitoring,144,process_anomaly,M03,OP14,M03_OP14_inst0151,Crest Factor — Within Normal Band,P063,Vibration Crest Factor,-,2.097,1.0,4.5,0.0,12.0,"{""P063"": 2.097, ""P001"": 7637.703, ""P002"": 53.278}",Informational. Parameter approaching limit. Review during next maintenance window.,,,,,,,synthetic_normal,
152,CNC-AD-001,8,ADVISORY,CNC,CNC Controller,140,process_anomaly,M03,OP01,M03_OP01_inst0152,NC Block Counter,P082,NC Program Block Number,block,34698.0,0.0,99999.0,0.0,99999.0,"{""P082"": 34698, ""P001"": 1954.685, ""P002"": 58.174}",Performance advisory only. No maintenance action required.,,,,,,,synthetic_normal,
153,LUB-NC-001,7,NOTICE,LUB,Lubrication System,136,process_anomaly,M01,OP11,M01_OP11_inst0153,Lubrication Cycle Complete,P040,Lubrication Oil Pressure,bar,2.34,2.0,4.5,0.5,6.0,"{""P040"": 2.34, ""P042"": 2.457, ""P001"": 6106.921, ""P002"": 59.831}",Informational. Parameter approaching limit. Review during next maintenance window.,,,,,,,synthetic_normal,
154,SPN-AD-001,8,ADVISORY,SPN,Spindle Drive System,128,process_anomaly,M02,OP02,M02_OP02_inst0154,Spindle Running at Reduced Speed — Override Active,P001,Spindle Speed,RPM,3083.0,100.0,8000.0,0.0,8500.0,"{""P001"": 3083, ""P083"": 108.411, ""P002"": 3.909, ""P003"": 63.788}",Performance advisory only. No maintenance action required.,SPN-MD-002,,,,,,synthetic_normal,
155,LUB-NC-001,7,NOTICE,LUB,Lubrication System,136,process_anomaly,M02,OP04,M02_OP04_inst0155,Lubrication Cycle Complete,P040,Lubrication Oil Pressure,bar,2.681,2.0,4.5,0.5,6.0,"{""P040"": 2.681, ""P042"": 0.988, ""P001"": 3355.209, ""P002"": 57.953}",Informational. Parameter approaching limit. Review during next maintenance window.,,,,,,,synthetic_normal,
156,TCS-WN-001,6,WARNING,TCS,Tool Change System,132,tool_wear,M01,OP02,M01_OP02_inst0156,Next Tool Pre-Call — Long ATC Cycle Expected,P020,Tool Magazine Position,slot,16.3,1.0,30.0,0.0,31.0,"{""P020"": 16.3, ""P001"": 6979.633, ""P002"": 52.675}",Log event. No immediate action required. Review at end of shift.,,,,,,,synthetic_normal,
157,CLS-NC-001,7,NOTICE,CLS,Coolant System,134,process_anomaly,M02,OP08,M02_OP08_inst0157,Coolant Temperature Stabilised,P031,Coolant Temperature,°C,18.145,15.0,35.0,5.0,45.0,"{""P031"": 18.145, ""P001"": 3743.084, ""P002"": 21.588}",Informational. Parameter approaching limit. Review during next maintenance window.,,,,,,,synthetic_normal,
158,CLS-AD-001,8,ADVISORY,CLS,Coolant System,134,process_anomaly,M03,OP01,M03_OP01_inst0158,Coolant — Through-Spindle Active,P030,Coolant Flow Rate,L/min,26.489,15.0,40.0,5.0,50.0,"{""P030"": 26.489, ""P001"": 3775.501, ""P002"": 24.449}",Performance advisory only. No maintenance action required.,,,,,,,synthetic_normal,
159,AXS-AD-001,8,ADVISORY,AXS,Axis Servo System,130,process_anomaly,M01,OP07,M01_OP07_inst0159,Rapid Override Active,P083,Feed Override,%,57.4,0.0,120.0,0.0,150.0,"{""P083"": 57.4, ""P001"": 7902.448, ""P002"": 25.428}",Performance advisory only. No maintenance action required.,,,,,,,synthetic_normal,
160,THM-NC-001,7,NOTICE,THM,Thermal Management,146,process_anomaly,M03,OP04,M03_OP04_inst0160,Thermal Compensation Active,P070,Ambient Temperature,°C,20.655,15.0,35.0,5.0,45.0,"{""P070"": 20.655, ""P003"": 36.617, ""P001"": 7995.051, ""P002"": 72.534}",Informational. Parameter approaching limit. Review during next maintenance window.,,,,,,,synthetic_normal,
161,SPN-AD-001,8,ADVISORY,SPN,Spindle Drive System,128,process_anomaly,M01,OP07,M01_OP07_inst0161,Spindle Running at Reduced Speed — Override Active,P001,Spindle Speed,RPM,2697.0,100.0,8000.0,0.0,8500.0,"{""P001"": 2697, ""P083"": 68.977, ""P002"": 84.379, ""P003"": 36.238}",Performance advisory only. No maintenance action required.,SPN-MD-002,,,,,,synthetic_normal,
162,ELC-AD-001,8,ADVISORY,ELC,Electrical Cabinet,142,process_anomaly,M02,OP01,M02_OP01_inst0162,UPS Battery — Fully Charged,P093,UPS Battery Level,%,86.5,80.0,100.0,20.0,100.0,"{""P093"": 86.5, ""P001"": 5517.816, ""P002"": 63.297}",Performance advisory only. No maintenance action required.,,,,,,,synthetic_normal,
163,SPN-WN-004,6,WARNING,SPN,Spindle Drive System,128,tool_wear,M03,OP11,M03_OP11_inst0163,Spindle Load Variance — Increased Part-to-Part Variation,P002,Spindle Load,%,57.3,0.0,85.0,0.0,105.0,"{""P002"": 57.3, ""P001"": 7242.827, ""P003"": 35.741}",Log event. No immediate action required. Review at end of shift.,SPN-MN-001|CLS-WN-001,,,,,,synthetic_normal,
164,CLS-WN-001,6,WARNING,CLS,Coolant System,134,process_anomaly,M03,OP14,M03_OP14_inst0164,Coolant Tank — Refill Reminder,P033,Coolant Tank Level,%,69.9,20.0,100.0,5.0,100.0,"{""P033"": 69.9, ""P001"": 5129.281, ""P002"": 52.776}",Log event. No immediate action required. Review at end of shift.,CLS-MD-001,,,,,,synthetic_normal,
165,AXS-WN-001,6,WARNING,AXS,Axis Servo System,130,process_anomaly,M03,OP01,M03_OP01_inst0165,Following Error — Intermittent Spikes,P016,Axis Following Error,mm,0.041,0.0,0.05,0.0,2.0,"{""P016"": 0.041, ""P001"": 5206.091, ""P002"": 26.259}",Log event. No immediate action required. Review at end of shift.,AXS-MD-001|AXS-MJ-001,,,,,,synthetic_normal,
166,THM-AD-001,8,ADVISORY,THM,Thermal Management,146,process_anomaly,M01,OP08,M01_OP08_inst0166,Feed Motor Temperature — Nominal,P072,Feed Drive Motor Temp,°C,32.789,20.0,72.0,0.0,90.0,"{""P072"": 32.789, ""P001"": 1138.153, ""P002"": 77.318}",Performance advisory only. No maintenance action required.,,,,,,,synthetic_normal,
167,VIB-WN-001,6,WARNING,VIB,Vibration Monitoring,144,process_anomaly,M03,OP07,M03_OP07_inst0167,Vibration — Normal Operating Range,P060,X-Axis Vibration RMS,mm/s,2.527,0.0,4.5,0.0,11.2,"{""P060"": 2.527, ""P061"": 0.595, ""P062"": 2.427, ""P001"": 7774.768, ""P002"": 45.122}",Log event. No immediate action required. Review at end of shift.,,,,,,,synthetic_normal,
168,LUB-WN-001,6,WARNING,LUB,Lubrication System,136,process_anomaly,M01,OP04,M01_OP04_inst0168,Lubrication — Scheduled Interval Due,P041,Lubrication Oil Level,%,86.5,25.0,100.0,10.0,100.0,"{""P041"": 86.5, ""P001"": 7559.084, ""P002"": 82.228}",Log event. No immediate action required. Review at end of shift.,LUB-SR-001,,,,,,synthetic_normal,
169,LUB-NC-001,7,NOTICE,LUB,Lubrication System,136,process_anomaly,M03,OP14,M03_OP14_inst0169,Lubrication Cycle Complete,P040,Lubrication Oil Pressure,bar,2.589,2.0,4.5,0.5,6.0,"{""P040"": 2.589, ""P042"": 0.73, ""P001"": 7706.857, ""P002"": 11.964}",Informational. Parameter approaching limit. Review during next maintenance window.,,,,,,,synthetic_normal,
170,CLS-WN-001,6,WARNING,CLS,Coolant System,134,process_anomaly,M03,OP11,M03_OP11_inst0170,Coolant Tank — Refill Reminder,P033,Coolant Tank Level,%,78.9,20.0,100.0,5.0,100.0,"{""P033"": 78.9, ""P001"": 3239.551, ""P002"": 71.888}",Log event. No immediate action required. Review at end of shift.,CLS-MD-001,,,,,,synthetic_normal,
171,ELC-WN-001,6,WARNING,ELC,Electrical Cabinet,142,process_anomaly,M01,OP14,M01_OP14_inst0171,DC Bus — Minor Voltage Ripple Detected,P090,DC Bus Voltage,V,598.286,560.0,620.0,480.0,680.0,"{""P090"": 598.286, ""P001"": 2189.223, ""P002"": 10.505}",Log event. No immediate action required. Review at end of shift.,ELC-CR-001|ELC-MD-001,,,,,,synthetic_normal,
172,ELC-WN-001,6,WARNING,ELC,Electrical Cabinet,142,process_anomaly,M03,OP11,M03_OP11_inst0172,DC Bus — Minor Voltage Ripple Detected,P090,DC Bus Voltage,V,604.119,560.0,620.0,480.0,680.0,"{""P090"": 604.119, ""P001"": 4718.025, ""P002"": 69.905}",Log event. No immediate action required. Review at end of shift.,ELC-CR-001|ELC-MD-001,,,,,,synthetic_normal,
173,ELC-WN-001,6,WARNING,ELC,Electrical Cabinet,142,process_anomaly,M01,OP11,M01_OP11_inst0173,DC Bus — Minor Voltage Ripple Detected,P090,DC Bus Voltage,V,594.91,560.0,620.0,480.0,680.0,"{""P090"": 594.91, ""P001"": 297.695, ""P002"": 75.16}",Log event. No immediate action required. Review at end of shift.,ELC-CR-001|ELC-MD-001,,,,,,synthetic_normal,
174,VIB-WN-001,6,WARNING,VIB,Vibration Monitoring,144,process_anomaly,M03,OP02,M03_OP02_inst0174,Vibration — Normal Operating Range,P060,X-Axis Vibration RMS,mm/s,3.27,0.0,4.5,0.0,11.2,"{""P060"": 3.27, ""P061"": 2.859, ""P062"": 2.089, ""P001"": 5638.51, ""P002"": 55.185}",Log event. No immediate action required. Review at end of shift.,,,,,,,synthetic_normal,
175,SPN-AD-002,8,ADVISORY,SPN,Spindle Drive System,128,process_anomaly,M01,OP01,M01_OP01_inst0175,Spindle Idle — No Load Detected,P002,Spindle Load,%,40.7,0.0,85.0,0.0,105.0,"{""P002"": 40.7, ""P001"": 2504.48, ""P003"": 47.094}",Performance advisory only. No maintenance action required.,,,,,,,synthetic_normal,
176,SPN-AD-001,8,ADVISORY,SPN,Spindle Drive System,128,process_anomaly,M01,OP08,M01_OP08_inst0176,Spindle Running at Reduced Speed — Override Active,P001,Spindle Speed,RPM,1318.0,100.0,8000.0,0.0,8500.0,"{""P001"": 1318, ""P083"": 54.437, ""P002"": 56.991, ""P003"": 60.873}",Performance advisory only. No maintenance action required.,SPN-MD-002,,,,,,synthetic_normal,
177,THM-WN-001,6,WARNING,THM,Thermal Management,146,process_anomaly,M03,OP11,M03_OP11_inst0177,Ambient Temperature — Above Recommended Range,P070,Ambient Temperature,°C,30.086,15.0,35.0,5.0,45.0,"{""P070"": 30.086, ""P001"": 7094.769, ""P002"": 55.668}",Log event. No immediate action required. Review at end of shift.,THM-MD-001,,,,,,synthetic_normal,
178,CNC-AD-001,8,ADVISORY,CNC,CNC Controller,140,process_anomaly,M03,OP07,M03_OP07_inst0178,NC Block Counter,P082,NC Program Block Number,block,47561.0,0.0,99999.0,0.0,99999.0,"{""P082"": 47561, ""P001"": 2309.947, ""P002"": 58.674}",Performance advisory only. No maintenance action required.,,,,,,,synthetic_normal,
179,TCS-AD-001,8,ADVISORY,TCS,Tool Change System,132,process_anomaly,M02,OP07,M02_OP07_inst0179,Magazine Position Update,P020,Tool Magazine Position,slot,14.9,1.0,30.0,0.0,31.0,"{""P020"": 14.9, ""P001"": 6858.057, ""P002"": 8.445}",Performance advisory only. No maintenance action required.,,,,,,,synthetic_normal,
180,ELC-WN-001,6,WARNING,ELC,Electrical Cabinet,142,process_anomaly,M03,OP11,M03_OP11_inst0180,DC Bus — Minor Voltage Ripple Detected,P090,DC Bus Voltage,V,597.532,560.0,620.0,480.0,680.0,"{""P090"": 597.532, ""P001"": 3245.303, ""P002"": 16.134}",Log event. No immediate action required. Review at end of shift.,ELC-CR-001|ELC-MD-001,,,,,,synthetic_normal,
181,SPN-AD-002,8,ADVISORY,SPN,Spindle Drive System,128,process_anomaly,M02,OP01,M02_OP01_inst0181,Spindle Idle — No Load Detected,P002,Spindle Load,%,31.0,0.0,85.0,0.0,105.0,"{""P002"": 31.0, ""P001"": 5169.465, ""P003"": 52.843}",Performance advisory only. No maintenance action required.,,,,,,,synthetic_normal,
182,SPN-WN-002,6,WARNING,SPN,Spindle Drive System,128,spindle_bearing_fault,M01,OP14,M01_OP14_inst0182,Spindle Temperature — Warm-Up Reminder,P003,Spindle Motor Temperature,°C,53.92,20.0,75.0,0.0,95.0,"{""P003"": 53.92, ""P001"": 7911.685, ""P002"": 66.893}",Log event. No immediate action required. Review at end of shift.,SPN-MN-002|THM-NC-001,,,,,,synthetic_normal,
183,TCS-AD-001,8,ADVISORY,TCS,Tool Change System,132,process_anomaly,M01,OP14,M01_OP14_inst0183,Magazine Position Update,P020,Tool Magazine Position,slot,12.8,1.0,30.0,0.0,31.0,"{""P020"": 12.8, ""P001"": 1736.543, ""P002"": 18.356}",Performance advisory only. No maintenance action required.,,,,,,,synthetic_normal,
184,CLS-WN-001,6,WARNING,CLS,Coolant System,134,process_anomaly,M02,OP14,M02_OP14_inst0184,Coolant Tank — Refill Reminder,P033,Coolant Tank Level,%,64.1,20.0,100.0,5.0,100.0,"{""P033"": 64.1, ""P001"": 7214.195, ""P002"": 0.241}",Log event. No immediate action required. Review at end of shift.,CLS-MD-001,,,,,,synthetic_normal,
185,AXS-NC-001,7,NOTICE,AXS,Axis Servo System,130,process_anomaly,M01,OP08,M01_OP08_inst0185,Axis Position — Reference Established,P010,X-Axis Position Error,mm,-0.006,-0.01,0.01,-0.5,0.5,"{""P010"": -0.006, ""P011"": -0.007, ""P012"": 0.003, ""P001"": 303.663, ""P002"": 1.263}",Informational. Parameter approaching limit. Review during next maintenance window.,,,,,,,synthetic_normal,
186,CLS-NC-001,7,NOTICE,CLS,Coolant System,134,process_anomaly,M03,OP04,M03_OP04_inst0186,Coolant Temperature Stabilised,P031,Coolant Temperature,°C,17.126,15.0,35.0,5.0,45.0,"{""P031"": 17.126, ""P001"": 2196.403, ""P002"": 10.774}",Informational. Parameter approaching limit. Review during next maintenance window.,,,,,,,synthetic_normal,
187,THM-WN-001,6,WARNING,THM,Thermal Management,146,process_anomaly,M03,OP01,M03_OP01_inst0187,Ambient Temperature — Above Recommended Range,P070,Ambient Temperature,°C,30.22,15.0,35.0,5.0,45.0,"{""P070"": 30.22, ""P001"": 3862.343, ""P002"": 66.131}",Log event. No immediate action required. Review at end of shift.,THM-MD-001,,,,,,synthetic_normal,
188,HYD-WN-001,6,WARNING,HYD,Hydraulic System,138,process_anomaly,M03,OP01,M03_OP01_inst0188,Hydraulic Pump — Scheduled Service Due,P052,Hydraulic Pump Flow,L/min,29.873,20.0,35.0,5.0,40.0,"{""P052"": 29.873, ""P001"": 1850.243, ""P002"": 52.284}",Log event. No immediate action required. Review at end of shift.,HYD-MD-001,,,,,,synthetic_normal,
189,LUB-AD-001,8,ADVISORY,LUB,Lubrication System,136,process_anomaly,M02,OP11,M02_OP11_inst0189,Lubrication Oil Level — Nominal,P041,Lubrication Oil Level,%,61.4,25.0,100.0,10.0,100.0,"{""P041"": 61.4, ""P001"": 580.521, ""P002"": 40.713}",Performance advisory only. No maintenance action required.,,,,,,,synthetic_normal,
190,ELC-AD-001,8,ADVISORY,ELC,Electrical Cabinet,142,process_anomaly,M02,OP11,M02_OP11_inst0190,UPS Battery — Fully Charged,P093,UPS Battery Level,%,82.9,80.0,100.0,20.0,100.0,"{""P093"": 82.9, ""P001"": 5727.97, ""P002"": 37.703}",Performance advisory only. No maintenance action required.,,,,,,,synthetic_normal,
191,SPN-NC-002,7,NOTICE,SPN,Spindle Drive System,128,process_anomaly,M02,OP08,M02_OP08_inst0191,Spindle Warm-Up Complete,P003,Spindle Motor Temperature,°C,28.763,20.0,75.0,0.0,95.0,"{""P003"": 28.763, ""P001"": 1096.914, ""P002"": 53.067}",Informational. Parameter approaching limit. Review during next maintenance window.,SPN-WN-002,,,,,,synthetic_normal,
192,VIB-WN-001,6,WARNING,VIB,Vibration Monitoring,144,process_anomaly,M02,OP08,M02_OP08_inst0192,Vibration — Normal Operating Range,P060,X-Axis Vibration RMS,mm/s,3.086,0.0,4.5,0.0,11.2,"{""P060"": 3.086, ""P061"": 2.042, ""P062"": 2.724, ""P001"": 883.51, ""P002"": 59.651}",Log event. No immediate action required. Review at end of shift.,,,,,,,synthetic_normal,
193,TCS-AD-001,8,ADVISORY,TCS,Tool Change System,132,process_anomaly,M02,OP07,M02_OP07_inst0193,Magazine Position Update,P020,Tool Magazine Position,slot,14.2,1.0,30.0,0.0,31.0,"{""P020"": 14.2, ""P001"": 3369.127, ""P002"": 70.331}",Performance advisory only. No maintenance action required.,,,,,,,synthetic_normal,
194,ELC-AD-001,8,ADVISORY,ELC,Electrical Cabinet,142,process_anomaly,M02,OP11,M02_OP11_inst0194,UPS Battery — Fully Charged,P093,UPS Battery Level,%,82.8,80.0,100.0,20.0,100.0,"{""P093"": 82.8, ""P001"": 3471.436, ""P002"": 56.534}",Performance advisory only. No maintenance action required.,,,,,,,synthetic_normal,
195,ELC-WN-001,6,WARNING,ELC,Electrical Cabinet,142,process_anomaly,M01,OP11,M01_OP11_inst0195,DC Bus — Minor Voltage Ripple Detected,P090,DC Bus Voltage,V,609.383,560.0,620.0,480.0,680.0,"{""P090"": 609.383, ""P001"": 630.353, ""P002"": 70.701}",Log event. No immediate action required. Review at end of shift.,ELC-CR-001|ELC-MD-001,,,,,,synthetic_normal,
196,SPN-NC-002,7,NOTICE,SPN,Spindle Drive System,128,process_anomaly,M02,OP01,M02_OP01_inst0196,Spindle Warm-Up Complete,P003,Spindle Motor Temperature,°C,41.881,20.0,75.0,0.0,95.0,"{""P003"": 41.881, ""P001"": 3043.91, ""P002"": 11.06}",Informational. Parameter approaching limit. Review during next maintenance window.,SPN-WN-002,,,,,,synthetic_normal,
197,SPN-WN-004,6,WARNING,SPN,Spindle Drive System,128,tool_wear,M03,OP08,M03_OP08_inst0197,Spindle Load Variance — Increased Part-to-Part Variation,P002,Spindle Load,%,59.2,0.0,85.0,0.0,105.0,"{""P002"": 59.2, ""P001"": 5393.105, ""P003"": 42.594}",Log event. No immediate action required. Review at end of shift.,SPN-MN-001|CLS-WN-001,,,,,,synthetic_normal,
198,THM-NC-001,7,NOTICE,THM,Thermal Management,146,process_anomaly,M03,OP01,M03_OP01_inst0198,Thermal Compensation Active,P070,Ambient Temperature,°C,24.747,15.0,35.0,5.0,45.0,"{""P070"": 24.747, ""P003"": 53.023, ""P001"": 2878.005, ""P002"": 49.123}",Informational. Parameter approaching limit. Review during next maintenance window.,,,,,,,synthetic_normal,
199,TCS-AD-001,8,ADVISORY,TCS,Tool Change System,132,process_anomaly,M01,OP11,M01_OP11_inst0199,Magazine Position Update,P020,Tool Magazine Position,slot,9.5,1.0,30.0,0.0,31.0,"{""P020"": 9.5, ""P001"": 6793.471, ""P002"": 29.76}",Performance advisory only. No maintenance action required.,,,,,,,synthetic_normal,
200,ELC-WN-001,6,WARNING,ELC,Electrical Cabinet,142,process_anomaly,M01,OP14,M01_OP14_inst0200,DC Bus — Minor Voltage Ripple Detected,P090,DC Bus Voltage,V,595.85,560.0,620.0,480.0,680.0,"{""P090"": 595.85, ""P001"": 1886.657, ""P002"": 36.475}",Log event. No immediate action required. Review at end of shift.,ELC-CR-001|ELC-MD-001,,,,,,synthetic_normal,
201,SPN-WN-002,6,WARNING,SPN,Spindle Drive System,128,spindle_bearing_fault,M03,OP11,M03_OP11_inst0201,Spindle Temperature — Warm-Up Reminder,P003,Spindle Motor Temperature,°C,63.467,20.0,75.0,0.0,95.0,"{""P003"": 63.467, ""P001"": 2212.837, ""P002"": 15.335}",Log event. No immediate action required. Review at end of shift.,SPN-MN-002|THM-NC-001,,,,,,synthetic_normal,
202,LUB-AD-001,8,ADVISORY,LUB,Lubrication System,136,process_anomaly,M02,OP04,M02_OP04_inst0202,Lubrication Oil Level — Nominal,P041,Lubrication Oil Level,%,32.7,25.0,100.0,10.0,100.0,"{""P041"": 32.7, ""P001"": 6971.915, ""P002"": 48.137}",Performance advisory only. No maintenance action required.,,,,,,,synthetic_normal,
203,ELC-AD-001,8,ADVISORY,ELC,Electrical Cabinet,142,process_anomaly,M01,OP02,M01_OP02_inst0203,UPS Battery — Fully Charged,P093,UPS Battery Level,%,87.9,80.0,100.0,20.0,100.0,"{""P093"": 87.9, ""P001"": 7777.302, ""P002"": 7.799}",Performance advisory only. No maintenance action required.,,,,,,,synthetic_normal,
204,TCS-AD-001,8,ADVISORY,TCS,Tool Change System,132,process_anomaly,M02,OP07,M02_OP07_inst0204,Magazine Position Update,P020,Tool Magazine Position,slot,9.2,1.0,30.0,0.0,31.0,"{""P020"": 9.2, ""P001"": 1343.533, ""P002"": 26.489}",Performance advisory only. No maintenance action required.,,,,,,,synthetic_normal,
205,VIB-WN-001,6,WARNING,VIB,Vibration Monitoring,144,process_anomaly,M03,OP08,M03_OP08_inst0205,Vibration — Normal Operating Range,P060,X-Axis Vibration RMS,mm/s,2.384,0.0,4.5,0.0,11.2,"{""P060"": 2.384, ""P061"": 0.237, ""P062"": 0.708, ""P001"": 4980.922, ""P002"": 57.287}",Log event. No immediate action required. Review at end of shift.,,,,,,,synthetic_normal,
206,LUB-WN-001,6,WARNING,LUB,Lubrication System,136,process_anomaly,M02,OP11,M02_OP11_inst0206,Lubrication — Scheduled Interval Due,P041,Lubrication Oil Level,%,73.6,25.0,100.0,10.0,100.0,"{""P041"": 73.6, ""P001"": 4895.9, ""P002"": 35.206}",Log event. No immediate action required. Review at end of shift.,LUB-SR-001,,,,,,synthetic_normal,
207,TCS-AD-001,8,ADVISORY,TCS,Tool Change System,132,process_anomaly,M03,OP01,M03_OP01_inst0207,Magazine Position Update,P020,Tool Magazine Position,slot,7.9,1.0,30.0,0.0,31.0,"{""P020"": 7.9, ""P001"": 976.029, ""P002"": 57.649}",Performance advisory only. No maintenance action required.,,,,,,,synthetic_normal,
208,CNC-AD-001,8,ADVISORY,CNC,CNC Controller,140,process_anomaly,M03,OP11,M03_OP11_inst0208,NC Block Counter,P082,NC Program Block Number,block,22336.0,0.0,99999.0,0.0,99999.0,"{""P082"": 22336, ""P001"": 1842.096, ""P002"": 83.678}",Performance advisory only. No maintenance action required.,,,,,,,synthetic_normal,
209,SPN-WN-004,6,WARNING,SPN,Spindle Drive System,128,tool_wear,M01,OP02,M01_OP02_inst0209,Spindle Load Variance — Increased Part-to-Part Variation,P002,Spindle Load,%,51.5,0.0,85.0,0.0,105.0,"{""P002"": 51.5, ""P001"": 1768.748, ""P003"": 27.548}",Log event. No immediate action required. Review at end of shift.,SPN-MN-001|CLS-WN-001,,,,,,synthetic_normal,
210,CLS-AD-001,8,ADVISORY,CLS,Coolant System,134,process_anomaly,M02,OP04,M02_OP04_inst0210,Coolant — Through-Spindle Active,P030,Coolant Flow Rate,L/min,18.7,15.0,40.0,5.0,50.0,"{""P030"": 18.7, ""P001"": 4029.344, ""P002"": 36.606}",Performance advisory only. No maintenance action required.,,,,,,,synthetic_normal,
211,AXS-WN-001,6,WARNING,AXS,Axis Servo System,130,process_anomaly,M02,OP08,M02_OP08_inst0211,Following Error — Intermittent Spikes,P016,Axis Following Error,mm,0.037,0.0,0.05,0.0,2.0,"{""P016"": 0.037, ""P001"": 4052.073, ""P002"": 70.835}",Log event. No immediate action required. Review at end of shift.,AXS-MD-001|AXS-MJ-001,,,,,,synthetic_normal,
212,VIB-AD-001,8,ADVISORY,VIB,Vibration Monitoring,144,process_anomaly,M01,OP07,M01_OP07_inst0212,Vibration Baseline Update,P060,X-Axis Vibration RMS,mm/s,2.001,0.0,4.5,0.0,11.2,"{""P060"": 2.001, ""P061"": 0.19, ""P062"": 0.084, ""P001"": 7377.183, ""P002"": 73.279}",Performance advisory only. No maintenance action required.,,,,,,,synthetic_normal,
213,THM-NC-001,7,NOTICE,THM,Thermal Management,146,process_anomaly,M03,OP07,M03_OP07_inst0213,Thermal Compensation Active,P070,Ambient Temperature,°C,22.676,15.0,35.0,5.0,45.0,"{""P070"": 22.676, ""P003"": 42.973, ""P001"": 1009.87, ""P002"": 1.773}",Informational. Parameter approaching limit. Review during next maintenance window.,,,,,,,synthetic_normal,
214,VIB-WN-001,6,WARNING,VIB,Vibration Monitoring,144,process_anomaly,M01,OP14,M01_OP14_inst0214,Vibration — Normal Operating Range,P060,X-Axis Vibration RMS,mm/s,3.742,0.0,4.5,0.0,11.2,"{""P060"": 3.742, ""P061"": 2.07, ""P062"": 3.103, ""P001"": 2958.636, ""P002"": 37.121}",Log event. No immediate action required. Review at end of shift.,,,,,,,synthetic_normal,
215,SPN-AD-001,8,ADVISORY,SPN,Spindle Drive System,128,process_anomaly,M01,OP07,M01_OP07_inst0215,Spindle Running at Reduced Speed — Override Active,P001,Spindle Speed,RPM,2750.0,100.0,8000.0,0.0,8500.0,"{""P001"": 2750, ""P083"": 62.876, ""P002"": 33.64, ""P003"": 37.065}",Performance advisory only. No maintenance action required.,SPN-MD-002,,,,,,synthetic_normal,
216,VIB-NC-001,7,NOTICE,VIB,Vibration Monitoring,144,process_anomaly,M01,OP04,M01_OP04_inst0216,Crest Factor — Within Normal Band,P063,Vibration Crest Factor,-,2.441,1.0,4.5,0.0,12.0,"{""P063"": 2.441, ""P001"": 703.397, ""P002"": 53.824}",Informational. Parameter approaching limit. Review during next maintenance window.,,,,,,,synthetic_normal,
217,HYD-WN-001,6,WARNING,HYD,Hydraulic System,138,process_anomaly,M01,OP14,M01_OP14_inst0217,Hydraulic Pump — Scheduled Service Due,P052,Hydraulic Pump Flow,L/min,29.334,20.0,35.0,5.0,40.0,"{""P052"": 29.334, ""P001"": 5846.295, ""P002"": 69.611}",Log event. No immediate action required. Review at end of shift.,HYD-MD-001,,,,,,synthetic_normal,
218,AXS-NC-001,7,NOTICE,AXS,Axis Servo System,130,process_anomaly,M01,OP01,M01_OP01_inst0218,Axis Position — Reference Established,P010,X-Axis Position Error,mm,-0.007,-0.01,0.01,-0.5,0.5,"{""P010"": -0.007, ""P011"": -0.006, ""P012"": 0.002, ""P001"": 6105.701, ""P002"": 55.718}",Informational. Parameter approaching limit. Review during next maintenance window.,,,,,,,synthetic_normal,
219,TCS-WN-001,6,WARNING,TCS,Tool Change System,132,tool_wear,M03,OP07,M03_OP07_inst0219,Next Tool Pre-Call — Long ATC Cycle Expected,P020,Tool Magazine Position,slot,20.2,1.0,30.0,0.0,31.0,"{""P020"": 20.2, ""P001"": 4553.51, ""P002"": 49.255}",Log event. No immediate action required. Review at end of shift.,,,,,,,synthetic_normal,
220,VIB-WN-001,6,WARNING,VIB,Vibration Monitoring,144,process_anomaly,M03,OP04,M03_OP04_inst0220,Vibration — Normal Operating Range,P060,X-Axis Vibration RMS,mm/s,2.488,0.0,4.5,0.0,11.2,"{""P060"": 2.488, ""P061"": 0.307, ""P062"": 1.99, ""P001"": 2492.281, ""P002"": 23.347}",Log event. No immediate action required. Review at end of shift.,,,,,,,synthetic_normal,
221,SPN-WN-004,6,WARNING,SPN,Spindle Drive System,128,tool_wear,M02,OP08,M02_OP08_inst0221,Spindle Load Variance — Increased Part-to-Part Variation,P002,Spindle Load,%,44.7,0.0,85.0,0.0,105.0,"{""P002"": 44.7, ""P001"": 3747.766, ""P003"": 22.068}",Log event. No immediate action required. Review at end of shift.,SPN-MN-001|CLS-WN-001,,,,,,synthetic_normal,
222,ELC-WN-001,6,WARNING,ELC,Electrical Cabinet,142,process_anomaly,M02,OP01,M02_OP01_inst0222,DC Bus — Minor Voltage Ripple Detected,P090,DC Bus Voltage,V,603.538,560.0,620.0,480.0,680.0,"{""P090"": 603.538, ""P001"": 7821.211, ""P002"": 7.675}",Log event. No immediate action required. Review at end of shift.,ELC-CR-001|ELC-MD-001,,,,,,synthetic_normal,
223,HYD-WN-001,6,WARNING,HYD,Hydraulic System,138,process_anomaly,M02,OP07,M02_OP07_inst0223,Hydraulic Pump — Scheduled Service Due,P052,Hydraulic Pump Flow,L/min,30.547,20.0,35.0,5.0,40.0,"{""P052"": 30.547, ""P001"": 7638.429, ""P002"": 62.808}",Log event. No immediate action required. Review at end of shift.,HYD-MD-001,,,,,,synthetic_normal,
224,SPN-WN-003,6,WARNING,SPN,Spindle Drive System,128,tool_wear,M02,OP14,M02_OP14_inst0224,Tool Life Counter — Approaching Limit,P002,Spindle Load,%,59.5,0.0,85.0,0.0,105.0,"{""P002"": 59.5, ""P005"": 22.589, ""P001"": 4879.546, ""P003"": 47.575}",Log event. No immediate action required. Review at end of shift.,SPN-WN-001|TCS-NC-001,,,,,,synthetic_normal,
225,SPN-WN-004,6,WARNING,SPN,Spindle Drive System,128,tool_wear,M02,OP01,M02_OP01_inst0225,Spindle Load Variance — Increased Part-to-Part Variation,P002,Spindle Load,%,66.6,0.0,85.0,0.0,105.0,"{""P002"": 66.6, ""P001"": 6715.28, ""P003"": 74.031}",Log event. No immediate action required. Review at end of shift.,SPN-MN-001|CLS-WN-001,,,,,,synthetic_normal,
226,SPN-NC-002,7,NOTICE,SPN,Spindle Drive System,128,process_anomaly,M03,OP11,M03_OP11_inst0226,Spindle Warm-Up Complete,P003,Spindle Motor Temperature,°C,29.296,20.0,75.0,0.0,95.0,"{""P003"": 29.296, ""P001"": 2057.175, ""P002"": 37.209}",Informational. Parameter approaching limit. Review during next maintenance window.,SPN-WN-002,,,,,,synthetic_normal,
227,THM-AD-001,8,ADVISORY,THM,Thermal Management,146,process_anomaly,M03,OP08,M03_OP08_inst0227,Feed Motor Temperature — Nominal,P072,Feed Drive Motor Temp,°C,37.884,20.0,72.0,0.0,90.0,"{""P072"": 37.884, ""P001"": 2974.794, ""P002"": 78.025}",Performance advisory only. No maintenance action required.,,,,,,,synthetic_normal,
228,ELC-NC-001,7,NOTICE,ELC,Electrical Cabinet,142,process_anomaly,M02,OP14,M02_OP14_inst0228,Power-On Self-Test — Passed,P090,DC Bus Voltage,V,574.121,560.0,620.0,480.0,680.0,"{""P090"": 574.121, ""P091"": 403.915, ""P001"": 6334.893, ""P002"": 55.021}",Informational. Parameter approaching limit. Review during next maintenance window.,,,,,,,synthetic_normal,
229,SPN-NC-001,7,NOTICE,SPN,Spindle Drive System,128,process_anomaly,M02,OP01,M02_OP01_inst0229,Spindle Speed Program Limit Active,P001,Spindle Speed,RPM,2653.0,100.0,8000.0,0.0,8500.0,"{""P001"": 2653, ""P002"": 32.858, ""P003"": 33.86, ""P004"": 3.832}",Informational. Parameter approaching limit. Review during next maintenance window.,,,,,,,synthetic_normal,
230,AXS-NC-001,7,NOTICE,AXS,Axis Servo System,130,process_anomaly,M02,OP01,M02_OP01_inst0230,Axis Position — Reference Established,P010,X-Axis Position Error,mm,-0.003,-0.01,0.01,-0.5,0.5,"{""P010"": -0.003, ""P011"": -0.007, ""P012"": -0.003, ""P001"": 7744.802, ""P002"": 59.371}",Informational. Parameter approaching limit. Review during next maintenance window.,,,,,,,synthetic_normal,
231,ELC-AD-001,8,ADVISORY,ELC,Electrical Cabinet,142,process_anomaly,M01,OP08,M01_OP08_inst0231,UPS Battery — Fully Charged,P093,UPS Battery Level,%,87.7,80.0,100.0,20.0,100.0,"{""P093"": 87.7, ""P001"": 769.28, ""P002"": 47.508}",Performance advisory only. No maintenance action required.,,,,,,,synthetic_normal,
232,VIB-NC-001,7,NOTICE,VIB,Vibration Monitoring,144,process_anomaly,M01,OP11,M01_OP11_inst0232,Crest Factor — Within Normal Band,P063,Vibration Crest Factor,-,2.334,1.0,4.5,0.0,12.0,"{""P063"": 2.334, ""P001"": 7582.158, ""P002"": 84.759}",Informational. Parameter approaching limit. Review during next maintenance window.,,,,,,,synthetic_normal,
233,SPN-NC-002,7,NOTICE,SPN,Spindle Drive System,128,process_anomaly,M03,OP11,M03_OP11_inst0233,Spindle Warm-Up Complete,P003,Spindle Motor Temperature,°C,34.815,20.0,75.0,0.0,95.0,"{""P003"": 34.815, ""P001"": 2958.442, ""P002"": 30.821}",Informational. Parameter approaching limit. Review during next maintenance window.,SPN-WN-002,,,,,,synthetic_normal,
234,TCS-WN-001,6,WARNING,TCS,Tool Change System,132,tool_wear,M01,OP04,M01_OP04_inst0234,Next Tool Pre-Call — Long ATC Cycle Expected,P020,Tool Magazine Position,slot,25.1,1.0,30.0,0.0,31.0,"{""P020"": 25.1, ""P001"": 3941.54, ""P002"": 19.256}",Log event. No immediate action required. Review at end of shift.,,,,,,,synthetic_normal,
235,AXS-WN-001,6,WARNING,AXS,Axis Servo System,130,process_anomaly,M01,OP01,M01_OP01_inst0235,Following Error — Intermittent Spikes,P016,Axis Following Error,mm,0.03,0.0,0.05,0.0,2.0,"{""P016"": 0.03, ""P001"": 6326.149, ""P002"": 43.154}",Log event. No immediate action required. Review at end of shift.,AXS-MD-001|AXS-MJ-001,,,,,,synthetic_normal,
236,SPN-WN-003,6,WARNING,SPN,Spindle Drive System,128,tool_wear,M03,OP04,M03_OP04_inst0236,Tool Life Counter — Approaching Limit,P002,Spindle Load,%,68.6,0.0,85.0,0.0,105.0,"{""P002"": 68.6, ""P005"": 74.164, ""P001"": 4818.247, ""P003"": 28.484}",Log event. No immediate action required. Review at end of shift.,SPN-WN-001|TCS-NC-001,,,,,,synthetic_normal,
237,TCS-WN-001,6,WARNING,TCS,Tool Change System,132,tool_wear,M03,OP14,M03_OP14_inst0237,Next Tool Pre-Call — Long ATC Cycle Expected,P020,Tool Magazine Position,slot,21.8,1.0,30.0,0.0,31.0,"{""P020"": 21.8, ""P001"": 7230.982, ""P002"": 61.301}",Log event. No immediate action required. Review at end of shift.,,,,,,,synthetic_normal,
238,SPN-WN-003,6,WARNING,SPN,Spindle Drive System,128,tool_wear,M02,OP04,M02_OP04_inst0238,Tool Life Counter — Approaching Limit,P002,Spindle Load,%,62.6,0.0,85.0,0.0,105.0,"{""P002"": 62.6, ""P005"": 28.504, ""P001"": 3609.17, ""P003"": 35.671}",Log event. No immediate action required. Review at end of shift.,SPN-WN-001|TCS-NC-001,,,,,,synthetic_normal,
239,THM-AD-001,8,ADVISORY,THM,Thermal Management,146,process_anomaly,M01,OP08,M01_OP08_inst0239,Feed Motor Temperature — Nominal,P072,Feed Drive Motor Temp,°C,30.175,20.0,72.0,0.0,90.0,"{""P072"": 30.175, ""P001"": 7728.213, ""P002"": 66.671}",Performance advisory only. No maintenance action required.,,,,,,,synthetic_normal,
240,TCS-NC-001,7,NOTICE,TCS,Tool Change System,132,process_anomaly,M02,OP11,M02_OP11_inst0240,Tool Change Complete,P020,Tool Magazine Position,slot,14.9,1.0,30.0,0.0,31.0,"{""P020"": 14.9, ""P022"": 5.961, ""P001"": 3747.272, ""P002"": 23.951}",Informational. Parameter approaching limit. Review during next maintenance window.,,,,,,,synthetic_normal,
241,ELC-NC-001,7,NOTICE,ELC,Electrical Cabinet,142,process_anomaly,M03,OP08,M03_OP08_inst0241,Power-On Self-Test — Passed,P090,DC Bus Voltage,V,576.048,560.0,620.0,480.0,680.0,"{""P090"": 576.048, ""P091"": 386.482, ""P001"": 1677.612, ""P002"": 51.396}",Informational. Parameter approaching limit. Review during next maintenance window.,,,,,,,synthetic_normal,
242,CLS-AD-001,8,ADVISORY,CLS,Coolant System,134,process_anomaly,M01,OP11,M01_OP11_inst0242,Coolant — Through-Spindle Active,P030,Coolant Flow Rate,L/min,22.306,15.0,40.0,5.0,50.0,"{""P030"": 22.306, ""P001"": 3032.576, ""P002"": 79.415}",Performance advisory only. No maintenance action required.,,,,,,,synthetic_normal,
243,SPN-AD-002,8,ADVISORY,SPN,Spindle Drive System,128,process_anomaly,M02,OP01,M02_OP01_inst0243,Spindle Idle — No Load Detected,P002,Spindle Load,%,34.4,0.0,85.0,0.0,105.0,"{""P002"": 34.4, ""P001"": 2255.051, ""P003"": 69.792}",Performance advisory only. No maintenance action required.,,,,,,,synthetic_normal,
244,AXS-NC-001,7,NOTICE,AXS,Axis Servo System,130,process_anomaly,M02,OP01,M02_OP01_inst0244,Axis Position — Reference Established,P010,X-Axis Position Error,mm,-0.0,-0.01,0.01,-0.5,0.5,"{""P010"": -0.0, ""P011"": -0.006, ""P012"": -0.001, ""P001"": 2861.722, ""P002"": 2.267}",Informational. Parameter approaching limit. Review during next maintenance window.,,,,,,,synthetic_normal,
245,SPN-WN-004,6,WARNING,SPN,Spindle Drive System,128,tool_wear,M02,OP08,M02_OP08_inst0245,Spindle Load Variance — Increased Part-to-Part Variation,P002,Spindle Load,%,53.6,0.0,85.0,0.0,105.0,"{""P002"": 53.6, ""P001"": 3150.712, ""P003"": 24.488}",Log event. No immediate action required. Review at end of shift.,SPN-MN-001|CLS-WN-001,,,,,,synthetic_normal,
246,CLS-WN-001,6,WARNING,CLS,Coolant System,134,process_anomaly,M01,OP04,M01_OP04_inst0246,Coolant Tank — Refill Reminder,P033,Coolant Tank Level,%,86.1,20.0,100.0,5.0,100.0,"{""P033"": 86.1, ""P001"": 6729.493, ""P002"": 55.247}",Log event. No immediate action required. Review at end of shift.,CLS-MD-001,,,,,,synthetic_normal,
247,AXS-NC-001,7,NOTICE,AXS,Axis Servo System,130,process_anomaly,M01,OP01,M01_OP01_inst0247,Axis Position — Reference Established,P010,X-Axis Position Error,mm,-0.006,-0.01,0.01,-0.5,0.5,"{""P010"": -0.006, ""P011"": 0.007, ""P012"": 0.004, ""P001"": 1196.462, ""P002"": 59.971}",Informational. Parameter approaching limit. Review during next maintenance window.,,,,,,,synthetic_normal,
248,THM-AD-001,8,ADVISORY,THM,Thermal Management,146,process_anomaly,M03,OP01,M03_OP01_inst0248,Feed Motor Temperature — Nominal,P072,Feed Drive Motor Temp,°C,44.042,20.0,72.0,0.0,90.0,"{""P072"": 44.042, ""P001"": 250.131, ""P002"": 18.331}",Performance advisory only. No maintenance action required.,,,,,,,synthetic_normal,
249,AXS-NC-001,7,NOTICE,AXS,Axis Servo System,130,process_anomaly,M03,OP11,M03_OP11_inst0249,Axis Position — Reference Established,P010,X-Axis Position Error,mm,-0.003,-0.01,0.01,-0.5,0.5,"{""P010"": -0.003, ""P011"": -0.002, ""P012"": 0.006, ""P001"": 1977.358, ""P002"": 10.357}",Informational. Parameter approaching limit. Review during next maintenance window.,,,,,,,synthetic_normal,
250,CLS-NC-001,7,NOTICE,CLS,Coolant System,134,process_anomaly,M02,OP11,M02_OP11_inst0250,Coolant Temperature Stabilised,P031,Coolant Temperature,°C,23.351,15.0,35.0,5.0,45.0,"{""P031"": 23.351, ""P001"": 3711.198, ""P002"": 9.423}",Informational. Parameter approaching limit. Review during next maintenance window.,,,,,,,synthetic_normal,
251,CNC-AD-001,8,ADVISORY,CNC,CNC Controller,140,process_anomaly,M03,OP08,M03_OP08_inst0251,NC Block Counter,P082,NC Program Block Number,block,10657.0,0.0,99999.0,0.0,99999.0,"{""P082"": 10657, ""P001"": 4171.468, ""P002"": 20.565}",Performance advisory only. No maintenance action required.,,,,,,,synthetic_normal,
252,AXS-NC-001,7,NOTICE,AXS,Axis Servo System,130,process_anomaly,M02,OP07,M02_OP07_inst0252,Axis Position — Reference Established,P010,X-Axis Position Error,mm,-0.008,-0.01,0.01,-0.5,0.5,"{""P010"": -0.008, ""P011"": -0.003, ""P012"": 0.001, ""P001"": 1579.78, ""P002"": 56.798}",Informational. Parameter approaching limit. Review during next maintenance window.,,,,,,,synthetic_normal,
253,ELC-WN-001,6,WARNING,ELC,Electrical Cabinet,142,process_anomaly,M01,OP08,M01_OP08_inst0253,DC Bus — Minor Voltage Ripple Detected,P090,DC Bus Voltage,V,601.426,560.0,620.0,480.0,680.0,"{""P090"": 601.426, ""P001"": 6312.657, ""P002"": 43.148}",Log event. No immediate action required. Review at end of shift.,ELC-CR-001|ELC-MD-001,,,,,,synthetic_normal,
254,SPN-WN-002,6,WARNING,SPN,Spindle Drive System,128,spindle_bearing_fault,M02,OP14,M02_OP14_inst0254,Spindle Temperature — Warm-Up Reminder,P003,Spindle Motor Temperature,°C,56.55,20.0,75.0,0.0,95.0,"{""P003"": 56.55, ""P001"": 5121.799, ""P002"": 83.388}",Log event. No immediate action required. Review at end of shift.,SPN-MN-002|THM-NC-001,,,,,,synthetic_normal,
255,CLS-AD-001,8,ADVISORY,CLS,Coolant System,134,process_anomaly,M03,OP01,M03_OP01_inst0255,Coolant — Through-Spindle Active,P030,Coolant Flow Rate,L/min,21.071,15.0,40.0,5.0,50.0,"{""P030"": 21.071, ""P001"": 633.721, ""P002"": 20.496}",Performance advisory only. No maintenance action required.,,,,,,,synthetic_normal,
256,SPN-AD-001,8,ADVISORY,SPN,Spindle Drive System,128,process_anomaly,M03,OP11,M03_OP11_inst0256,Spindle Running at Reduced Speed — Override Active,P001,Spindle Speed,RPM,3281.0,100.0,8000.0,0.0,8500.0,"{""P001"": 3281, ""P083"": 16.009, ""P002"": 29.945, ""P003"": 38.62}",Performance advisory only. No maintenance action required.,SPN-MD-002,,,,,,synthetic_normal,
257,TCS-WN-001,6,WARNING,TCS,Tool Change System,132,tool_wear,M03,OP07,M03_OP07_inst0257,Next Tool Pre-Call — Long ATC Cycle Expected,P020,Tool Magazine Position,slot,25.5,1.0,30.0,0.0,31.0,"{""P020"": 25.5, ""P001"": 3880.396, ""P002"": 15.494}",Log event. No immediate action required. Review at end of shift.,,,,,,,synthetic_normal,
258,AXS-WN-001,6,WARNING,AXS,Axis Servo System,130,process_anomaly,M01,OP11,M01_OP11_inst0258,Following Error — Intermittent Spikes,P016,Axis Following Error,mm,0.039,0.0,0.05,0.0,2.0,"{""P016"": 0.039, ""P001"": 3715.669, ""P002"": 24.943}",Log event. No immediate action required. Review at end of shift.,AXS-MD-001|AXS-MJ-001,,,,,,synthetic_normal,
259,SPN-WN-003,6,WARNING,SPN,Spindle Drive System,128,tool_wear,M01,OP01,M01_OP01_inst0259,Tool Life Counter — Approaching Limit,P002,Spindle Load,%,51.9,0.0,85.0,0.0,105.0,"{""P002"": 51.9, ""P005"": 37.209, ""P001"": 3245.97, ""P003"": 64.847}",Log event. No immediate action required. Review at end of shift.,SPN-WN-001|TCS-NC-001,,,,,,synthetic_normal,
260,CNC-NC-001,7,NOTICE,CNC,CNC Controller,140,process_anomaly,M02,OP01,M02_OP01_inst0260,CNC System — Normal Operation,P080,CNC CPU Load,%,30.1,0.0,75.0,0.0,100.0,"{""P080"": 30.1, ""P081"": 15.288, ""P001"": 2920.096, ""P002"": 66.372}",Informational. Parameter approaching limit. Review during next maintenance window.,,,,,,,synthetic_normal,
261,VIB-NC-001,7,NOTICE,VIB,Vibration Monitoring,144,process_anomaly,M02,OP01,M02_OP01_inst0261,Crest Factor — Within Normal Band,P063,Vibration Crest Factor,-,2.469,1.0,4.5,0.0,12.0,"{""P063"": 2.469, ""P001"": 3551.916, ""P002"": 34.002}",Informational. Parameter approaching limit. Review during next maintenance window.,,,,,,,synthetic_normal,
262,THM-AD-001,8,ADVISORY,THM,Thermal Management,146,process_anomaly,M02,OP04,M02_OP04_inst0262,Feed Motor Temperature — Nominal,P072,Feed Drive Motor Temp,°C,45.453,20.0,72.0,0.0,90.0,"{""P072"": 45.453, ""P001"": 4020.005, ""P002"": 42.289}",Performance advisory only. No maintenance action required.,,,,,,,synthetic_normal,
263,LUB-WN-001,6,WARNING,LUB,Lubrication System,136,process_anomaly,M01,OP11,M01_OP11_inst0263,Lubrication — Scheduled Interval Due,P041,Lubrication Oil Level,%,73.6,25.0,100.0,10.0,100.0,"{""P041"": 73.6, ""P001"": 3501.797, ""P002"": 84.583}",Log event. No immediate action required. Review at end of shift.,LUB-SR-001,,,,,,synthetic_normal,
264,TCS-WN-001,6,WARNING,TCS,Tool Change System,132,tool_wear,M03,OP04,M03_OP04_inst0264,Next Tool Pre-Call — Long ATC Cycle Expected,P020,Tool Magazine Position,slot,18.8,1.0,30.0,0.0,31.0,"{""P020"": 18.8, ""P001"": 732.544, ""P002"": 56.178}",Log event. No immediate action required. Review at end of shift.,,,,,,,synthetic_normal,
265,LUB-AD-001,8,ADVISORY,LUB,Lubrication System,136,process_anomaly,M02,OP08,M02_OP08_inst0265,Lubrication Oil Level — Nominal,P041,Lubrication Oil Level,%,54.0,25.0,100.0,10.0,100.0,"{""P041"": 54.0, ""P001"": 1416.494, ""P002"": 37.732}",Performance advisory only. No maintenance action required.,,,,,,,synthetic_normal,
266,THM-AD-001,8,ADVISORY,THM,Thermal Management,146,process_anomaly,M01,OP11,M01_OP11_inst0266,Feed Motor Temperature — Nominal,P072,Feed Drive Motor Temp,°C,43.297,20.0,72.0,0.0,90.0,"{""P072"": 43.297, ""P001"": 2885.219, ""P002"": 84.843}",Performance advisory only. No maintenance action required.,,,,,,,synthetic_normal,
267,LUB-WN-001,6,WARNING,LUB,Lubrication System,136,process_anomaly,M03,OP14,M03_OP14_inst0267,Lubrication — Scheduled Interval Due,P041,Lubrication Oil Level,%,87.4,25.0,100.0,10.0,100.0,"{""P041"": 87.4, ""P001"": 692.825, ""P002"": 54.189}",Log event. No immediate action required. Review at end of shift.,LUB-SR-001,,,,,,synthetic_normal,
268,ELC-WN-001,6,WARNING,ELC,Electrical Cabinet,142,process_anomaly,M03,OP14,M03_OP14_inst0268,DC Bus — Minor Voltage Ripple Detected,P090,DC Bus Voltage,V,605.748,560.0,620.0,480.0,680.0,"{""P090"": 605.748, ""P001"": 1363.895, ""P002"": 2.647}",Log event. No immediate action required. Review at end of shift.,ELC-CR-001|ELC-MD-001,,,,,,synthetic_normal,
269,THM-AD-001,8,ADVISORY,THM,Thermal Management,146,process_anomaly,M01,OP02,M01_OP02_inst0269,Feed Motor Temperature — Nominal,P072,Feed Drive Motor Temp,°C,26.598,20.0,72.0,0.0,90.0,"{""P072"": 26.598, ""P001"": 6250.271, ""P002"": 31.138}",Performance advisory only. No maintenance action required.,,,,,,,synthetic_normal,
270,ELC-NC-001,7,NOTICE,ELC,Electrical Cabinet,142,process_anomaly,M03,OP01,M03_OP01_inst0270,Power-On Self-Test — Passed,P090,DC Bus Voltage,V,580.522,560.0,620.0,480.0,680.0,"{""P090"": 580.522, ""P091"": 407.162, ""P001"": 7595.706, ""P002"": 31.621}",Informational. Parameter approaching limit. Review during next maintenance window.,,,,,,,synthetic_normal,
271,SPN-NC-001,7,NOTICE,SPN,Spindle Drive System,128,process_anomaly,M03,OP02,M03_OP02_inst0271,Spindle Speed Program Limit Active,P001,Spindle Speed,RPM,2563.0,100.0,8000.0,0.0,8500.0,"{""P001"": 2563, ""P002"": 33.833, ""P003"": 55.726, ""P004"": 1.123}",Informational. Parameter approaching limit. Review during next maintenance window.,,,,,,,synthetic_normal,
272,SPN-AD-002,8,ADVISORY,SPN,Spindle Drive System,128,process_anomaly,M01,OP11,M01_OP11_inst0272,Spindle Idle — No Load Detected,P002,Spindle Load,%,14.8,0.0,85.0,0.0,105.0,"{""P002"": 14.8, ""P001"": 4190.188, ""P003"": 70.245}",Performance advisory only. No maintenance action required.,,,,,,,synthetic_normal,
273,SPN-AD-002,8,ADVISORY,SPN,Spindle Drive System,128,process_anomaly,M02,OP14,M02_OP14_inst0273,Spindle Idle — No Load Detected,P002,Spindle Load,%,17.3,0.0,85.0,0.0,105.0,"{""P002"": 17.3, ""P001"": 3625.558, ""P003"": 74.8}",Performance advisory only. No maintenance action required.,,,,,,,synthetic_normal,
274,LUB-NC-001,7,NOTICE,LUB,Lubrication System,136,process_anomaly,M03,OP07,M03_OP07_inst0274,Lubrication Cycle Complete,P040,Lubrication Oil Pressure,bar,2.45,2.0,4.5,0.5,6.0,"{""P040"": 2.45, ""P042"": 0.771, ""P001"": 685.011, ""P002"": 14.676}",Informational. Parameter approaching limit. Review during next maintenance window.,,,,,,,synthetic_normal,
275,THM-AD-001,8,ADVISORY,THM,Thermal Management,146,process_anomaly,M01,OP14,M01_OP14_inst0275,Feed Motor Temperature — Nominal,P072,Feed Drive Motor Temp,°C,39.384,20.0,72.0,0.0,90.0,"{""P072"": 39.384, ""P001"": 6779.618, ""P002"": 27.165}",Performance advisory only. No maintenance action required.,,,,,,,synthetic_normal,
276,VIB-AD-001,8,ADVISORY,VIB,Vibration Monitoring,144,process_anomaly,M03,OP01,M03_OP01_inst0276,Vibration Baseline Update,P060,X-Axis Vibration RMS,mm/s,1.44,0.0,4.5,0.0,11.2,"{""P060"": 1.44, ""P061"": 1.307, ""P062"": 1.35, ""P001"": 1344.291, ""P002"": 60.313}",Performance advisory only. No maintenance action required.,,,,,,,synthetic_normal,
277,TCS-WN-001,6,WARNING,TCS,Tool Change System,132,tool_wear,M02,OP08,M02_OP08_inst0277,Next Tool Pre-Call — Long ATC Cycle Expected,P020,Tool Magazine Position,slot,17.8,1.0,30.0,0.0,31.0,"{""P020"": 17.8, ""P001"": 7882.547, ""P002"": 67.326}",Log event. No immediate action required. Review at end of shift.,,,,,,,synthetic_normal,
278,CLS-NC-001,7,NOTICE,CLS,Coolant System,134,process_anomaly,M02,OP01,M02_OP01_inst0278,Coolant Temperature Stabilised,P031,Coolant Temperature,°C,19.887,15.0,35.0,5.0,45.0,"{""P031"": 19.887, ""P001"": 4620.992, ""P002"": 39.729}",Informational. Parameter approaching limit. Review during next maintenance window.,,,,,,,synthetic_normal,
279,AXS-WN-001,6,WARNING,AXS,Axis Servo System,130,process_anomaly,M03,OP01,M03_OP01_inst0279,Following Error — Intermittent Spikes,P016,Axis Following Error,mm,0.026,0.0,0.05,0.0,2.0,"{""P016"": 0.026, ""P001"": 3245.464, ""P002"": 60.939}",Log event. No immediate action required. Review at end of shift.,AXS-MD-001|AXS-MJ-001,,,,,,synthetic_normal,
280,CNC-NC-001,7,NOTICE,CNC,CNC Controller,140,process_anomaly,M03,OP07,M03_OP07_inst0280,CNC System — Normal Operation,P080,CNC CPU Load,%,30.6,0.0,75.0,0.0,100.0,"{""P080"": 30.6, ""P081"": 65.867, ""P001"": 682.631, ""P002"": 82.652}",Informational. Parameter approaching limit. Review during next maintenance window.,,,,,,,synthetic_normal,
281,SPN-NC-001,7,NOTICE,SPN,Spindle Drive System,128,process_anomaly,M02,OP07,M02_OP07_inst0281,Spindle Speed Program Limit Active,P001,Spindle Speed,RPM,3039.0,100.0,8000.0,0.0,8500.0,"{""P001"": 3039, ""P002"": 29.284, ""P003"": 68.288, ""P004"": 3.511}",Informational. Parameter approaching limit. Review during next maintenance window.,,,,,,,synthetic_normal,
282,TCS-WN-001,6,WARNING,TCS,Tool Change System,132,tool_wear,M01,OP07,M01_OP07_inst0282,Next Tool Pre-Call — Long ATC Cycle Expected,P020,Tool Magazine Position,slot,20.6,1.0,30.0,0.0,31.0,"{""P020"": 20.6, ""P001"": 6958.872, ""P002"": 70.668}",Log event. No immediate action required. Review at end of shift.,,,,,,,synthetic_normal,
283,AXS-NC-001,7,NOTICE,AXS,Axis Servo System,130,process_anomaly,M02,OP02,M02_OP02_inst0283,Axis Position — Reference Established,P010,X-Axis Position Error,mm,-0.007,-0.01,0.01,-0.5,0.5,"{""P010"": -0.007, ""P011"": 0.009, ""P012"": -0.005, ""P001"": 7585.117, ""P002"": 44.106}",Informational. Parameter approaching limit. Review during next maintenance window.,,,,,,,synthetic_normal,
284,LUB-NC-001,7,NOTICE,LUB,Lubrication System,136,process_anomaly,M01,OP04,M01_OP04_inst0284,Lubrication Cycle Complete,P040,Lubrication Oil Pressure,bar,2.446,2.0,4.5,0.5,6.0,"{""P040"": 2.446, ""P042"": 2.413, ""P001"": 2268.163, ""P002"": 53.127}",Informational. Parameter approaching limit. Review during next maintenance window.,,,,,,,synthetic_normal,
285,SPN-NC-002,7,NOTICE,SPN,Spindle Drive System,128,process_anomaly,M03,OP11,M03_OP11_inst0285,Spindle Warm-Up Complete,P003,Spindle Motor Temperature,°C,29.21,20.0,75.0,0.0,95.0,"{""P003"": 29.21, ""P001"": 7538.695, ""P002"": 13.107}",Informational. Parameter approaching limit. Review during next maintenance window.,SPN-WN-002,,,,,,synthetic_normal,
286,VIB-NC-001,7,NOTICE,VIB,Vibration Monitoring,144,process_anomaly,M03,OP01,M03_OP01_inst0286,Crest Factor — Within Normal Band,P063,Vibration Crest Factor,-,2.505,1.0,4.5,0.0,12.0,"{""P063"": 2.505, ""P001"": 324.151, ""P002"": 3.864}",Informational. Parameter approaching limit. Review during next maintenance window.,,,,,,,synthetic_normal,
287,CLS-AD-001,8,ADVISORY,CLS,Coolant System,134,process_anomaly,M03,OP02,M03_OP02_inst0287,Coolant — Through-Spindle Active,P030,Coolant Flow Rate,L/min,25.17,15.0,40.0,5.0,50.0,"{""P030"": 25.17, ""P001"": 3391.036, ""P002"": 54.314}",Performance advisory only. No maintenance action required.,,,,,,,synthetic_normal,
288,CNC-AD-001,8,ADVISORY,CNC,CNC Controller,140,process_anomaly,M03,OP08,M03_OP08_inst0288,NC Block Counter,P082,NC Program Block Number,block,21586.0,0.0,99999.0,0.0,99999.0,"{""P082"": 21586, ""P001"": 7657.536, ""P002"": 41.05}",Performance advisory only. No maintenance action required.,,,,,,,synthetic_normal,
289,ELC-AD-001,8,ADVISORY,ELC,Electrical Cabinet,142,process_anomaly,M02,OP07,M02_OP07_inst0289,UPS Battery — Fully Charged,P093,UPS Battery Level,%,82.6,80.0,100.0,20.0,100.0,"{""P093"": 82.6, ""P001"": 573.313, ""P002"": 37.366}",Performance advisory only. No maintenance action required.,,,,,,,synthetic_normal,
290,CNC-NC-001,7,NOTICE,CNC,CNC Controller,140,process_anomaly,M02,OP02,M02_OP02_inst0290,CNC System — Normal Operation,P080,CNC CPU Load,%,17.7,0.0,75.0,0.0,100.0,"{""P080"": 17.7, ""P081"": 11.493, ""P001"": 6905.732, ""P002"": 27.142}",Informational. Parameter approaching limit. Review during next maintenance window.,,,,,,,synthetic_normal,
291,VIB-AD-001,8,ADVISORY,VIB,Vibration Monitoring,144,process_anomaly,M02,OP02,M02_OP02_inst0291,Vibration Baseline Update,P060,X-Axis Vibration RMS,mm/s,1.819,0.0,4.5,0.0,11.2,"{""P060"": 1.819, ""P061"": 2.317, ""P062"": 0.478, ""P001"": 2009.729, ""P002"": 10.414}",Performance advisory only. No maintenance action required.,,,,,,,synthetic_normal,
292,THM-AD-001,8,ADVISORY,THM,Thermal Management,146,process_anomaly,M01,OP02,M01_OP02_inst0292,Feed Motor Temperature — Nominal,P072,Feed Drive Motor Temp,°C,27.214,20.0,72.0,0.0,90.0,"{""P072"": 27.214, ""P001"": 2392.675, ""P002"": 32.653}",Performance advisory only. No maintenance action required.,,,,,,,synthetic_normal,
293,THM-WN-001,6,WARNING,THM,Thermal Management,146,process_anomaly,M01,OP14,M01_OP14_inst0293,Ambient Temperature — Above Recommended Range,P070,Ambient Temperature,°C,31.316,15.0,35.0,5.0,45.0,"{""P070"": 31.316, ""P001"": 6526.475, ""P002"": 79.369}",Log event. No immediate action required. Review at end of shift.,THM-MD-001,,,,,,synthetic_normal,
294,VIB-WN-001,6,WARNING,VIB,Vibration Monitoring,144,process_anomaly,M01,OP14,M01_OP14_inst0294,Vibration — Normal Operating Range,P060,X-Axis Vibration RMS,mm/s,2.501,0.0,4.5,0.0,11.2,"{""P060"": 2.501, ""P061"": 4.482, ""P062"": 2.101, ""P001"": 7044.698, ""P002"": 42.276}",Log event. No immediate action required. Review at end of shift.,,,,,,,synthetic_normal,
295,SPN-NC-002,7,NOTICE,SPN,Spindle Drive System,128,process_anomaly,M02,OP08,M02_OP08_inst0295,Spindle Warm-Up Complete,P003,Spindle Motor Temperature,°C,35.559,20.0,75.0,0.0,95.0,"{""P003"": 35.559, ""P001"": 2001.756, ""P002"": 49.584}",Informational. Parameter approaching limit. Review during next maintenance window.,SPN-WN-002,,,,,,synthetic_normal,
296,SPN-WN-004,6,WARNING,SPN,Spindle Drive System,128,tool_wear,M01,OP04,M01_OP04_inst0296,Spindle Load Variance — Increased Part-to-Part Variation,P002,Spindle Load,%,57.2,0.0,85.0,0.0,105.0,"{""P002"": 57.2, ""P001"": 7070.482, ""P003"": 55.984}",Log event. No immediate action required. Review at end of shift.,SPN-MN-001|CLS-WN-001,,,,,,synthetic_normal,
297,CNC-NC-001,7,NOTICE,CNC,CNC Controller,140,process_anomaly,M02,OP08,M02_OP08_inst0297,CNC System — Normal Operation,P080,CNC CPU Load,%,7.7,0.0,75.0,0.0,100.0,"{""P080"": 7.7, ""P081"": 8.6, ""P001"": 1158.086, ""P002"": 22.48}",Informational. Parameter approaching limit. Review during next maintenance window.,,,,,,,synthetic_normal,
298,ELC-WN-001,6,WARNING,ELC,Electrical Cabinet,142,process_anomaly,M02,OP04,M02_OP04_inst0298,DC Bus — Minor Voltage Ripple Detected,P090,DC Bus Voltage,V,590.95,560.0,620.0,480.0,680.0,"{""P090"": 590.95, ""P001"": 504.146, ""P002"": 47.754}",Log event. No immediate action required. Review at end of shift.,ELC-CR-001|ELC-MD-001,,,,,,synthetic_normal,
299,ELC-WN-001,6,WARNING,ELC,Electrical Cabinet,142,process_anomaly,M03,OP04,M03_OP04_inst0299,DC Bus — Minor Voltage Ripple Detected,P090,DC Bus Voltage,V,591.544,560.0,620.0,480.0,680.0,"{""P090"": 591.544, ""P001"": 4083.619, ""P002"": 64.974}",Log event. No immediate action required. Review at end of shift.,ELC-CR-001|ELC-MD-001,,,,,,synthetic_normal,
300,LUB-WN-001,6,WARNING,LUB,Lubrication System,136,process_anomaly,M03,OP11,M03_OP11_inst0300,Lubrication — Scheduled Interval Due,P041,Lubrication Oil Level,%,78.5,25.0,100.0,10.0,100.0,"{""P041"": 78.5, ""P001"": 1116.441, ""P002"": 8.218}",Log event. No immediate action required. Review at end of shift.,LUB-SR-001,,,,,,synthetic_normal,
301,ELC-WN-001,6,WARNING,ELC,Electrical Cabinet,142,process_anomaly,M02,OP08,M02_OP08_inst0301,DC Bus — Minor Voltage Ripple Detected,P090,DC Bus Voltage,V,609.718,560.0,620.0,480.0,680.0,"{""P090"": 609.718, ""P001"": 6064.225, ""P002"": 16.92}",Log event. No immediate action required. Review at end of shift.,ELC-CR-001|ELC-MD-001,,,,,,synthetic_normal,
302,HYD-WN-001,6,WARNING,HYD,Hydraulic System,138,process_anomaly,M02,OP08,M02_OP08_inst0302,Hydraulic Pump — Scheduled Service Due,P052,Hydraulic Pump Flow,L/min,27.711,20.0,35.0,5.0,40.0,"{""P052"": 27.711, ""P001"": 407.42, ""P002"": 60.655}",Log event. No immediate action required. Review at end of shift.,HYD-MD-001,,,,,,synthetic_normal,
303,CNC-NC-001,7,NOTICE,CNC,CNC Controller,140,process_anomaly,M03,OP07,M03_OP07_inst0303,CNC System — Normal Operation,P080,CNC CPU Load,%,12.0,0.0,75.0,0.0,100.0,"{""P080"": 12.0, ""P081"": 71.451, ""P001"": 1204.27, ""P002"": 79.166}",Informational. Parameter approaching limit. Review during next maintenance window.,,,,,,,synthetic_normal,
304,VIB-WN-001,6,WARNING,VIB,Vibration Monitoring,144,process_anomaly,M01,OP07,M01_OP07_inst0304,Vibration — Normal Operating Range,P060,X-Axis Vibration RMS,mm/s,3.81,0.0,4.5,0.0,11.2,"{""P060"": 3.81, ""P061"": 3.327, ""P062"": 1.347, ""P001"": 2757.35, ""P002"": 70.405}",Log event. No immediate action required. Review at end of shift.,,,,,,,synthetic_normal,
305,CNC-AD-001,8,ADVISORY,CNC,CNC Controller,140,process_anomaly,M03,OP08,M03_OP08_inst0305,NC Block Counter,P082,NC Program Block Number,block,21991.0,0.0,99999.0,0.0,99999.0,"{""P082"": 21991, ""P001"": 6544.416, ""P002"": 31.31}",Performance advisory only. No maintenance action required.,,,,,,,synthetic_normal,
306,SPN-AD-002,8,ADVISORY,SPN,Spindle Drive System,128,process_anomaly,M02,OP08,M02_OP08_inst0306,Spindle Idle — No Load Detected,P002,Spindle Load,%,19.0,0.0,85.0,0.0,105.0,"{""P002"": 19.0, ""P001"": 7200.26, ""P003"": 67.965}",Performance advisory only. No maintenance action required.,,,,,,,synthetic_normal,
307,SPN-WN-002,6,WARNING,SPN,Spindle Drive System,128,spindle_bearing_fault,M03,OP07,M03_OP07_inst0307,Spindle Temperature — Warm-Up Reminder,P003,Spindle Motor Temperature,°C,52.611,20.0,75.0,0.0,95.0,"{""P003"": 52.611, ""P001"": 5279.169, ""P002"": 82.625}",Log event. No immediate action required. Review at end of shift.,SPN-MN-002|THM-NC-001,,,,,,synthetic_normal,
308,CLS-WN-001,6,WARNING,CLS,Coolant System,134,process_anomaly,M03,OP01,M03_OP01_inst0308,Coolant Tank — Refill Reminder,P033,Coolant Tank Level,%,76.3,20.0,100.0,5.0,100.0,"{""P033"": 76.3, ""P001"": 1447.045, ""P002"": 53.467}",Log event. No immediate action required. Review at end of shift.,CLS-MD-001,,,,,,synthetic_normal,
309,ELC-NC-001,7,NOTICE,ELC,Electrical Cabinet,142,process_anomaly,M01,OP14,M01_OP14_inst0309,Power-On Self-Test — Passed,P090,DC Bus Voltage,V,582.337,560.0,620.0,480.0,680.0,"{""P090"": 582.337, ""P091"": 381.263, ""P001"": 7590.821, ""P002"": 9.341}",Informational. Parameter approaching limit. Review during next maintenance window.,,,,,,,synthetic_normal,
310,SPN-WN-002,6,WARNING,SPN,Spindle Drive System,128,spindle_bearing_fault,M02,OP04,M02_OP04_inst0310,Spindle Temperature — Warm-Up Reminder,P003,Spindle Motor Temperature,°C,55.562,20.0,75.0,0.0,95.0,"{""P003"": 55.562, ""P001"": 3362.385, ""P002"": 17.331}",Log event. No immediate action required. Review at end of shift.,SPN-MN-002|THM-NC-001,,,,,,synthetic_normal,
311,HYD-WN-001,6,WARNING,HYD,Hydraulic System,138,process_anomaly,M03,OP07,M03_OP07_inst0311,Hydraulic Pump — Scheduled Service Due,P052,Hydraulic Pump Flow,L/min,32.082,20.0,35.0,5.0,40.0,"{""P052"": 32.082, ""P001"": 5913.114, ""P002"": 5.294}",Log event. No immediate action required. Review at end of shift.,HYD-MD-001,,,,,,synthetic_normal,
312,AXS-WN-001,6,WARNING,AXS,Axis Servo System,130,process_anomaly,M03,OP02,M03_OP02_inst0312,Following Error — Intermittent Spikes,P016,Axis Following Error,mm,0.035,0.0,0.05,0.0,2.0,"{""P016"": 0.035, ""P001"": 7985.171, ""P002"": 40.662}",Log event. No immediate action required. Review at end of shift.,AXS-MD-001|AXS-MJ-001,,,,,,synthetic_normal,
313,ELC-NC-001,7,NOTICE,ELC,Electrical Cabinet,142,process_anomaly,M02,OP02,M02_OP02_inst0313,Power-On Self-Test — Passed,P090,DC Bus Voltage,V,577.032,560.0,620.0,480.0,680.0,"{""P090"": 577.032, ""P091"": 401.325, ""P001"": 4415.558, ""P002"": 57.449}",Informational. Parameter approaching limit. Review during next maintenance window.,,,,,,,synthetic_normal,
314,CLS-AD-001,8,ADVISORY,CLS,Coolant System,134,process_anomaly,M03,OP07,M03_OP07_inst0314,Coolant — Through-Spindle Active,P030,Coolant Flow Rate,L/min,19.423,15.0,40.0,5.0,50.0,"{""P030"": 19.423, ""P001"": 2047.501, ""P002"": 47.437}",Performance advisory only. No maintenance action required.,,,,,,,synthetic_normal,
315,CLS-WN-001,6,WARNING,CLS,Coolant System,134,process_anomaly,M02,OP14,M02_OP14_inst0315,Coolant Tank — Refill Reminder,P033,Coolant Tank Level,%,68.1,20.0,100.0,5.0,100.0,"{""P033"": 68.1, ""P001"": 1737.495, ""P002"": 59.924}",Log event. No immediate action required. Review at end of shift.,CLS-MD-001,,,,,,synthetic_normal,
316,VIB-WN-001,6,WARNING,VIB,Vibration Monitoring,144,process_anomaly,M02,OP04,M02_OP04_inst0316,Vibration — Normal Operating Range,P060,X-Axis Vibration RMS,mm/s,3.133,0.0,4.5,0.0,11.2,"{""P060"": 3.133, ""P061"": 4.205, ""P062"": 3.247, ""P001"": 2373.536, ""P002"": 48.746}",Log event. No immediate action required. Review at end of shift.,,,,,,,synthetic_normal,
317,ELC-NC-001,7,NOTICE,ELC,Electrical Cabinet,142,process_anomaly,M02,OP14,M02_OP14_inst0317,Power-On Self-Test — Passed,P090,DC Bus Voltage,V,574.283,560.0,620.0,480.0,680.0,"{""P090"": 574.283, ""P091"": 410.923, ""P001"": 1257.161, ""P002"": 3.576}",Informational. Parameter approaching limit. Review during next maintenance window.,,,,,,,synthetic_normal,
318,SPN-NC-002,7,NOTICE,SPN,Spindle Drive System,128,process_anomaly,M02,OP07,M02_OP07_inst0318,Spindle Warm-Up Complete,P003,Spindle Motor Temperature,°C,39.931,20.0,75.0,0.0,95.0,"{""P003"": 39.931, ""P001"": 6003.974, ""P002"": 18.189}",Informational. Parameter approaching limit. Review during next maintenance window.,SPN-WN-002,,,,,,synthetic_normal,
319,LUB-WN-001,6,WARNING,LUB,Lubrication System,136,process_anomaly,M03,OP11,M03_OP11_inst0319,Lubrication — Scheduled Interval Due,P041,Lubrication Oil Level,%,69.6,25.0,100.0,10.0,100.0,"{""P041"": 69.6, ""P001"": 962.89, ""P002"": 62.976}",Log event. No immediate action required. Review at end of shift.,LUB-SR-001,,,,,,synthetic_normal,
320,CLS-NC-001,7,NOTICE,CLS,Coolant System,134,process_anomaly,M01,OP01,M01_OP01_inst0320,Coolant Temperature Stabilised,P031,Coolant Temperature,°C,22.359,15.0,35.0,5.0,45.0,"{""P031"": 22.359, ""P001"": 4295.228, ""P002"": 54.225}",Informational. Parameter approaching limit. Review during next maintenance window.,,,,,,,synthetic_normal,
321,SPN-WN-004,6,WARNING,SPN,Spindle Drive System,128,tool_wear,M01,OP07,M01_OP07_inst0321,Spindle Load Variance — Increased Part-to-Part Variation,P002,Spindle Load,%,52.3,0.0,85.0,0.0,105.0,"{""P002"": 52.3, ""P001"": 3831.991, ""P003"": 57.466}",Log event. No immediate action required. Review at end of shift.,SPN-MN-001|CLS-WN-001,,,,,,synthetic_normal,
322,AXS-WN-001,6,WARNING,AXS,Axis Servo System,130,process_anomaly,M01,OP08,M01_OP08_inst0322,Following Error — Intermittent Spikes,P016,Axis Following Error,mm,0.042,0.0,0.05,0.0,2.0,"{""P016"": 0.042, ""P001"": 1347.735, ""P002"": 55.496}",Log event. No immediate action required. Review at end of shift.,AXS-MD-001|AXS-MJ-001,,,,,,synthetic_normal,
323,CNC-NC-001,7,NOTICE,CNC,CNC Controller,140,process_anomaly,M02,OP11,M02_OP11_inst0323,CNC System — Normal Operation,P080,CNC CPU Load,%,13.5,0.0,75.0,0.0,100.0,"{""P080"": 13.5, ""P081"": 77.113, ""P001"": 2637.225, ""P002"": 54.901}",Informational. Parameter approaching limit. Review during next maintenance window.,,,,,,,synthetic_normal,
324,SPN-NC-002,7,NOTICE,SPN,Spindle Drive System,128,process_anomaly,M03,OP08,M03_OP08_inst0324,Spindle Warm-Up Complete,P003,Spindle Motor Temperature,°C,30.609,20.0,75.0,0.0,95.0,"{""P003"": 30.609, ""P001"": 5935.624, ""P002"": 72.278}",Informational. Parameter approaching limit. Review during next maintenance window.,SPN-WN-002,,,,,,synthetic_normal,
325,SPN-WN-003,6,WARNING,SPN,Spindle Drive System,128,tool_wear,M01,OP07,M01_OP07_inst0325,Tool Life Counter — Approaching Limit,P002,Spindle Load,%,68.7,0.0,85.0,0.0,105.0,"{""P002"": 68.7, ""P005"": 21.095, ""P001"": 7365.115, ""P003"": 74.844}",Log event. No immediate action required. Review at end of shift.,SPN-WN-001|TCS-NC-001,,,,,,synthetic_normal,
326,ELC-AD-001,8,ADVISORY,ELC,Electrical Cabinet,142,process_anomaly,M02,OP02,M02_OP02_inst0326,UPS Battery — Fully Charged,P093,UPS Battery Level,%,89.5,80.0,100.0,20.0,100.0,"{""P093"": 89.5, ""P001"": 7700.838, ""P002"": 78.713}",Performance advisory only. No maintenance action required.,,,,,,,synthetic_normal,
327,SPN-WN-003,6,WARNING,SPN,Spindle Drive System,128,tool_wear,M01,OP04,M01_OP04_inst0327,Tool Life Counter — Approaching Limit,P002,Spindle Load,%,59.4,0.0,85.0,0.0,105.0,"{""P002"": 59.4, ""P005"": 12.876, ""P001"": 7865.652, ""P003"": 35.651}",Log event. No immediate action required. Review at end of shift.,SPN-WN-001|TCS-NC-001,,,,,,synthetic_normal,
328,CNC-AD-001,8,ADVISORY,CNC,CNC Controller,140,process_anomaly,M01,OP14,M01_OP14_inst0328,NC Block Counter,P082,NC Program Block Number,block,30168.0,0.0,99999.0,0.0,99999.0,"{""P082"": 30168, ""P001"": 2255.413, ""P002"": 68.749}",Performance advisory only. No maintenance action required.,,,,,,,synthetic_normal,
329,VIB-NC-001,7,NOTICE,VIB,Vibration Monitoring,144,process_anomaly,M01,OP11,M01_OP11_inst0329,Crest Factor — Within Normal Band,P063,Vibration Crest Factor,-,1.992,1.0,4.5,0.0,12.0,"{""P063"": 1.992, ""P001"": 2132.393, ""P002"": 15.827}",Informational. Parameter approaching limit. Review during next maintenance window.,,,,,,,synthetic_normal,
330,VIB-NC-001,7,NOTICE,VIB,Vibration Monitoring,144,process_anomaly,M02,OP08,M02_OP08_inst0330,Crest Factor — Within Normal Band,P063,Vibration Crest Factor,-,2.294,1.0,4.5,0.0,12.0,"{""P063"": 2.294, ""P001"": 1625.974, ""P002"": 51.931}",Informational. Parameter approaching limit. Review during next maintenance window.,,,,,,,synthetic_normal,
331,ELC-AD-001,8,ADVISORY,ELC,Electrical Cabinet,142,process_anomaly,M02,OP08,M02_OP08_inst0331,UPS Battery — Fully Charged,P093,UPS Battery Level,%,84.6,80.0,100.0,20.0,100.0,"{""P093"": 84.6, ""P001"": 3266.583, ""P002"": 8.108}",Performance advisory only. No maintenance action required.,,,,,,,synthetic_normal,
332,AXS-WN-001,6,WARNING,AXS,Axis Servo System,130,process_anomaly,M02,OP04,M02_OP04_inst0332,Following Error — Intermittent Spikes,P016,Axis Following Error,mm,0.041,0.0,0.05,0.0,2.0,"{""P016"": 0.041, ""P001"": 153.958, ""P002"": 32.604}",Log event. No immediate action required. Review at end of shift.,AXS-MD-001|AXS-MJ-001,,,,,,synthetic_normal,
333,THM-AD-001,8,ADVISORY,THM,Thermal Management,146,process_anomaly,M02,OP04,M02_OP04_inst0333,Feed Motor Temperature — Nominal,P072,Feed Drive Motor Temp,°C,31.48,20.0,72.0,0.0,90.0,"{""P072"": 31.48, ""P001"": 5810.772, ""P002"": 0.972}",Performance advisory only. No maintenance action required.,,,,,,,synthetic_normal,
334,ELC-WN-001,6,WARNING,ELC,Electrical Cabinet,142,process_anomaly,M03,OP02,M03_OP02_inst0334,DC Bus — Minor Voltage Ripple Detected,P090,DC Bus Voltage,V,591.305,560.0,620.0,480.0,680.0,"{""P090"": 591.305, ""P001"": 1033.976, ""P002"": 26.079}",Log event. No immediate action required. Review at end of shift.,ELC-CR-001|ELC-MD-001,,,,,,synthetic_normal,
335,ELC-AD-001,8,ADVISORY,ELC,Electrical Cabinet,142,process_anomaly,M03,OP08,M03_OP08_inst0335,UPS Battery — Fully Charged,P093,UPS Battery Level,%,89.4,80.0,100.0,20.0,100.0,"{""P093"": 89.4, ""P001"": 7113.631, ""P002"": 65.436}",Performance advisory only. No maintenance action required.,,,,,,,synthetic_normal,
336,SPN-AD-002,8,ADVISORY,SPN,Spindle Drive System,128,process_anomaly,M03,OP04,M03_OP04_inst0336,Spindle Idle — No Load Detected,P002,Spindle Load,%,21.0,0.0,85.0,0.0,105.0,"{""P002"": 21.0, ""P001"": 1844.709, ""P003"": 72.655}",Performance advisory only. No maintenance action required.,,,,,,,synthetic_normal,
337,CNC-NC-001,7,NOTICE,CNC,CNC Controller,140,process_anomaly,M01,OP07,M01_OP07_inst0337,CNC System — Normal Operation,P080,CNC CPU Load,%,29.9,0.0,75.0,0.0,100.0,"{""P080"": 29.9, ""P081"": 48.459, ""P001"": 3385.18, ""P002"": 46.685}",Informational. Parameter approaching limit. Review during next maintenance window.,,,,,,,synthetic_normal,
338,CNC-NC-001,7,NOTICE,CNC,CNC Controller,140,process_anomaly,M03,OP14,M03_OP14_inst0338,CNC System — Normal Operation,P080,CNC CPU Load,%,27.4,0.0,75.0,0.0,100.0,"{""P080"": 27.4, ""P081"": 17.473, ""P001"": 2054.977, ""P002"": 64.153}",Informational. Parameter approaching limit. Review during next maintenance window.,,,,,,,synthetic_normal,
339,SPN-NC-002,7,NOTICE,SPN,Spindle Drive System,128,process_anomaly,M03,OP07,M03_OP07_inst0339,Spindle Warm-Up Complete,P003,Spindle Motor Temperature,°C,37.12,20.0,75.0,0.0,95.0,"{""P003"": 37.12, ""P001"": 2958.1, ""P002"": 77.966}",Informational. Parameter approaching limit. Review during next maintenance window.,SPN-WN-002,,,,,,synthetic_normal,
340,SPN-AD-002,8,ADVISORY,SPN,Spindle Drive System,128,process_anomaly,M01,OP14,M01_OP14_inst0340,Spindle Idle — No Load Detected,P002,Spindle Load,%,27.1,0.0,85.0,0.0,105.0,"{""P002"": 27.1, ""P001"": 4093.348, ""P003"": 51.499}",Performance advisory only. No maintenance action required.,,,,,,,synthetic_normal,
341,AXS-NC-001,7,NOTICE,AXS,Axis Servo System,130,process_anomaly,M01,OP04,M01_OP04_inst0341,Axis Position — Reference Established,P010,X-Axis Position Error,mm,-0.001,-0.01,0.01,-0.5,0.5,"{""P010"": -0.001, ""P011"": -0.001, ""P012"": 0.004, ""P001"": 5763.652, ""P002"": 41.55}",Informational. Parameter approaching limit. Review during next maintenance window.,,,,,,,synthetic_normal,
342,HYD-WN-001,6,WARNING,HYD,Hydraulic System,138,process_anomaly,M02,OP14,M02_OP14_inst0342,Hydraulic Pump — Scheduled Service Due,P052,Hydraulic Pump Flow,L/min,27.792,20.0,35.0,5.0,40.0,"{""P052"": 27.792, ""P001"": 1142.36, ""P002"": 35.311}",Log event. No immediate action required. Review at end of shift.,HYD-MD-001,,,,,,synthetic_normal,
343,SPN-WN-004,6,WARNING,SPN,Spindle Drive System,128,tool_wear,M03,OP07,M03_OP07_inst0343,Spindle Load Variance — Increased Part-to-Part Variation,P002,Spindle Load,%,62.5,0.0,85.0,0.0,105.0,"{""P002"": 62.5, ""P001"": 2534.54, ""P003"": 21.197}",Log event. No immediate action required. Review at end of shift.,SPN-MN-001|CLS-WN-001,,,,,,synthetic_normal,
344,CLS-AD-001,8,ADVISORY,CLS,Coolant System,134,process_anomaly,M01,OP11,M01_OP11_inst0344,Coolant — Through-Spindle Active,P030,Coolant Flow Rate,L/min,19.679,15.0,40.0,5.0,50.0,"{""P030"": 19.679, ""P001"": 676.933, ""P002"": 36.014}",Performance advisory only. No maintenance action required.,,,,,,,synthetic_normal,
345,SPN-NC-001,7,NOTICE,SPN,Spindle Drive System,128,process_anomaly,M03,OP01,M03_OP01_inst0345,Spindle Speed Program Limit Active,P001,Spindle Speed,RPM,3843.0,100.0,8000.0,0.0,8500.0,"{""P001"": 3843, ""P002"": 5.867, ""P003"": 71.358, ""P004"": 0.143}",Informational. Parameter approaching limit. Review during next maintenance window.,,,,,,,synthetic_normal,
346,THM-WN-001,6,WARNING,THM,Thermal Management,146,process_anomaly,M01,OP14,M01_OP14_inst0346,Ambient Temperature — Above Recommended Range,P070,Ambient Temperature,°C,25.948,15.0,35.0,5.0,45.0,"{""P070"": 25.948, ""P001"": 5168.048, ""P002"": 61.99}",Log event. No immediate action required. Review at end of shift.,THM-MD-001,,,,,,synthetic_normal,
347,THM-WN-001,6,WARNING,THM,Thermal Management,146,process_anomaly,M02,OP07,M02_OP07_inst0347,Ambient Temperature — Above Recommended Range,P070,Ambient Temperature,°C,28.14,15.0,35.0,5.0,45.0,"{""P070"": 28.14, ""P001"": 7345.209, ""P002"": 32.087}",Log event. No immediate action required. Review at end of shift.,THM-MD-001,,,,,,synthetic_normal,
348,SPN-NC-002,7,NOTICE,SPN,Spindle Drive System,128,process_anomaly,M03,OP11,M03_OP11_inst0348,Spindle Warm-Up Complete,P003,Spindle Motor Temperature,°C,44.74,20.0,75.0,0.0,95.0,"{""P003"": 44.74, ""P001"": 1150.619, ""P002"": 73.124}",Informational. Parameter approaching limit. Review during next maintenance window.,SPN-WN-002,,,,,,synthetic_normal,
349,SPN-AD-002,8,ADVISORY,SPN,Spindle Drive System,128,process_anomaly,M01,OP08,M01_OP08_inst0349,Spindle Idle — No Load Detected,P002,Spindle Load,%,21.9,0.0,85.0,0.0,105.0,"{""P002"": 21.9, ""P001"": 1106.042, ""P003"": 73.83}",Performance advisory only. No maintenance action required.,,,,,,,synthetic_normal,
350,SPN-WN-001,6,WARNING,SPN,Spindle Drive System,128,tool_wear,M01,OP04,M01_OP04_inst0350,Spindle Load — Tool Life 80% Consumed,P002,Spindle Load,%,56.3,0.0,85.0,0.0,105.0,"{""P002"": 56.3, ""P001"": 5780.842, ""P003"": 43.327}",Log event. No immediate action required. Review at end of shift.,SPN-MN-001|TCS-MD-001,,,,,,synthetic_normal,
351,ELC-NC-001,7,NOTICE,ELC,Electrical Cabinet,142,process_anomaly,M01,OP02,M01_OP02_inst0351,Power-On Self-Test — Passed,P090,DC Bus Voltage,V,577.055,560.0,620.0,480.0,680.0,"{""P090"": 577.055, ""P091"": 386.205, ""P001"": 1588.996, ""P002"": 74.393}",Informational. Parameter approaching limit. Review during next maintenance window.,,,,,,,synthetic_normal,
352,SPN-AD-002,8,ADVISORY,SPN,Spindle Drive System,128,process_anomaly,M01,OP14,M01_OP14_inst0352,Spindle Idle — No Load Detected,P002,Spindle Load,%,30.9,0.0,85.0,0.0,105.0,"{""P002"": 30.9, ""P001"": 4957.893, ""P003"": 71.493}",Performance advisory only. No maintenance action required.,,,,,,,synthetic_normal,
353,SPN-WN-002,6,WARNING,SPN,Spindle Drive System,128,spindle_bearing_fault,M01,OP02,M01_OP02_inst0353,Spindle Temperature — Warm-Up Reminder,P003,Spindle Motor Temperature,°C,48.795,20.0,75.0,0.0,95.0,"{""P003"": 48.795, ""P001"": 4792.159, ""P002"": 37.947}",Log event. No immediate action required. Review at end of shift.,SPN-MN-002|THM-NC-001,,,,,,synthetic_normal,
354,SPN-WN-004,6,WARNING,SPN,Spindle Drive System,128,tool_wear,M01,OP11,M01_OP11_inst0354,Spindle Load Variance — Increased Part-to-Part Variation,P002,Spindle Load,%,43.8,0.0,85.0,0.0,105.0,"{""P002"": 43.8, ""P001"": 3567.806, ""P003"": 49.687}",Log event. No immediate action required. Review at end of shift.,SPN-MN-001|CLS-WN-001,,,,,,synthetic_normal,
355,SPN-WN-004,6,WARNING,SPN,Spindle Drive System,128,tool_wear,M01,OP08,M01_OP08_inst0355,Spindle Load Variance — Increased Part-to-Part Variation,P002,Spindle Load,%,72.1,0.0,85.0,0.0,105.0,"{""P002"": 72.1, ""P001"": 1949.876, ""P003"": 70.402}",Log event. No immediate action required. Review at end of shift.,SPN-MN-001|CLS-WN-001,,,,,,synthetic_normal,
356,VIB-WN-001,6,WARNING,VIB,Vibration Monitoring,144,process_anomaly,M03,OP08,M03_OP08_inst0356,Vibration — Normal Operating Range,P060,X-Axis Vibration RMS,mm/s,3.467,0.0,4.5,0.0,11.2,"{""P060"": 3.467, ""P061"": 3.683, ""P062"": 1.066, ""P001"": 7022.441, ""P002"": 83.784}",Log event. No immediate action required. Review at end of shift.,,,,,,,synthetic_normal,
357,CLS-WN-001,6,WARNING,CLS,Coolant System,134,process_anomaly,M02,OP04,M02_OP04_inst0357,Coolant Tank — Refill Reminder,P033,Coolant Tank Level,%,67.7,20.0,100.0,5.0,100.0,"{""P033"": 67.7, ""P001"": 4498.073, ""P002"": 50.292}",Log event. No immediate action required. Review at end of shift.,CLS-MD-001,,,,,,synthetic_normal,
358,TCS-WN-001,6,WARNING,TCS,Tool Change System,132,tool_wear,M03,OP11,M03_OP11_inst0358,Next Tool Pre-Call — Long ATC Cycle Expected,P020,Tool Magazine Position,slot,19.8,1.0,30.0,0.0,31.0,"{""P020"": 19.8, ""P001"": 4015.404, ""P002"": 82.645}",Log event. No immediate action required. Review at end of shift.,,,,,,,synthetic_normal,
359,ELC-NC-001,7,NOTICE,ELC,Electrical Cabinet,142,process_anomaly,M03,OP04,M03_OP04_inst0359,Power-On Self-Test — Passed,P090,DC Bus Voltage,V,582.711,560.0,620.0,480.0,680.0,"{""P090"": 582.711, ""P091"": 396.33, ""P001"": 2469.119, ""P002"": 15.63}",Informational. Parameter approaching limit. Review during next maintenance window.,,,,,,,synthetic_normal,
360,CNC-NC-001,7,NOTICE,CNC,CNC Controller,140,process_anomaly,M01,OP14,M01_OP14_inst0360,CNC System — Normal Operation,P080,CNC CPU Load,%,14.3,0.0,75.0,0.0,100.0,"{""P080"": 14.3, ""P081"": 68.603, ""P001"": 1240.379, ""P002"": 39.357}",Informational. Parameter approaching limit. Review during next maintenance window.,,,,,,,synthetic_normal,
361,SPN-WN-004,6,WARNING,SPN,Spindle Drive System,128,tool_wear,M03,OP07,M03_OP07_inst0361,Spindle Load Variance — Increased Part-to-Part Variation,P002,Spindle Load,%,71.3,0.0,85.0,0.0,105.0,"{""P002"": 71.3, ""P001"": 4502.565, ""P003"": 27.375}",Log event. No immediate action required. Review at end of shift.,SPN-MN-001|CLS-WN-001,,,,,,synthetic_normal,
362,CLS-NC-001,7,NOTICE,CLS,Coolant System,134,process_anomaly,M02,OP02,M02_OP02_inst0362,Coolant Temperature Stabilised,P031,Coolant Temperature,°C,19.642,15.0,35.0,5.0,45.0,"{""P031"": 19.642, ""P001"": 724.656, ""P002"": 38.232}",Informational. Parameter approaching limit. Review during next maintenance window.,,,,,,,synthetic_normal,
363,ELC-WN-001,6,WARNING,ELC,Electrical Cabinet,142,process_anomaly,M01,OP08,M01_OP08_inst0363,DC Bus — Minor Voltage Ripple Detected,P090,DC Bus Voltage,V,605.216,560.0,620.0,480.0,680.0,"{""P090"": 605.216, ""P001"": 1604.805, ""P002"": 22.819}",Log event. No immediate action required. Review at end of shift.,ELC-CR-001|ELC-MD-001,,,,,,synthetic_normal,
364,SPN-WN-003,6,WARNING,SPN,Spindle Drive System,128,tool_wear,M01,OP02,M01_OP02_inst0364,Tool Life Counter — Approaching Limit,P002,Spindle Load,%,66.4,0.0,85.0,0.0,105.0,"{""P002"": 66.4, ""P005"": 70.51, ""P001"": 5404.459, ""P003"": 31.936}",Log event. No immediate action required. Review at end of shift.,SPN-WN-001|TCS-NC-001,,,,,,synthetic_normal,
365,TCS-AD-001,8,ADVISORY,TCS,Tool Change System,132,process_anomaly,M02,OP04,M02_OP04_inst0365,Magazine Position Update,P020,Tool Magazine Position,slot,15.0,1.0,30.0,0.0,31.0,"{""P020"": 15.0, ""P001"": 221.136, ""P002"": 79.659}",Performance advisory only. No maintenance action required.,,,,,,,synthetic_normal,
366,SPN-AD-002,8,ADVISORY,SPN,Spindle Drive System,128,process_anomaly,M03,OP14,M03_OP14_inst0366,Spindle Idle — No Load Detected,P002,Spindle Load,%,24.8,0.0,85.0,0.0,105.0,"{""P002"": 24.8, ""P001"": 2016.486, ""P003"": 53.242}",Performance advisory only. No maintenance action required.,,,,,,,synthetic_normal,
367,TCS-AD-001,8,ADVISORY,TCS,Tool Change System,132,process_anomaly,M02,OP02,M02_OP02_inst0367,Magazine Position Update,P020,Tool Magazine Position,slot,10.3,1.0,30.0,0.0,31.0,"{""P020"": 10.3, ""P001"": 6226.56, ""P002"": 32.356}",Performance advisory only. No maintenance action required.,,,,,,,synthetic_normal,
368,VIB-AD-001,8,ADVISORY,VIB,Vibration Monitoring,144,process_anomaly,M02,OP04,M02_OP04_inst0368,Vibration Baseline Update,P060,X-Axis Vibration RMS,mm/s,1.097,0.0,4.5,0.0,11.2,"{""P060"": 1.097, ""P061"": 3.973, ""P062"": 2.097, ""P001"": 6442.251, ""P002"": 61.405}",Performance advisory only. No maintenance action required.,,,,,,,synthetic_normal,
369,VIB-WN-001,6,WARNING,VIB,Vibration Monitoring,144,process_anomaly,M01,OP04,M01_OP04_inst0369,Vibration — Normal Operating Range,P060,X-Axis Vibration RMS,mm/s,2.743,0.0,4.5,0.0,11.2,"{""P060"": 2.743, ""P061"": 0.206, ""P062"": 3.888, ""P001"": 5955.894, ""P002"": 1.379}",Log event. No immediate action required. Review at end of shift.,,,,,,,synthetic_normal,
370,THM-WN-001,6,WARNING,THM,Thermal Management,146,process_anomaly,M02,OP02,M02_OP02_inst0370,Ambient Temperature — Above Recommended Range,P070,Ambient Temperature,°C,26.373,15.0,35.0,5.0,45.0,"{""P070"": 26.373, ""P001"": 1917.147, ""P002"": 48.432}",Log event. No immediate action required. Review at end of shift.,THM-MD-001,,,,,,synthetic_normal,
371,CLS-NC-001,7,NOTICE,CLS,Coolant System,134,process_anomaly,M02,OP08,M02_OP08_inst0371,Coolant Temperature Stabilised,P031,Coolant Temperature,°C,22.237,15.0,35.0,5.0,45.0,"{""P031"": 22.237, ""P001"": 5510.288, ""P002"": 21.873}",Informational. Parameter approaching limit. Review during next maintenance window.,,,,,,,synthetic_normal,
372,CNC-AD-001,8,ADVISORY,CNC,CNC Controller,140,process_anomaly,M03,OP11,M03_OP11_inst0372,NC Block Counter,P082,NC Program Block Number,block,39583.0,0.0,99999.0,0.0,99999.0,"{""P082"": 39583, ""P001"": 3740.549, ""P002"": 62.286}",Performance advisory only. No maintenance action required.,,,,,,,synthetic_normal,
373,VIB-AD-001,8,ADVISORY,VIB,Vibration Monitoring,144,process_anomaly,M01,OP02,M01_OP02_inst0373,Vibration Baseline Update,P060,X-Axis Vibration RMS,mm/s,1.747,0.0,4.5,0.0,11.2,"{""P060"": 1.747, ""P061"": 2.197, ""P062"": 4.126, ""P001"": 4382.881, ""P002"": 54.554}",Performance advisory only. No maintenance action required.,,,,,,,synthetic_normal,
374,SPN-WN-004,6,WARNING,SPN,Spindle Drive System,128,tool_wear,M03,OP01,M03_OP01_inst0374,Spindle Load Variance — Increased Part-to-Part Variation,P002,Spindle Load,%,67.5,0.0,85.0,0.0,105.0,"{""P002"": 67.5, ""P001"": 687.21, ""P003"": 64.99}",Log event. No immediate action required. Review at end of shift.,SPN-MN-001|CLS-WN-001,,,,,,synthetic_normal,
375,SPN-WN-004,6,WARNING,SPN,Spindle Drive System,128,tool_wear,M01,OP07,M01_OP07_inst0375,Spindle Load Variance — Increased Part-to-Part Variation,P002,Spindle Load,%,46.6,0.0,85.0,0.0,105.0,"{""P002"": 46.6, ""P001"": 5082.543, ""P003"": 23.738}",Log event. No immediate action required. Review at end of shift.,SPN-MN-001|CLS-WN-001,,,,,,synthetic_normal,
376,AXS-NC-001,7,NOTICE,AXS,Axis Servo System,130,process_anomaly,M01,OP02,M01_OP02_inst0376,Axis Position — Reference Established,P010,X-Axis Position Error,mm,-0.004,-0.01,0.01,-0.5,0.5,"{""P010"": -0.004, ""P011"": -0.003, ""P012"": 0.002, ""P001"": 5367.362, ""P002"": 52.404}",Informational. Parameter approaching limit. Review during next maintenance window.,,,,,,,synthetic_normal,
377,CNC-NC-001,7,NOTICE,CNC,CNC Controller,140,process_anomaly,M03,OP07,M03_OP07_inst0377,CNC System — Normal Operation,P080,CNC CPU Load,%,8.0,0.0,75.0,0.0,100.0,"{""P080"": 8.0, ""P081"": 42.577, ""P001"": 3349.574, ""P002"": 1.422}",Informational. Parameter approaching limit. Review during next maintenance window.,,,,,,,synthetic_normal,
378,LUB-WN-001,6,WARNING,LUB,Lubrication System,136,process_anomaly,M03,OP04,M03_OP04_inst0378,Lubrication — Scheduled Interval Due,P041,Lubrication Oil Level,%,62.9,25.0,100.0,10.0,100.0,"{""P041"": 62.9, ""P001"": 6523.942, ""P002"": 57.293}",Log event. No immediate action required. Review at end of shift.,LUB-SR-001,,,,,,synthetic_normal,
379,TCS-WN-001,6,WARNING,TCS,Tool Change System,132,tool_wear,M01,OP01,M01_OP01_inst0379,Next Tool Pre-Call — Long ATC Cycle Expected,P020,Tool Magazine Position,slot,20.8,1.0,30.0,0.0,31.0,"{""P020"": 20.8, ""P001"": 2003.654, ""P002"": 52.681}",Log event. No immediate action required. Review at end of shift.,,,,,,,synthetic_normal,
380,CLS-AD-001,8,ADVISORY,CLS,Coolant System,134,process_anomaly,M02,OP04,M02_OP04_inst0380,Coolant — Through-Spindle Active,P030,Coolant Flow Rate,L/min,25.449,15.0,40.0,5.0,50.0,"{""P030"": 25.449, ""P001"": 724.252, ""P002"": 81.54}",Performance advisory only. No maintenance action required.,,,,,,,synthetic_normal,
381,CNC-WN-001,6,WARNING,CNC,CNC Controller,140,process_anomaly,M03,OP02,M03_OP02_inst0381,Program — Approaching End of File,P082,NC Program Block Number,block,84657.0,0.0,99999.0,0.0,99999.0,"{""P082"": 84657, ""P001"": 1884.272, ""P002"": 58.144}",Log event. No immediate action required. Review at end of shift.,,,,,,,synthetic_normal,
382,SPN-NC-002,7,NOTICE,SPN,Spindle Drive System,128,process_anomaly,M03,OP14,M03_OP14_inst0382,Spindle Warm-Up Complete,P003,Spindle Motor Temperature,°C,39.798,20.0,75.0,0.0,95.0,"{""P003"": 39.798, ""P001"": 350.308, ""P002"": 34.449}",Informational. Parameter approaching limit. Review during next maintenance window.,SPN-WN-002,,,,,,synthetic_normal,
383,ELC-NC-001,7,NOTICE,ELC,Electrical Cabinet,142,process_anomaly,M03,OP07,M03_OP07_inst0383,Power-On Self-Test — Passed,P090,DC Bus Voltage,V,567.347,560.0,620.0,480.0,680.0,"{""P090"": 567.347, ""P091"": 380.378, ""P001"": 1453.93, ""P002"": 42.488}",Informational. Parameter approaching limit. Review during next maintenance window.,,,,,,,synthetic_normal,
384,THM-NC-001,7,NOTICE,THM,Thermal Management,146,process_anomaly,M03,OP14,M03_OP14_inst0384,Thermal Compensation Active,P070,Ambient Temperature,°C,19.65,15.0,35.0,5.0,45.0,"{""P070"": 19.65, ""P003"": 73.753, ""P001"": 7793.334, ""P002"": 76.057}",Informational. Parameter approaching limit. Review during next maintenance window.,,,,,,,synthetic_normal,
385,SPN-WN-003,6,WARNING,SPN,Spindle Drive System,128,tool_wear,M01,OP02,M01_OP02_inst0385,Tool Life Counter — Approaching Limit,P002,Spindle Load,%,69.3,0.0,85.0,0.0,105.0,"{""P002"": 69.3, ""P005"": 83.075, ""P001"": 4577.595, ""P003"": 34.91}",Log event. No immediate action required. Review at end of shift.,SPN-WN-001|TCS-NC-001,,,,,,synthetic_normal,
386,SPN-NC-001,7,NOTICE,SPN,Spindle Drive System,128,process_anomaly,M03,OP04,M03_OP04_inst0386,Spindle Speed Program Limit Active,P001,Spindle Speed,RPM,3731.0,100.0,8000.0,0.0,8500.0,"{""P001"": 3731, ""P002"": 47.898, ""P003"": 21.81, ""P004"": 4.179}",Informational. Parameter approaching limit. Review during next maintenance window.,,,,,,,synthetic_normal,
387,VIB-WN-001,6,WARNING,VIB,Vibration Monitoring,144,process_anomaly,M01,OP02,M01_OP02_inst0387,Vibration — Normal Operating Range,P060,X-Axis Vibration RMS,mm/s,3.175,0.0,4.5,0.0,11.2,"{""P060"": 3.175, ""P061"": 3.385, ""P062"": 3.207, ""P001"": 3246.539, ""P002"": 6.54}",Log event. No immediate action required. Review at end of shift.,,,,,,,synthetic_normal,
388,AXS-AD-001,8,ADVISORY,AXS,Axis Servo System,130,process_anomaly,M03,OP02,M03_OP02_inst0388,Rapid Override Active,P083,Feed Override,%,39.2,0.0,120.0,0.0,150.0,"{""P083"": 39.2, ""P001"": 6810.595, ""P002"": 57.548}",Performance advisory only. No maintenance action required.,,,,,,,synthetic_normal,
389,VIB-NC-001,7,NOTICE,VIB,Vibration Monitoring,144,process_anomaly,M02,OP14,M02_OP14_inst0389,Crest Factor — Within Normal Band,P063,Vibration Crest Factor,-,2.386,1.0,4.5,0.0,12.0,"{""P063"": 2.386, ""P001"": 6344.935, ""P002"": 58.591}",Informational. Parameter approaching limit. Review during next maintenance window.,,,,,,,synthetic_normal,
390,SPN-NC-002,7,NOTICE,SPN,Spindle Drive System,128,process_anomaly,M03,OP11,M03_OP11_inst0390,Spindle Warm-Up Complete,P003,Spindle Motor Temperature,°C,46.935,20.0,75.0,0.0,95.0,"{""P003"": 46.935, ""P001"": 524.202, ""P002"": 37.153}",Informational. Parameter approaching limit. Review during next maintenance window.,SPN-WN-002,,,,,,synthetic_normal,
391,SPN-NC-001,7,NOTICE,SPN,Spindle Drive System,128,process_anomaly,M02,OP08,M02_OP08_inst0391,Spindle Speed Program Limit Active,P001,Spindle Speed,RPM,3320.0,100.0,8000.0,0.0,8500.0,"{""P001"": 3320, ""P002"": 81.163, ""P003"": 41.819, ""P004"": 3.481}",Informational. Parameter approaching limit. Review during next maintenance window.,,,,,,,synthetic_normal,
392,SPN-WN-002,6,WARNING,SPN,Spindle Drive System,128,spindle_bearing_fault,M03,OP04,M03_OP04_inst0392,Spindle Temperature — Warm-Up Reminder,P003,Spindle Motor Temperature,°C,62.583,20.0,75.0,0.0,95.0,"{""P003"": 62.583, ""P001"": 3659.347, ""P002"": 19.392}",Log event. No immediate action required. Review at end of shift.,SPN-MN-002|THM-NC-001,,,,,,synthetic_normal,
393,ELC-NC-001,7,NOTICE,ELC,Electrical Cabinet,142,process_anomaly,M02,OP02,M02_OP02_inst0393,Power-On Self-Test — Passed,P090,DC Bus Voltage,V,582.313,560.0,620.0,480.0,680.0,"{""P090"": 582.313, ""P091"": 406.427, ""P001"": 776.984, ""P002"": 52.582}",Informational. Parameter approaching limit. Review during next maintenance window.,,,,,,,synthetic_normal,
394,CLS-NC-001,7,NOTICE,CLS,Coolant System,134,process_anomaly,M03,OP01,M03_OP01_inst0394,Coolant Temperature Stabilised,P031,Coolant Temperature,°C,17.656,15.0,35.0,5.0,45.0,"{""P031"": 17.656, ""P001"": 1318.346, ""P002"": 60.493}",Informational. Parameter approaching limit. Review during next maintenance window.,,,,,,,synthetic_normal,
395,AXS-NC-001,7,NOTICE,AXS,Axis Servo System,130,process_anomaly,M03,OP07,M03_OP07_inst0395,Axis Position — Reference Established,P010,X-Axis Position Error,mm,-0.005,-0.01,0.01,-0.5,0.5,"{""P010"": -0.005, ""P011"": -0.008, ""P012"": -0.01, ""P001"": 2535.313, ""P002"": 30.593}",Informational. Parameter approaching limit. Review during next maintenance window.,,,,,,,synthetic_normal,
396,LUB-WN-001,6,WARNING,LUB,Lubrication System,136,process_anomaly,M01,OP02,M01_OP02_inst0396,Lubrication — Scheduled Interval Due,P041,Lubrication Oil Level,%,64.8,25.0,100.0,10.0,100.0,"{""P041"": 64.8, ""P001"": 3504.738, ""P002"": 47.344}",Log event. No immediate action required. Review at end of shift.,LUB-SR-001,,,,,,synthetic_normal,
397,HYD-WN-001,6,WARNING,HYD,Hydraulic System,138,process_anomaly,M02,OP01,M02_OP01_inst0397,Hydraulic Pump — Scheduled Service Due,P052,Hydraulic Pump Flow,L/min,27.638,20.0,35.0,5.0,40.0,"{""P052"": 27.638, ""P001"": 2895.923, ""P002"": 7.91}",Log event. No immediate action required. Review at end of shift.,HYD-MD-001,,,,,,synthetic_normal,
398,VIB-WN-001,6,WARNING,VIB,Vibration Monitoring,144,process_anomaly,M02,OP01,M02_OP01_inst0398,Vibration — Normal Operating Range,P060,X-Axis Vibration RMS,mm/s,2.71,0.0,4.5,0.0,11.2,"{""P060"": 2.71, ""P061"": 1.745, ""P062"": 0.381, ""P001"": 7218.975, ""P002"": 76.943}",Log event. No immediate action required. Review at end of shift.,,,,,,,synthetic_normal,
399,CLS-NC-001,7,NOTICE,CLS,Coolant System,134,process_anomaly,M03,OP08,M03_OP08_inst0399,Coolant Temperature Stabilised,P031,Coolant Temperature,°C,18.357,15.0,35.0,5.0,45.0,"{""P031"": 18.357, ""P001"": 3107.783, ""P002"": 11.801}",Informational. Parameter approaching limit. Review during next maintenance window.,,,,,,,synthetic_normal,
400,LUB-AD-001,8,ADVISORY,LUB,Lubrication System,136,process_anomaly,M02,OP07,M02_OP07_inst0400,Lubrication Oil Level — Nominal,P041,Lubrication Oil Level,%,36.9,25.0,100.0,10.0,100.0,"{""P041"": 36.9, ""P001"": 1420.938, ""P002"": 23.457}",Performance advisory only. No maintenance action required.,,,,,,,synthetic_normal,
401,LUB-AD-001,8,ADVISORY,LUB,Lubrication System,136,process_anomaly,M02,OP14,M02_OP14_inst0401,Lubrication Oil Level — Nominal,P041,Lubrication Oil Level,%,34.8,25.0,100.0,10.0,100.0,"{""P041"": 34.8, ""P001"": 2088.428, ""P002"": 20.96}",Performance advisory only. No maintenance action required.,,,,,,,synthetic_normal,
402,CNC-AD-001,8,ADVISORY,CNC,CNC Controller,140,process_anomaly,M03,OP08,M03_OP08_inst0402,NC Block Counter,P082,NC Program Block Number,block,17821.0,0.0,99999.0,0.0,99999.0,"{""P082"": 17821, ""P001"": 945.082, ""P002"": 25.896}",Performance advisory only. No maintenance action required.,,,,,,,synthetic_normal,
403,ELC-AD-001,8,ADVISORY,ELC,Electrical Cabinet,142,process_anomaly,M02,OP14,M02_OP14_inst0403,UPS Battery — Fully Charged,P093,UPS Battery Level,%,87.0,80.0,100.0,20.0,100.0,"{""P093"": 87.0, ""P001"": 6452.204, ""P002"": 28.011}",Performance advisory only. No maintenance action required.,,,,,,,synthetic_normal,
404,VIB-NC-001,7,NOTICE,VIB,Vibration Monitoring,144,process_anomaly,M02,OP14,M02_OP14_inst0404,Crest Factor — Within Normal Band,P063,Vibration Crest Factor,-,2.503,1.0,4.5,0.0,12.0,"{""P063"": 2.503, ""P001"": 5243.191, ""P002"": 50.523}",Informational. Parameter approaching limit. Review during next maintenance window.,,,,,,,synthetic_normal,
405,LUB-AD-001,8,ADVISORY,LUB,Lubrication System,136,process_anomaly,M02,OP08,M02_OP08_inst0405,Lubrication Oil Level — Nominal,P041,Lubrication Oil Level,%,60.9,25.0,100.0,10.0,100.0,"{""P041"": 60.9, ""P001"": 1686.727, ""P002"": 26.706}",Performance advisory only. No maintenance action required.,,,,,,,synthetic_normal,
406,ELC-AD-001,8,ADVISORY,ELC,Electrical Cabinet,142,process_anomaly,M02,OP04,M02_OP04_inst0406,UPS Battery — Fully Charged,P093,UPS Battery Level,%,87.9,80.0,100.0,20.0,100.0,"{""P093"": 87.9, ""P001"": 5099.929, ""P002"": 82.26}",Performance advisory only. No maintenance action required.,,,,,,,synthetic_normal,
407,CLS-NC-001,7,NOTICE,CLS,Coolant System,134,process_anomaly,M02,OP07,M02_OP07_inst0407,Coolant Temperature Stabilised,P031,Coolant Temperature,°C,19.242,15.0,35.0,5.0,45.0,"{""P031"": 19.242, ""P001"": 6308.346, ""P002"": 31.026}",Informational. Parameter approaching limit. Review during next maintenance window.,,,,,,,synthetic_normal,
408,TCS-NC-001,7,NOTICE,TCS,Tool Change System,132,process_anomaly,M03,OP08,M03_OP08_inst0408,Tool Change Complete,P020,Tool Magazine Position,slot,6.0,1.0,30.0,0.0,31.0,"{""P020"": 6.0, ""P022"": 5.419, ""P001"": 312.637, ""P002"": 61.813}",Informational. Parameter approaching limit. Review during next maintenance window.,,,,,,,synthetic_normal,
409,TCS-AD-001,8,ADVISORY,TCS,Tool Change System,132,process_anomaly,M02,OP14,M02_OP14_inst0409,Magazine Position Update,P020,Tool Magazine Position,slot,7.3,1.0,30.0,0.0,31.0,"{""P020"": 7.3, ""P001"": 5573.399, ""P002"": 69.612}",Performance advisory only. No maintenance action required.,,,,,,,synthetic_normal,
410,THM-WN-001,6,WARNING,THM,Thermal Management,146,process_anomaly,M03,OP07,M03_OP07_inst0410,Ambient Temperature — Above Recommended Range,P070,Ambient Temperature,°C,25.974,15.0,35.0,5.0,45.0,"{""P070"": 25.974, ""P001"": 2492.378, ""P002"": 21.478}",Log event. No immediate action required. Review at end of shift.,THM-MD-001,,,,,,synthetic_normal,
411,AXS-NC-001,7,NOTICE,AXS,Axis Servo System,130,process_anomaly,M03,OP07,M03_OP07_inst0411,Axis Position — Reference Established,P010,X-Axis Position Error,mm,-0.002,-0.01,0.01,-0.5,0.5,"{""P010"": -0.002, ""P011"": -0.009, ""P012"": 0.01, ""P001"": 3885.954, ""P002"": 34.068}",Informational. Parameter approaching limit. Review during next maintenance window.,,,,,,,synthetic_normal,
412,HYD-WN-001,6,WARNING,HYD,Hydraulic System,138,process_anomaly,M03,OP07,M03_OP07_inst0412,Hydraulic Pump — Scheduled Service Due,P052,Hydraulic Pump Flow,L/min,30.354,20.0,35.0,5.0,40.0,"{""P052"": 30.354, ""P001"": 6346.695, ""P002"": 30.56}",Log event. No immediate action required. Review at end of shift.,HYD-MD-001,,,,,,synthetic_normal,
413,SPN-NC-002,7,NOTICE,SPN,Spindle Drive System,128,process_anomaly,M01,OP14,M01_OP14_inst0413,Spindle Warm-Up Complete,P003,Spindle Motor Temperature,°C,30.961,20.0,75.0,0.0,95.0,"{""P003"": 30.961, ""P001"": 5351.082, ""P002"": 14.139}",Informational. Parameter approaching limit. Review during next maintenance window.,SPN-WN-002,,,,,,synthetic_normal,
414,SPN-WN-003,6,WARNING,SPN,Spindle Drive System,128,tool_wear,M03,OP11,M03_OP11_inst0414,Tool Life Counter — Approaching Limit,P002,Spindle Load,%,62.7,0.0,85.0,0.0,105.0,"{""P002"": 62.7, ""P005"": 47.954, ""P001"": 6046.194, ""P003"": 73.114}",Log event. No immediate action required. Review at end of shift.,SPN-WN-001|TCS-NC-001,,,,,,synthetic_normal,
415,THM-NC-001,7,NOTICE,THM,Thermal Management,146,process_anomaly,M01,OP01,M01_OP01_inst0415,Thermal Compensation Active,P070,Ambient Temperature,°C,17.789,15.0,35.0,5.0,45.0,"{""P070"": 17.789, ""P003"": 32.21, ""P001"": 6000.139, ""P002"": 47.429}",Informational. Parameter approaching limit. Review during next maintenance window.,,,,,,,synthetic_normal,
416,CLS-WN-001,6,WARNING,CLS,Coolant System,134,process_anomaly,M02,OP04,M02_OP04_inst0416,Coolant Tank — Refill Reminder,P033,Coolant Tank Level,%,71.0,20.0,100.0,5.0,100.0,"{""P033"": 71.0, ""P001"": 6201.504, ""P002"": 50.03}",Log event. No immediate action required. Review at end of shift.,CLS-MD-001,,,,,,synthetic_normal,
417,HYD-WN-001,6,WARNING,HYD,Hydraulic System,138,process_anomaly,M01,OP04,M01_OP04_inst0417,Hydraulic Pump — Scheduled Service Due,P052,Hydraulic Pump Flow,L/min,32.738,20.0,35.0,5.0,40.0,"{""P052"": 32.738, ""P001"": 3913.892, ""P002"": 25.112}",Log event. No immediate action required. Review at end of shift.,HYD-MD-001,,,,,,synthetic_normal,
418,SPN-NC-002,7,NOTICE,SPN,Spindle Drive System,128,process_anomaly,M01,OP14,M01_OP14_inst0418,Spindle Warm-Up Complete,P003,Spindle Motor Temperature,°C,46.195,20.0,75.0,0.0,95.0,"{""P003"": 46.195, ""P001"": 1219.234, ""P002"": 26.511}",Informational. Parameter approaching limit. Review during next maintenance window.,SPN-WN-002,,,,,,synthetic_normal,
419,CNC-WN-001,6,WARNING,CNC,CNC Controller,140,process_anomaly,M01,OP08,M01_OP08_inst0419,Program — Approaching End of File,P082,NC Program Block Number,block,66901.0,0.0,99999.0,0.0,99999.0,"{""P082"": 66901, ""P001"": 3861.684, ""P002"": 37.244}",Log event. No immediate action required. Review at end of shift.,,,,,,,synthetic_normal,
420,THM-AD-001,8,ADVISORY,THM,Thermal Management,146,process_anomaly,M02,OP01,M02_OP01_inst0420,Feed Motor Temperature — Nominal,P072,Feed Drive Motor Temp,°C,31.445,20.0,72.0,0.0,90.0,"{""P072"": 31.445, ""P001"": 6500.469, ""P002"": 9.782}",Performance advisory only. No maintenance action required.,,,,,,,synthetic_normal,
421,VIB-NC-001,7,NOTICE,VIB,Vibration Monitoring,144,process_anomaly,M03,OP01,M03_OP01_inst0421,Crest Factor — Within Normal Band,P063,Vibration Crest Factor,-,2.298,1.0,4.5,0.0,12.0,"{""P063"": 2.298, ""P001"": 1398.397, ""P002"": 83.632}",Informational. Parameter approaching limit. Review during next maintenance window.,,,,,,,synthetic_normal,
422,CLS-NC-001,7,NOTICE,CLS,Coolant System,134,process_anomaly,M03,OP02,M03_OP02_inst0422,Coolant Temperature Stabilised,P031,Coolant Temperature,°C,21.415,15.0,35.0,5.0,45.0,"{""P031"": 21.415, ""P001"": 2714.818, ""P002"": 36.241}",Informational. Parameter approaching limit. Review during next maintenance window.,,,,,,,synthetic_normal,
423,CNC-WN-001,6,WARNING,CNC,CNC Controller,140,process_anomaly,M01,OP14,M01_OP14_inst0423,Program — Approaching End of File,P082,NC Program Block Number,block,64176.0,0.0,99999.0,0.0,99999.0,"{""P082"": 64176, ""P001"": 1557.169, ""P002"": 54.441}",Log event. No immediate action required. Review at end of shift.,,,,,,,synthetic_normal,
424,THM-NC-001,7,NOTICE,THM,Thermal Management,146,process_anomaly,M02,OP01,M02_OP01_inst0424,Thermal Compensation Active,P070,Ambient Temperature,°C,22.899,15.0,35.0,5.0,45.0,"{""P070"": 22.899, ""P003"": 68.57, ""P001"": 3651.643, ""P002"": 36.512}",Informational. Parameter approaching limit. Review during next maintenance window.,,,,,,,synthetic_normal,
425,SPN-WN-001,6,WARNING,SPN,Spindle Drive System,128,tool_wear,M03,OP02,M03_OP02_inst0425,Spindle Load — Tool Life 80% Consumed,P002,Spindle Load,%,48.6,0.0,85.0,0.0,105.0,"{""P002"": 48.6, ""P001"": 6043.371, ""P003"": 64.48}",Log event. No immediate action required. Review at end of shift.,SPN-MN-001|TCS-MD-001,,,,,,synthetic_normal,
426,SPN-NC-001,7,NOTICE,SPN,Spindle Drive System,128,process_anomaly,M03,OP01,M03_OP01_inst0426,Spindle Speed Program Limit Active,P001,Spindle Speed,RPM,3416.0,100.0,8000.0,0.0,8500.0,"{""P001"": 3416, ""P002"": 45.636, ""P003"": 40.119, ""P004"": 0.887}",Informational. Parameter approaching limit. Review during next maintenance window.,,,,,,,synthetic_normal,
427,SPN-AD-002,8,ADVISORY,SPN,Spindle Drive System,128,process_anomaly,M02,OP11,M02_OP11_inst0427,Spindle Idle — No Load Detected,P002,Spindle Load,%,37.8,0.0,85.0,0.0,105.0,"{""P002"": 37.8, ""P001"": 4268.949, ""P003"": 55.151}",Performance advisory only. No maintenance action required.,,,,,,,synthetic_normal,
428,ELC-NC-001,7,NOTICE,ELC,Electrical Cabinet,142,process_anomaly,M03,OP07,M03_OP07_inst0428,Power-On Self-Test — Passed,P090,DC Bus Voltage,V,580.088,560.0,620.0,480.0,680.0,"{""P090"": 580.088, ""P091"": 393.917, ""P001"": 6779.591, ""P002"": 52.476}",Informational. Parameter approaching limit. Review during next maintenance window.,,,,,,,synthetic_normal,
429,LUB-AD-001,8,ADVISORY,LUB,Lubrication System,136,process_anomaly,M03,OP08,M03_OP08_inst0429,Lubrication Oil Level — Nominal,P041,Lubrication Oil Level,%,35.0,25.0,100.0,10.0,100.0,"{""P041"": 35.0, ""P001"": 1158.187, ""P002"": 10.018}",Performance advisory only. No maintenance action required.,,,,,,,synthetic_normal,
430,LUB-AD-001,8,ADVISORY,LUB,Lubrication System,136,process_anomaly,M01,OP02,M01_OP02_inst0430,Lubrication Oil Level — Nominal,P041,Lubrication Oil Level,%,43.7,25.0,100.0,10.0,100.0,"{""P041"": 43.7, ""P001"": 1216.732, ""P002"": 33.019}",Performance advisory only. No maintenance action required.,,,,,,,synthetic_normal,
431,AXS-WN-001,6,WARNING,AXS,Axis Servo System,130,process_anomaly,M03,OP07,M03_OP07_inst0431,Following Error — Intermittent Spikes,P016,Axis Following Error,mm,0.032,0.0,0.05,0.0,2.0,"{""P016"": 0.032, ""P001"": 3944.695, ""P002"": 45.677}",Log event. No immediate action required. Review at end of shift.,AXS-MD-001|AXS-MJ-001,,,,,,synthetic_normal,
432,TCS-WN-001,6,WARNING,TCS,Tool Change System,132,tool_wear,M03,OP02,M03_OP02_inst0432,Next Tool Pre-Call — Long ATC Cycle Expected,P020,Tool Magazine Position,slot,20.5,1.0,30.0,0.0,31.0,"{""P020"": 20.5, ""P001"": 1208.343, ""P002"": 26.739}",Log event. No immediate action required. Review at end of shift.,,,,,,,synthetic_normal,
433,THM-AD-001,8,ADVISORY,THM,Thermal Management,146,process_anomaly,M03,OP01,M03_OP01_inst0433,Feed Motor Temperature — Nominal,P072,Feed Drive Motor Temp,°C,43.203,20.0,72.0,0.0,90.0,"{""P072"": 43.203, ""P001"": 7619.551, ""P002"": 41.192}",Performance advisory only. No maintenance action required.,,,,,,,synthetic_normal,
434,TCS-NC-001,7,NOTICE,TCS,Tool Change System,132,process_anomaly,M02,OP08,M02_OP08_inst0434,Tool Change Complete,P020,Tool Magazine Position,slot,9.8,1.0,30.0,0.0,31.0,"{""P020"": 9.8, ""P022"": 4.737, ""P001"": 5509.104, ""P002"": 35.329}",Informational. Parameter approaching limit. Review during next maintenance window.,,,,,,,synthetic_normal,
435,THM-AD-001,8,ADVISORY,THM,Thermal Management,146,process_anomaly,M02,OP02,M02_OP02_inst0435,Feed Motor Temperature — Nominal,P072,Feed Drive Motor Temp,°C,26.92,20.0,72.0,0.0,90.0,"{""P072"": 26.92, ""P001"": 343.8, ""P002"": 64.69}",Performance advisory only. No maintenance action required.,,,,,,,synthetic_normal,
436,LUB-NC-001,7,NOTICE,LUB,Lubrication System,136,process_anomaly,M01,OP04,M01_OP04_inst0436,Lubrication Cycle Complete,P040,Lubrication Oil Pressure,bar,2.475,2.0,4.5,0.5,6.0,"{""P040"": 2.475, ""P042"": 1.077, ""P001"": 6267.848, ""P002"": 48.08}",Informational. Parameter approaching limit. Review during next maintenance window.,,,,,,,synthetic_normal,
437,CNC-AD-001,8,ADVISORY,CNC,CNC Controller,140,process_anomaly,M03,OP08,M03_OP08_inst0437,NC Block Counter,P082,NC Program Block Number,block,14528.0,0.0,99999.0,0.0,99999.0,"{""P082"": 14528, ""P001"": 1002.233, ""P002"": 65.885}",Performance advisory only. No maintenance action required.,,,,,,,synthetic_normal,
438,ELC-WN-001,6,WARNING,ELC,Electrical Cabinet,142,process_anomaly,M03,OP14,M03_OP14_inst0438,DC Bus — Minor Voltage Ripple Detected,P090,DC Bus Voltage,V,605.893,560.0,620.0,480.0,680.0,"{""P090"": 605.893, ""P001"": 6104.033, ""P002"": 37.516}",Log event. No immediate action required. Review at end of shift.,ELC-CR-001|ELC-MD-001,,,,,,synthetic_normal,
439,TCS-AD-001,8,ADVISORY,TCS,Tool Change System,132,process_anomaly,M02,OP01,M02_OP01_inst0439,Magazine Position Update,P020,Tool Magazine Position,slot,12.4,1.0,30.0,0.0,31.0,"{""P020"": 12.4, ""P001"": 5264.006, ""P002"": 21.04}",Performance advisory only. No maintenance action required.,,,,,,,synthetic_normal,
440,SPN-WN-003,6,WARNING,SPN,Spindle Drive System,128,tool_wear,M02,OP04,M02_OP04_inst0440,Tool Life Counter — Approaching Limit,P002,Spindle Load,%,52.9,0.0,85.0,0.0,105.0,"{""P002"": 52.9, ""P005"": 98.007, ""P001"": 3568.652, ""P003"": 74.668}",Log event. No immediate action required. Review at end of shift.,SPN-WN-001|TCS-NC-001,,,,,,synthetic_normal,
441,CLS-NC-001,7,NOTICE,CLS,Coolant System,134,process_anomaly,M01,OP14,M01_OP14_inst0441,Coolant Temperature Stabilised,P031,Coolant Temperature,°C,22.901,15.0,35.0,5.0,45.0,"{""P031"": 22.901, ""P001"": 5544.155, ""P002"": 73.189}",Informational. Parameter approaching limit. Review during next maintenance window.,,,,,,,synthetic_normal,
442,THM-NC-001,7,NOTICE,THM,Thermal Management,146,process_anomaly,M01,OP08,M01_OP08_inst0442,Thermal Compensation Active,P070,Ambient Temperature,°C,18.114,15.0,35.0,5.0,45.0,"{""P070"": 18.114, ""P003"": 31.364, ""P001"": 1734.847, ""P002"": 5.045}",Informational. Parameter approaching limit. Review during next maintenance window.,,,,,,,synthetic_normal,
443,VIB-AD-001,8,ADVISORY,VIB,Vibration Monitoring,144,process_anomaly,M03,OP04,M03_OP04_inst0443,Vibration Baseline Update,P060,X-Axis Vibration RMS,mm/s,1.524,0.0,4.5,0.0,11.2,"{""P060"": 1.524, ""P061"": 0.758, ""P062"": 4.406, ""P001"": 2411.814, ""P002"": 48.683}",Performance advisory only. No maintenance action required.,,,,,,,synthetic_normal,
444,HYD-WN-001,6,WARNING,HYD,Hydraulic System,138,process_anomaly,M03,OP14,M03_OP14_inst0444,Hydraulic Pump — Scheduled Service Due,P052,Hydraulic Pump Flow,L/min,28.0,20.0,35.0,5.0,40.0,"{""P052"": 28.0, ""P001"": 7705.899, ""P002"": 66.784}",Log event. No immediate action required. Review at end of shift.,HYD-MD-001,,,,,,synthetic_normal,
445,SPN-WN-004,6,WARNING,SPN,Spindle Drive System,128,tool_wear,M02,OP14,M02_OP14_inst0445,Spindle Load Variance — Increased Part-to-Part Variation,P002,Spindle Load,%,62.0,0.0,85.0,0.0,105.0,"{""P002"": 62.0, ""P001"": 5641.27, ""P003"": 27.298}",Log event. No immediate action required. Review at end of shift.,SPN-MN-001|CLS-WN-001,,,,,,synthetic_normal,
446,AXS-NC-001,7,NOTICE,AXS,Axis Servo System,130,process_anomaly,M03,OP04,M03_OP04_inst0446,Axis Position — Reference Established,P010,X-Axis Position Error,mm,-0.001,-0.01,0.01,-0.5,0.5,"{""P010"": -0.001, ""P011"": 0.005, ""P012"": 0.004, ""P001"": 3966.724, ""P002"": 49.081}",Informational. Parameter approaching limit. Review during next maintenance window.,,,,,,,synthetic_normal,
447,LUB-WN-001,6,WARNING,LUB,Lubrication System,136,process_anomaly,M03,OP07,M03_OP07_inst0447,Lubrication — Scheduled Interval Due,P041,Lubrication Oil Level,%,72.3,25.0,100.0,10.0,100.0,"{""P041"": 72.3, ""P001"": 696.579, ""P002"": 67.541}",Log event. No immediate action required. Review at end of shift.,LUB-SR-001,,,,,,synthetic_normal,
448,SPN-NC-002,7,NOTICE,SPN,Spindle Drive System,128,process_anomaly,M02,OP08,M02_OP08_inst0448,Spindle Warm-Up Complete,P003,Spindle Motor Temperature,°C,41.996,20.0,75.0,0.0,95.0,"{""P003"": 41.996, ""P001"": 5588.159, ""P002"": 74.572}",Informational. Parameter approaching limit. Review during next maintenance window.,SPN-WN-002,,,,,,synthetic_normal,
449,CNC-WN-001,6,WARNING,CNC,CNC Controller,140,process_anomaly,M02,OP04,M02_OP04_inst0449,Program — Approaching End of File,P082,NC Program Block Number,block,70367.0,0.0,99999.0,0.0,99999.0,"{""P082"": 70367, ""P001"": 6964.371, ""P002"": 72.009}",Log event. No immediate action required. Review at end of shift.,,,,,,,synthetic_normal,
450,SPN-NC-002,7,NOTICE,SPN,Spindle Drive System,128,process_anomaly,M03,OP07,M03_OP07_inst0450,Spindle Warm-Up Complete,P003,Spindle Motor Temperature,°C,39.466,20.0,75.0,0.0,95.0,"{""P003"": 39.466, ""P001"": 5608.583, ""P002"": 72.259}",Informational. Parameter approaching limit. Review during next maintenance window.,SPN-WN-002,,,,,,synthetic_normal,
451,ELC-AD-001,8,ADVISORY,ELC,Electrical Cabinet,142,process_anomaly,M01,OP07,M01_OP07_inst0451,UPS Battery — Fully Charged,P093,UPS Battery Level,%,88.6,80.0,100.0,20.0,100.0,"{""P093"": 88.6, ""P001"": 4008.248, ""P002"": 27.444}",Performance advisory only. No maintenance action required.,,,,,,,synthetic_normal,
452,LUB-NC-001,7,NOTICE,LUB,Lubrication System,136,process_anomaly,M02,OP08,M02_OP08_inst0452,Lubrication Cycle Complete,P040,Lubrication Oil Pressure,bar,2.828,2.0,4.5,0.5,6.0,"{""P040"": 2.828, ""P042"": 1.632, ""P001"": 3934.169, ""P002"": 29.218}",Informational. Parameter approaching limit. Review during next maintenance window.,,,,,,,synthetic_normal,
453,SPN-WN-004,6,WARNING,SPN,Spindle Drive System,128,tool_wear,M01,OP01,M01_OP01_inst0453,Spindle Load Variance — Increased Part-to-Part Variation,P002,Spindle Load,%,61.1,0.0,85.0,0.0,105.0,"{""P002"": 61.1, ""P001"": 6709.947, ""P003"": 20.895}",Log event. No immediate action required. Review at end of shift.,SPN-MN-001|CLS-WN-001,,,,,,synthetic_normal,
454,AXS-AD-001,8,ADVISORY,AXS,Axis Servo System,130,process_anomaly,M02,OP07,M02_OP07_inst0454,Rapid Override Active,P083,Feed Override,%,12.0,0.0,120.0,0.0,150.0,"{""P083"": 12.0, ""P001"": 7668.451, ""P002"": 17.197}",Performance advisory only. No maintenance action required.,,,,,,,synthetic_normal,
455,AXS-WN-001,6,WARNING,AXS,Axis Servo System,130,process_anomaly,M03,OP04,M03_OP04_inst0455,Following Error — Intermittent Spikes,P016,Axis Following Error,mm,0.028,0.0,0.05,0.0,2.0,"{""P016"": 0.028, ""P001"": 7468.532, ""P002"": 23.292}",Log event. No immediate action required. Review at end of shift.,AXS-MD-001|AXS-MJ-001,,,,,,synthetic_normal,
456,ELC-WN-001,6,WARNING,ELC,Electrical Cabinet,142,process_anomaly,M02,OP01,M02_OP01_inst0456,DC Bus — Minor Voltage Ripple Detected,P090,DC Bus Voltage,V,597.809,560.0,620.0,480.0,680.0,"{""P090"": 597.809, ""P001"": 7240.022, ""P002"": 14.07}",Log event. No immediate action required. Review at end of shift.,ELC-CR-001|ELC-MD-001,,,,,,synthetic_normal,
457,ELC-AD-001,8,ADVISORY,ELC,Electrical Cabinet,142,process_anomaly,M03,OP04,M03_OP04_inst0457,UPS Battery — Fully Charged,P093,UPS Battery Level,%,87.8,80.0,100.0,20.0,100.0,"{""P093"": 87.8, ""P001"": 6066.334, ""P002"": 36.485}",Performance advisory only. No maintenance action required.,,,,,,,synthetic_normal,
458,SPN-NC-002,7,NOTICE,SPN,Spindle Drive System,128,process_anomaly,M03,OP01,M03_OP01_inst0458,Spindle Warm-Up Complete,P003,Spindle Motor Temperature,°C,25.524,20.0,75.0,0.0,95.0,"{""P003"": 25.524, ""P001"": 3866.773, ""P002"": 11.279}",Informational. Parameter approaching limit. Review during next maintenance window.,SPN-WN-002,,,,,,synthetic_normal,
459,CLS-WN-001,6,WARNING,CLS,Coolant System,134,process_anomaly,M03,OP11,M03_OP11_inst0459,Coolant Tank — Refill Reminder,P033,Coolant Tank Level,%,72.5,20.0,100.0,5.0,100.0,"{""P033"": 72.5, ""P001"": 163.694, ""P002"": 29.204}",Log event. No immediate action required. Review at end of shift.,CLS-MD-001,,,,,,synthetic_normal,
460,SPN-AD-002,8,ADVISORY,SPN,Spindle Drive System,128,process_anomaly,M02,OP11,M02_OP11_inst0460,Spindle Idle — No Load Detected,P002,Spindle Load,%,13.0,0.0,85.0,0.0,105.0,"{""P002"": 13.0, ""P001"": 659.544, ""P003"": 41.069}",Performance advisory only. No maintenance action required.,,,,,,,synthetic_normal,
461,SPN-AD-001,8,ADVISORY,SPN,Spindle Drive System,128,process_anomaly,M01,OP04,M01_OP04_inst0461,Spindle Running at Reduced Speed — Override Active,P001,Spindle Speed,RPM,2051.0,100.0,8000.0,0.0,8500.0,"{""P001"": 2051, ""P083"": 35.911, ""P002"": 32.531, ""P003"": 64.735}",Performance advisory only. No maintenance action required.,SPN-MD-002,,,,,,synthetic_normal,
462,AXS-WN-001,6,WARNING,AXS,Axis Servo System,130,process_anomaly,M03,OP11,M03_OP11_inst0462,Following Error — Intermittent Spikes,P016,Axis Following Error,mm,0.027,0.0,0.05,0.0,2.0,"{""P016"": 0.027, ""P001"": 4291.015, ""P002"": 0.72}",Log event. No immediate action required. Review at end of shift.,AXS-MD-001|AXS-MJ-001,,,,,,synthetic_normal,
463,AXS-AD-001,8,ADVISORY,AXS,Axis Servo System,130,process_anomaly,M02,OP04,M02_OP04_inst0463,Rapid Override Active,P083,Feed Override,%,46.7,0.0,120.0,0.0,150.0,"{""P083"": 46.7, ""P001"": 5061.832, ""P002"": 12.867}",Performance advisory only. No maintenance action required.,,,,,,,synthetic_normal,
464,THM-WN-001,6,WARNING,THM,Thermal Management,146,process_anomaly,M03,OP11,M03_OP11_inst0464,Ambient Temperature — Above Recommended Range,P070,Ambient Temperature,°C,28.097,15.0,35.0,5.0,45.0,"{""P070"": 28.097, ""P001"": 1816.233, ""P002"": 76.21}",Log event. No immediate action required. Review at end of shift.,THM-MD-001,,,,,,synthetic_normal,
465,AXS-WN-001,6,WARNING,AXS,Axis Servo System,130,process_anomaly,M01,OP08,M01_OP08_inst0465,Following Error — Intermittent Spikes,P016,Axis Following Error,mm,0.038,0.0,0.05,0.0,2.0,"{""P016"": 0.038, ""P001"": 2877.132, ""P002"": 36.498}",Log event. No immediate action required. Review at end of shift.,AXS-MD-001|AXS-MJ-001,,,,,,synthetic_normal,
466,AXS-WN-001,6,WARNING,AXS,Axis Servo System,130,process_anomaly,M01,OP04,M01_OP04_inst0466,Following Error — Intermittent Spikes,P016,Axis Following Error,mm,0.036,0.0,0.05,0.0,2.0,"{""P016"": 0.036, ""P001"": 2060.52, ""P002"": 51.085}",Log event. No immediate action required. Review at end of shift.,AXS-MD-001|AXS-MJ-001,,,,,,synthetic_normal,
467,LUB-NC-001,7,NOTICE,LUB,Lubrication System,136,process_anomaly,M03,OP01,M03_OP01_inst0467,Lubrication Cycle Complete,P040,Lubrication Oil Pressure,bar,3.098,2.0,4.5,0.5,6.0,"{""P040"": 3.098, ""P042"": 1.817, ""P001"": 2483.03, ""P002"": 44.009}",Informational. Parameter approaching limit. Review during next maintenance window.,,,,,,,synthetic_normal,
468,HYD-WN-001,6,WARNING,HYD,Hydraulic System,138,process_anomaly,M01,OP11,M01_OP11_inst0468,Hydraulic Pump — Scheduled Service Due,P052,Hydraulic Pump Flow,L/min,29.557,20.0,35.0,5.0,40.0,"{""P052"": 29.557, ""P001"": 5204.741, ""P002"": 66.623}",Log event. No immediate action required. Review at end of shift.,HYD-MD-001,,,,,,synthetic_normal,
469,CLS-NC-001,7,NOTICE,CLS,Coolant System,134,process_anomaly,M02,OP07,M02_OP07_inst0469,Coolant Temperature Stabilised,P031,Coolant Temperature,°C,17.902,15.0,35.0,5.0,45.0,"{""P031"": 17.902, ""P001"": 4046.702, ""P002"": 50.484}",Informational. Parameter approaching limit. Review during next maintenance window.,,,,,,,synthetic_normal,
470,SPN-WN-001,6,WARNING,SPN,Spindle Drive System,128,tool_wear,M02,OP04,M02_OP04_inst0470,Spindle Load — Tool Life 80% Consumed,P002,Spindle Load,%,46.4,0.0,85.0,0.0,105.0,"{""P002"": 46.4, ""P001"": 6900.431, ""P003"": 51.261}",Log event. No immediate action required. Review at end of shift.,SPN-MN-001|TCS-MD-001,,,,,,synthetic_normal,
471,ELC-WN-001,6,WARNING,ELC,Electrical Cabinet,142,process_anomaly,M03,OP11,M03_OP11_inst0471,DC Bus — Minor Voltage Ripple Detected,P090,DC Bus Voltage,V,593.628,560.0,620.0,480.0,680.0,"{""P090"": 593.628, ""P001"": 3821.016, ""P002"": 83.926}",Log event. No immediate action required. Review at end of shift.,ELC-CR-001|ELC-MD-001,,,,,,synthetic_normal,
472,SPN-NC-001,7,NOTICE,SPN,Spindle Drive System,128,process_anomaly,M01,OP08,M01_OP08_inst0472,Spindle Speed Program Limit Active,P001,Spindle Speed,RPM,1103.0,100.0,8000.0,0.0,8500.0,"{""P001"": 1103, ""P002"": 22.286, ""P003"": 22.19, ""P004"": 0.272}",Informational. Parameter approaching limit. Review during next maintenance window.,,,,,,,synthetic_normal,
473,ELC-AD-001,8,ADVISORY,ELC,Electrical Cabinet,142,process_anomaly,M03,OP04,M03_OP04_inst0473,UPS Battery — Fully Charged,P093,UPS Battery Level,%,87.0,80.0,100.0,20.0,100.0,"{""P093"": 87.0, ""P001"": 4058.287, ""P002"": 35.312}",Performance advisory only. No maintenance action required.,,,,,,,synthetic_normal,
474,ELC-AD-001,8,ADVISORY,ELC,Electrical Cabinet,142,process_anomaly,M01,OP11,M01_OP11_inst0474,UPS Battery — Fully Charged,P093,UPS Battery Level,%,86.3,80.0,100.0,20.0,100.0,"{""P093"": 86.3, ""P001"": 4966.772, ""P002"": 23.585}",Performance advisory only. No maintenance action required.,,,,,,,synthetic_normal,
475,LUB-AD-001,8,ADVISORY,LUB,Lubrication System,136,process_anomaly,M01,OP08,M01_OP08_inst0475,Lubrication Oil Level — Nominal,P041,Lubrication Oil Level,%,60.1,25.0,100.0,10.0,100.0,"{""P041"": 60.1, ""P001"": 7797.076, ""P002"": 13.207}",Performance advisory only. No maintenance action required.,,,,,,,synthetic_normal,
476,VIB-WN-001,6,WARNING,VIB,Vibration Monitoring,144,process_anomaly,M02,OP08,M02_OP08_inst0476,Vibration — Normal Operating Range,P060,X-Axis Vibration RMS,mm/s,3.249,0.0,4.5,0.0,11.2,"{""P060"": 3.249, ""P061"": 3.755, ""P062"": 3.065, ""P001"": 622.309, ""P002"": 59.387}",Log event. No immediate action required. Review at end of shift.,,,,,,,synthetic_normal,
477,CLS-NC-001,7,NOTICE,CLS,Coolant System,134,process_anomaly,M01,OP02,M01_OP02_inst0477,Coolant Temperature Stabilised,P031,Coolant Temperature,°C,17.69,15.0,35.0,5.0,45.0,"{""P031"": 17.69, ""P001"": 3532.42, ""P002"": 38.537}",Informational. Parameter approaching limit. Review during next maintenance window.,,,,,,,synthetic_normal,
478,SPN-WN-004,6,WARNING,SPN,Spindle Drive System,128,tool_wear,M02,OP11,M02_OP11_inst0478,Spindle Load Variance — Increased Part-to-Part Variation,P002,Spindle Load,%,64.6,0.0,85.0,0.0,105.0,"{""P002"": 64.6, ""P001"": 5951.2, ""P003"": 26.569}",Log event. No immediate action required. Review at end of shift.,SPN-MN-001|CLS-WN-001,,,,,,synthetic_normal,
479,AXS-WN-001,6,WARNING,AXS,Axis Servo System,130,process_anomaly,M03,OP01,M03_OP01_inst0479,Following Error — Intermittent Spikes,P016,Axis Following Error,mm,0.028,0.0,0.05,0.0,2.0,"{""P016"": 0.028, ""P001"": 7628.828, ""P002"": 44.455}",Log event. No immediate action required. Review at end of shift.,AXS-MD-001|AXS-MJ-001,,,,,,synthetic_normal,
480,CLS-AD-001,8,ADVISORY,CLS,Coolant System,134,process_anomaly,M01,OP04,M01_OP04_inst0480,Coolant — Through-Spindle Active,P030,Coolant Flow Rate,L/min,18.769,15.0,40.0,5.0,50.0,"{""P030"": 18.769, ""P001"": 6270.879, ""P002"": 22.845}",Performance advisory only. No maintenance action required.,,,,,,,synthetic_normal,
481,SPN-AD-002,8,ADVISORY,SPN,Spindle Drive System,128,process_anomaly,M01,OP04,M01_OP04_inst0481,Spindle Idle — No Load Detected,P002,Spindle Load,%,35.9,0.0,85.0,0.0,105.0,"{""P002"": 35.9, ""P001"": 2248.647, ""P003"": 23.513}",Performance advisory only. No maintenance action required.,,,,,,,synthetic_normal,
482,SPN-NC-001,7,NOTICE,SPN,Spindle Drive System,128,process_anomaly,M02,OP07,M02_OP07_inst0482,Spindle Speed Program Limit Active,P001,Spindle Speed,RPM,2504.0,100.0,8000.0,0.0,8500.0,"{""P001"": 2504, ""P002"": 4.712, ""P003"": 67.265, ""P004"": 0.751}",Informational. Parameter approaching limit. Review during next maintenance window.,,,,,,,synthetic_normal,
483,AXS-AD-001,8,ADVISORY,AXS,Axis Servo System,130,process_anomaly,M02,OP14,M02_OP14_inst0483,Rapid Override Active,P083,Feed Override,%,16.9,0.0,120.0,0.0,150.0,"{""P083"": 16.9, ""P001"": 4633.907, ""P002"": 61.436}",Performance advisory only. No maintenance action required.,,,,,,,synthetic_normal,
484,CLS-WN-001,6,WARNING,CLS,Coolant System,134,process_anomaly,M03,OP08,M03_OP08_inst0484,Coolant Tank — Refill Reminder,P033,Coolant Tank Level,%,60.1,20.0,100.0,5.0,100.0,"{""P033"": 60.1, ""P001"": 6883.643, ""P002"": 1.044}",Log event. No immediate action required. Review at end of shift.,CLS-MD-001,,,,,,synthetic_normal,
485,SPN-WN-003,6,WARNING,SPN,Spindle Drive System,128,tool_wear,M02,OP04,M02_OP04_inst0485,Tool Life Counter — Approaching Limit,P002,Spindle Load,%,53.9,0.0,85.0,0.0,105.0,"{""P002"": 53.9, ""P005"": 18.01, ""P001"": 7456.165, ""P003"": 67.162}",Log event. No immediate action required. Review at end of shift.,SPN-WN-001|TCS-NC-001,,,,,,synthetic_normal,
486,THM-WN-001,6,WARNING,THM,Thermal Management,146,process_anomaly,M01,OP04,M01_OP04_inst0486,Ambient Temperature — Above Recommended Range,P070,Ambient Temperature,°C,26.738,15.0,35.0,5.0,45.0,"{""P070"": 26.738, ""P001"": 7335.253, ""P002"": 27.194}",Log event. No immediate action required. Review at end of shift.,THM-MD-001,,,,,,synthetic_normal,
487,SPN-NC-001,7,NOTICE,SPN,Spindle Drive System,128,process_anomaly,M03,OP04,M03_OP04_inst0487,Spindle Speed Program Limit Active,P001,Spindle Speed,RPM,1267.0,100.0,8000.0,0.0,8500.0,"{""P001"": 1267, ""P002"": 57.233, ""P003"": 22.897, ""P004"": 1.004}",Informational. Parameter approaching limit. Review during next maintenance window.,,,,,,,synthetic_normal,
488,SPN-WN-003,6,WARNING,SPN,Spindle Drive System,128,tool_wear,M02,OP01,M02_OP01_inst0488,Tool Life Counter — Approaching Limit,P002,Spindle Load,%,68.6,0.0,85.0,0.0,105.0,"{""P002"": 68.6, ""P005"": 103.924, ""P001"": 6210.867, ""P003"": 37.088}",Log event. No immediate action required. Review at end of shift.,SPN-WN-001|TCS-NC-001,,,,,,synthetic_normal,
489,SPN-NC-002,7,NOTICE,SPN,Spindle Drive System,128,process_anomaly,M03,OP07,M03_OP07_inst0489,Spindle Warm-Up Complete,P003,Spindle Motor Temperature,°C,25.675,20.0,75.0,0.0,95.0,"{""P003"": 25.675, ""P001"": 1685.302, ""P002"": 47.924}",Informational. Parameter approaching limit. Review during next maintenance window.,SPN-WN-002,,,,,,synthetic_normal,
490,LUB-AD-001,8,ADVISORY,LUB,Lubrication System,136,process_anomaly,M03,OP08,M03_OP08_inst0490,Lubrication Oil Level — Nominal,P041,Lubrication Oil Level,%,39.8,25.0,100.0,10.0,100.0,"{""P041"": 39.8, ""P001"": 3009.362, ""P002"": 82.608}",Performance advisory only. No maintenance action required.,,,,,,,synthetic_normal,
491,TCS-NC-001,7,NOTICE,TCS,Tool Change System,132,process_anomaly,M03,OP08,M03_OP08_inst0491,Tool Change Complete,P020,Tool Magazine Position,slot,12.7,1.0,30.0,0.0,31.0,"{""P020"": 12.7, ""P022"": 4.113, ""P001"": 150.385, ""P002"": 34.853}",Informational. Parameter approaching limit. Review during next maintenance window.,,,,,,,synthetic_normal,
492,CLS-WN-001,6,WARNING,CLS,Coolant System,134,process_anomaly,M03,OP04,M03_OP04_inst0492,Coolant Tank — Refill Reminder,P033,Coolant Tank Level,%,77.8,20.0,100.0,5.0,100.0,"{""P033"": 77.8, ""P001"": 5578.34, ""P002"": 0.816}",Log event. No immediate action required. Review at end of shift.,CLS-MD-001,,,,,,synthetic_normal,
493,VIB-NC-001,7,NOTICE,VIB,Vibration Monitoring,144,process_anomaly,M01,OP14,M01_OP14_inst0493,Crest Factor — Within Normal Band,P063,Vibration Crest Factor,-,2.27,1.0,4.5,0.0,12.0,"{""P063"": 2.27, ""P001"": 6807.147, ""P002"": 61.813}",Informational. Parameter approaching limit. Review during next maintenance window.,,,,,,,synthetic_normal,
494,SPN-AD-001,8,ADVISORY,SPN,Spindle Drive System,128,process_anomaly,M01,OP08,M01_OP08_inst0494,Spindle Running at Reduced Speed — Override Active,P001,Spindle Speed,RPM,3996.0,100.0,8000.0,0.0,8500.0,"{""P001"": 3996, ""P083"": 50.378, ""P002"": 81.701, ""P003"": 73.491}",Performance advisory only. No maintenance action required.,SPN-MD-002,,,,,,synthetic_normal,
495,AXS-NC-001,7,NOTICE,AXS,Axis Servo System,130,process_anomaly,M03,OP04,M03_OP04_inst0495,Axis Position — Reference Established,P010,X-Axis Position Error,mm,-0.007,-0.01,0.01,-0.5,0.5,"{""P010"": -0.007, ""P011"": 0.008, ""P012"": 0.008, ""P001"": 4206.098, ""P002"": 59.572}",Informational. Parameter approaching limit. Review during next maintenance window.,,,,,,,synthetic_normal,
496,ELC-WN-001,6,WARNING,ELC,Electrical Cabinet,142,process_anomaly,M02,OP11,M02_OP11_inst0496,DC Bus — Minor Voltage Ripple Detected,P090,DC Bus Voltage,V,591.783,560.0,620.0,480.0,680.0,"{""P090"": 591.783, ""P001"": 855.058, ""P002"": 11.349}",Log event. No immediate action required. Review at end of shift.,ELC-CR-001|ELC-MD-001,,,,,,synthetic_normal,
497,ELC-AD-001,8,ADVISORY,ELC,Electrical Cabinet,142,process_anomaly,M01,OP08,M01_OP08_inst0497,UPS Battery — Fully Charged,P093,UPS Battery Level,%,86.5,80.0,100.0,20.0,100.0,"{""P093"": 86.5, ""P001"": 3536.365, ""P002"": 81.959}",Performance advisory only. No maintenance action required.,,,,,,,synthetic_normal,
498,CLS-NC-001,7,NOTICE,CLS,Coolant System,134,process_anomaly,M02,OP04,M02_OP04_inst0498,Coolant Temperature Stabilised,P031,Coolant Temperature,°C,23.807,15.0,35.0,5.0,45.0,"{""P031"": 23.807, ""P001"": 7415.731, ""P002"": 33.401}",Informational. Parameter approaching limit. Review during next maintenance window.,,,,,,,synthetic_normal,
499,VIB-WN-001,6,WARNING,VIB,Vibration Monitoring,144,process_anomaly,M02,OP07,M02_OP07_inst0499,Vibration — Normal Operating Range,P060,X-Axis Vibration RMS,mm/s,2.678,0.0,4.5,0.0,11.2,"{""P060"": 2.678, ""P061"": 0.336, ""P062"": 0.912, ""P001"": 6261.502, ""P002"": 49.7}",Log event. No immediate action required. Review at end of shift.,,,,,,,synthetic_normal,
500,AXS-NC-001,7,NOTICE,AXS,Axis Servo System,130,process_anomaly,M01,OP02,M01_OP02_inst0500,Axis Position — Reference Established,P010,X-Axis Position Error,mm,-0.004,-0.01,0.01,-0.5,0.5,"{""P010"": -0.004, ""P011"": -0.004, ""P012"": -0.008, ""P001"": 2930.471, ""P002"": 65.479}",Informational. Parameter approaching limit. Review during next maintenance window.,,,,,,,synthetic_normal,
501,THM-AD-001,8,ADVISORY,THM,Thermal Management,146,process_anomaly,M02,OP07,M02_OP07_inst0501,Feed Motor Temperature — Nominal,P072,Feed Drive Motor Temp,°C,30.712,20.0,72.0,0.0,90.0,"{""P072"": 30.712, ""P001"": 1047.317, ""P002"": 13.397}",Performance advisory only. No maintenance action required.,,,,,,,synthetic_normal,
502,LUB-AD-001,8,ADVISORY,LUB,Lubrication System,136,process_anomaly,M03,OP11,M03_OP11_inst0502,Lubrication Oil Level — Nominal,P041,Lubrication Oil Level,%,50.6,25.0,100.0,10.0,100.0,"{""P041"": 50.6, ""P001"": 1798.664, ""P002"": 72.809}",Performance advisory only. No maintenance action required.,,,,,,,synthetic_normal,
503,AXS-NC-001,7,NOTICE,AXS,Axis Servo System,130,process_anomaly,M01,OP11,M01_OP11_inst0503,Axis Position — Reference Established,P010,X-Axis Position Error,mm,-0.006,-0.01,0.01,-0.5,0.5,"{""P010"": -0.006, ""P011"": -0.003, ""P012"": 0.0, ""P001"": 5449.749, ""P002"": 22.114}",Informational. Parameter approaching limit. Review during next maintenance window.,,,,,,,synthetic_normal,
504,TCS-WN-001,6,WARNING,TCS,Tool Change System,132,tool_wear,M01,OP07,M01_OP07_inst0504,Next Tool Pre-Call — Long ATC Cycle Expected,P020,Tool Magazine Position,slot,24.2,1.0,30.0,0.0,31.0,"{""P020"": 24.2, ""P001"": 4492.035, ""P002"": 46.76}",Log event. No immediate action required. Review at end of shift.,,,,,,,synthetic_normal,
505,SPN-AD-001,8,ADVISORY,SPN,Spindle Drive System,128,process_anomaly,M02,OP01,M02_OP01_inst0505,Spindle Running at Reduced Speed — Override Active,P001,Spindle Speed,RPM,3430.0,100.0,8000.0,0.0,8500.0,"{""P001"": 3430, ""P083"": 16.775, ""P002"": 1.016, ""P003"": 65.67}",Performance advisory only. No maintenance action required.,SPN-MD-002,,,,,,synthetic_normal,
506,CLS-WN-001,6,WARNING,CLS,Coolant System,134,process_anomaly,M01,OP02,M01_OP02_inst0506,Coolant Tank — Refill Reminder,P033,Coolant Tank Level,%,83.1,20.0,100.0,5.0,100.0,"{""P033"": 83.1, ""P001"": 3040.694, ""P002"": 53.575}",Log event. No immediate action required. Review at end of shift.,CLS-MD-001,,,,,,synthetic_normal,
507,SPN-NC-002,7,NOTICE,SPN,Spindle Drive System,128,process_anomaly,M03,OP08,M03_OP08_inst0507,Spindle Warm-Up Complete,P003,Spindle Motor Temperature,°C,31.194,20.0,75.0,0.0,95.0,"{""P003"": 31.194, ""P001"": 6520.702, ""P002"": 1.853}",Informational. Parameter approaching limit. Review during next maintenance window.,SPN-WN-002,,,,,,synthetic_normal,
508,SPN-NC-001,7,NOTICE,SPN,Spindle Drive System,128,process_anomaly,M01,OP11,M01_OP11_inst0508,Spindle Speed Program Limit Active,P001,Spindle Speed,RPM,2291.0,100.0,8000.0,0.0,8500.0,"{""P001"": 2291, ""P002"": 10.947, ""P003"": 69.779, ""P004"": 3.732}",Informational. Parameter approaching limit. Review during next maintenance window.,,,,,,,synthetic_normal,
509,VIB-NC-001,7,NOTICE,VIB,Vibration Monitoring,144,process_anomaly,M01,OP01,M01_OP01_inst0509,Crest Factor — Within Normal Band,P063,Vibration Crest Factor,-,2.669,1.0,4.5,0.0,12.0,"{""P063"": 2.669, ""P001"": 500.038, ""P002"": 78.551}",Informational. Parameter approaching limit. Review during next maintenance window.,,,,,,,synthetic_normal,
510,THM-NC-001,7,NOTICE,THM,Thermal Management,146,process_anomaly,M03,OP07,M03_OP07_inst0510,Thermal Compensation Active,P070,Ambient Temperature,°C,20.969,15.0,35.0,5.0,45.0,"{""P070"": 20.969, ""P003"": 41.05, ""P001"": 3470.646, ""P002"": 30.085}",Informational. Parameter approaching limit. Review during next maintenance window.,,,,,,,synthetic_normal,
511,TCS-WN-001,6,WARNING,TCS,Tool Change System,132,tool_wear,M02,OP04,M02_OP04_inst0511,Next Tool Pre-Call — Long ATC Cycle Expected,P020,Tool Magazine Position,slot,20.0,1.0,30.0,0.0,31.0,"{""P020"": 20.0, ""P001"": 1274.188, ""P002"": 52.199}",Log event. No immediate action required. Review at end of shift.,,,,,,,synthetic_normal,
512,CLS-NC-001,7,NOTICE,CLS,Coolant System,134,process_anomaly,M03,OP04,M03_OP04_inst0512,Coolant Temperature Stabilised,P031,Coolant Temperature,°C,20.991,15.0,35.0,5.0,45.0,"{""P031"": 20.991, ""P001"": 7073.951, ""P002"": 40.718}",Informational. Parameter approaching limit. Review during next maintenance window.,,,,,,,synthetic_normal,
513,SPN-NC-002,7,NOTICE,SPN,Spindle Drive System,128,process_anomaly,M02,OP07,M02_OP07_inst0513,Spindle Warm-Up Complete,P003,Spindle Motor Temperature,°C,28.519,20.0,75.0,0.0,95.0,"{""P003"": 28.519, ""P001"": 1675.717, ""P002"": 75.195}",Informational. Parameter approaching limit. Review during next maintenance window.,SPN-WN-002,,,,,,synthetic_normal,
514,CLS-NC-001,7,NOTICE,CLS,Coolant System,134,process_anomaly,M03,OP14,M03_OP14_inst0514,Coolant Temperature Stabilised,P031,Coolant Temperature,°C,21.349,15.0,35.0,5.0,45.0,"{""P031"": 21.349, ""P001"": 254.287, ""P002"": 32.512}",Informational. Parameter approaching limit. Review during next maintenance window.,,,,,,,synthetic_normal,
515,VIB-AD-001,8,ADVISORY,VIB,Vibration Monitoring,144,process_anomaly,M02,OP08,M02_OP08_inst0515,Vibration Baseline Update,P060,X-Axis Vibration RMS,mm/s,1.857,0.0,4.5,0.0,11.2,"{""P060"": 1.857, ""P061"": 1.548, ""P062"": 2.545, ""P001"": 2640.675, ""P002"": 22.987}",Performance advisory only. No maintenance action required.,,,,,,,synthetic_normal,
516,SPN-WN-002,6,WARNING,SPN,Spindle Drive System,128,spindle_bearing_fault,M02,OP08,M02_OP08_inst0516,Spindle Temperature — Warm-Up Reminder,P003,Spindle Motor Temperature,°C,51.716,20.0,75.0,0.0,95.0,"{""P003"": 51.716, ""P001"": 7176.542, ""P002"": 66.176}",Log event. No immediate action required. Review at end of shift.,SPN-MN-002|THM-NC-001,,,,,,synthetic_normal,
517,SPN-WN-004,6,WARNING,SPN,Spindle Drive System,128,tool_wear,M02,OP08,M02_OP08_inst0517,Spindle Load Variance — Increased Part-to-Part Variation,P002,Spindle Load,%,53.1,0.0,85.0,0.0,105.0,"{""P002"": 53.1, ""P001"": 4713.512, ""P003"": 32.802}",Log event. No immediate action required. Review at end of shift.,SPN-MN-001|CLS-WN-001,,,,,,synthetic_normal,
518,AXS-AD-001,8,ADVISORY,AXS,Axis Servo System,130,process_anomaly,M01,OP02,M01_OP02_inst0518,Rapid Override Active,P083,Feed Override,%,43.5,0.0,120.0,0.0,150.0,"{""P083"": 43.5, ""P001"": 2205.563, ""P002"": 69.384}",Performance advisory only. No maintenance action required.,,,,,,,synthetic_normal,
519,SPN-WN-004,6,WARNING,SPN,Spindle Drive System,128,tool_wear,M01,OP08,M01_OP08_inst0519,Spindle Load Variance — Increased Part-to-Part Variation,P002,Spindle Load,%,67.7,0.0,85.0,0.0,105.0,"{""P002"": 67.7, ""P001"": 6399.386, ""P003"": 39.514}",Log event. No immediate action required. Review at end of shift.,SPN-MN-001|CLS-WN-001,,,,,,synthetic_normal,
520,TCS-WN-001,6,WARNING,TCS,Tool Change System,132,tool_wear,M01,OP02,M01_OP02_inst0520,Next Tool Pre-Call — Long ATC Cycle Expected,P020,Tool Magazine Position,slot,21.5,1.0,30.0,0.0,31.0,"{""P020"": 21.5, ""P001"": 6469.061, ""P002"": 59.298}",Log event. No immediate action required. Review at end of shift.,,,,,,,synthetic_normal,
